insert into Versioning ( VERSIONID, DESCRIPTION, STATUS, TECHPACK_NAME, TECHPACK_VERSION, TECHPACK_TYPE, PRODUCT_NUMBER, LOCKEDBY, LOCKDATE, BASEDEFINITION, BASEVERSION, INSTALLDESCRIPTION, UNIVERSENAME, UNIVERSEEXTENSION, ENIQ_LEVEL, LICENSENAME ) values ( 'DC_E_AFG:((13))', 'Ericsson AFG', 1, 'DC_E_AFG', 'R5A', 'PM', 'COA1011196', 'TPC-R1A38', '2020-08-27 01:35:13.0', 'TP_BASE:BASE_TP_20160518', null, null, null, null, '20.4.8', 'CXC4012351' );
insert into Supportedvendorrelease ( VERSIONID, VENDORRELEASE ) values ( 'DC_E_AFG:((13))', 'vAFG 2.0' );
insert into Supportedvendorrelease ( VERSIONID, VENDORRELEASE ) values ( 'DC_E_AFG:((13))', 'vAFG 2.1' );
insert into Supportedvendorrelease ( VERSIONID, VENDORRELEASE ) values ( 'DC_E_AFG:((13))', 'vAFG 2.3' );
insert into Supportedvendorrelease ( VERSIONID, VENDORRELEASE ) values ( 'DC_E_AFG:((13))', 'vAFG 2.4' );
insert into Supportedvendorrelease ( VERSIONID, VENDORRELEASE ) values ( 'DC_E_AFG:((13))', 'vAFG 2.5' );
insert into Measurementtypeclass ( TYPECLASSID, VERSIONID, DESCRIPTION ) values ( 'DC_E_AFG:((13)):DC_E_AFG_AFG', 'DC_E_AFG:((13))', 'AFG' );
insert into Measurementtypeclass ( TYPECLASSID, VERSIONID, DESCRIPTION ) values ( 'DC_E_AFG:((13)):DC_E_AFG_DEFAULT', 'DC_E_AFG:((13))', 'DEFAULT' );
insert into Measurementtype ( TYPEID, TYPECLASSID, TYPENAME, VENDORID, FOLDERNAME, DESCRIPTION, STATUS, VERSIONID, OBJECTID, OBJECTNAME, OBJECTVERSION, OBJECTTYPE, JOINABLE, SIZING, TOTALAGG, ELEMENTBHSUPPORT, RANKINGTABLE, DELTACALCSUPPORT, PLAINTABLE, UNIVERSEEXTENSION, VECTORSUPPORT, DATAFORMATSUPPORT, FOLLOWJOHN, ONEMINAGG, FIFTEENMINAGG, EVENTSCALCTABLE, MIXEDPARTITIONSTABLE, LOADFILE_DUP_CHECK, SONAGG, SONFIFTEENMINAGG, ROPGRPCELL ) values ( 'DC_E_AFG:((13)):DC_E_AFG_AGG_PROXY', 'DC_E_AFG:((13)):DC_E_AFG_AFG', 'DC_E_AFG_AGG_PROXY', 'DC_E_AFG', 'DC_E_AFG_AGG_PROXY', 'The table  specifies the aggregationProxyPmModule module', null, 'DC_E_AFG:((13))', 'DC_E_AFG:((13)):DC_E_AFG_AGG_PROXY', 'DC_E_AFG_AGG_PROXY', null, null, '', 'medium', 1, 0, 0, 0, 0, 'ALL', 0, 1, null, null, null, null, null, null, null, null, null );
insert into Measurementtype ( TYPEID, TYPECLASSID, TYPENAME, VENDORID, FOLDERNAME, DESCRIPTION, STATUS, VERSIONID, OBJECTID, OBJECTNAME, OBJECTVERSION, OBJECTTYPE, JOINABLE, SIZING, TOTALAGG, ELEMENTBHSUPPORT, RANKINGTABLE, DELTACALCSUPPORT, PLAINTABLE, UNIVERSEEXTENSION, VECTORSUPPORT, DATAFORMATSUPPORT, FOLLOWJOHN, ONEMINAGG, FIFTEENMINAGG, EVENTSCALCTABLE, MIXEDPARTITIONSTABLE, LOADFILE_DUP_CHECK, SONAGG, SONFIFTEENMINAGG, ROPGRPCELL ) values ( 'DC_E_AFG:((13)):DC_E_AFG_BOOTSTRAP_FUNC', 'DC_E_AFG:((13)):DC_E_AFG_AFG', 'DC_E_AFG_BOOTSTRAP_FUNC', 'DC_E_AFG', 'DC_E_AFG_BOOTSTRAP_FUNC', 'The table specifies the bsfPmModule module', null, 'DC_E_AFG:((13))', 'DC_E_AFG:((13)):DC_E_AFG_BOOTSTRAP_FUNC', 'DC_E_AFG_BOOTSTRAP_FUNC', null, null, '', 'medium', 1, 0, 0, 0, 0, 'ALL', 0, 1, null, null, null, null, null, null, null, null, null );
insert into Measurementtype ( TYPEID, TYPECLASSID, TYPENAME, VENDORID, FOLDERNAME, DESCRIPTION, STATUS, VERSIONID, OBJECTID, OBJECTNAME, OBJECTVERSION, OBJECTTYPE, JOINABLE, SIZING, TOTALAGG, ELEMENTBHSUPPORT, RANKINGTABLE, DELTACALCSUPPORT, PLAINTABLE, UNIVERSEEXTENSION, VECTORSUPPORT, DATAFORMATSUPPORT, FOLLOWJOHN, ONEMINAGG, FIFTEENMINAGG, EVENTSCALCTABLE, MIXEDPARTITIONSTABLE, LOADFILE_DUP_CHECK, SONAGG, SONFIFTEENMINAGG, ROPGRPCELL ) values ( 'DC_E_AFG:((13)):DC_E_AFG_DIAMETER', 'DC_E_AFG:((13)):DC_E_AFG_AFG', 'DC_E_AFG_DIAMETER', 'DC_E_AFG', 'DC_E_AFG_DIAMETER', 'The table  specifies the diameterPmModule module.', null, 'DC_E_AFG:((13))', 'DC_E_AFG:((13)):DC_E_AFG_DIAMETER', 'DC_E_AFG_DIAMETER', null, null, '', 'medium', 1, 0, 0, 0, 0, 'ALL', 0, 1, null, null, null, null, null, null, null, null, null );
insert into Measurementtype ( TYPEID, TYPECLASSID, TYPENAME, VENDORID, FOLDERNAME, DESCRIPTION, STATUS, VERSIONID, OBJECTID, OBJECTNAME, OBJECTVERSION, OBJECTTYPE, JOINABLE, SIZING, TOTALAGG, ELEMENTBHSUPPORT, RANKINGTABLE, DELTACALCSUPPORT, PLAINTABLE, UNIVERSEEXTENSION, VECTORSUPPORT, DATAFORMATSUPPORT, FOLLOWJOHN, ONEMINAGG, FIFTEENMINAGG, EVENTSCALCTABLE, MIXEDPARTITIONSTABLE, LOADFILE_DUP_CHECK, SONAGG, SONFIFTEENMINAGG, ROPGRPCELL ) values ( 'DC_E_AFG:((13)):DC_E_AFG_OPENID_CONN', 'DC_E_AFG:((13)):DC_E_AFG_AFG', 'DC_E_AFG_OPENID_CONN', 'DC_E_AFG', 'DC_E_AFG_OPENID_CONN', 'The table specifies the opnafPmModule module.', null, 'DC_E_AFG:((13))', 'DC_E_AFG:((13)):DC_E_AFG_OPENID_CONN', 'DC_E_AFG_OPENID_CONN', null, null, '', 'medium', 1, 0, 0, 0, 0, 'ALL', 0, 1, null, null, null, null, null, null, null, null, null );
insert into Measurementtype ( TYPEID, TYPECLASSID, TYPENAME, VENDORID, FOLDERNAME, DESCRIPTION, STATUS, VERSIONID, OBJECTID, OBJECTNAME, OBJECTVERSION, OBJECTTYPE, JOINABLE, SIZING, TOTALAGG, ELEMENTBHSUPPORT, RANKINGTABLE, DELTACALCSUPPORT, PLAINTABLE, UNIVERSEEXTENSION, VECTORSUPPORT, DATAFORMATSUPPORT, FOLLOWJOHN, ONEMINAGG, FIFTEENMINAGG, EVENTSCALCTABLE, MIXEDPARTITIONSTABLE, LOADFILE_DUP_CHECK, SONAGG, SONFIFTEENMINAGG, ROPGRPCELL ) values ( 'DC_E_AFG:((13)):DC_E_AFG_TRUSTEDPROXY', 'DC_E_AFG:((13)):DC_E_AFG_AFG', 'DC_E_AFG_TRUSTEDPROXY', 'DC_E_AFG', 'DC_E_AFG_TRUSTEDPROXY', 'The table specifies the trustedProxyPmModule module.', null, 'DC_E_AFG:((13))', 'DC_E_AFG:((13)):DC_E_AFG_TRUSTEDPROXY', 'DC_E_AFG_TRUSTEDPROXY', null, null, '', 'medium', 1, 0, 0, 0, 0, 'ALL', 0, 1, null, null, null, null, null, null, null, null, null );
insert into Measurementtype ( TYPEID, TYPECLASSID, TYPENAME, VENDORID, FOLDERNAME, DESCRIPTION, STATUS, VERSIONID, OBJECTID, OBJECTNAME, OBJECTVERSION, OBJECTTYPE, JOINABLE, SIZING, TOTALAGG, ELEMENTBHSUPPORT, RANKINGTABLE, DELTACALCSUPPORT, PLAINTABLE, UNIVERSEEXTENSION, VECTORSUPPORT, DATAFORMATSUPPORT, FOLLOWJOHN, ONEMINAGG, FIFTEENMINAGG, EVENTSCALCTABLE, MIXEDPARTITIONSTABLE, LOADFILE_DUP_CHECK, SONAGG, SONFIFTEENMINAGG, ROPGRPCELL ) values ( 'DC_E_AFG:((13)):DC_E_AFG_VIRTUAL_GATEWAY', 'DC_E_AFG:((13)):DC_E_AFG_AFG', 'DC_E_AFG_VIRTUAL_GATEWAY', 'DC_E_AFG', 'DC_E_AFG_VIRTUAL_GATEWAY', 'The table specifies the virtualGatewayPmModule module.', null, 'DC_E_AFG:((13))', 'DC_E_AFG:((13)):DC_E_AFG_VIRTUAL_GATEWAY', 'DC_E_AFG_VIRTUAL_GATEWAY', null, null, '', 'medium', 1, 0, 0, 0, 0, 'ALL', 0, 1, null, null, null, null, null, null, null, null, null );
insert into Measurementtype ( TYPEID, TYPECLASSID, TYPENAME, VENDORID, FOLDERNAME, DESCRIPTION, STATUS, VERSIONID, OBJECTID, OBJECTNAME, OBJECTVERSION, OBJECTTYPE, JOINABLE, SIZING, TOTALAGG, ELEMENTBHSUPPORT, RANKINGTABLE, DELTACALCSUPPORT, PLAINTABLE, UNIVERSEEXTENSION, VECTORSUPPORT, DATAFORMATSUPPORT, FOLLOWJOHN, ONEMINAGG, FIFTEENMINAGG, EVENTSCALCTABLE, MIXEDPARTITIONSTABLE, LOADFILE_DUP_CHECK, SONAGG, SONFIFTEENMINAGG, ROPGRPCELL ) values ( 'DC_E_AFG:((13)):DC_E_AFG_AFGBH', 'DC_E_AFG:((13)):DC_E_AFG_DEFAULT', 'DC_E_AFG_AFGBH', 'DC_E_AFG', 'DC_E_AFG_AFGBH', 'AFG Busy Hour', null, 'DC_E_AFG:((13))', 'DC_E_AFG:((13)):DC_E_AFG_AFGBH', 'DC_E_AFG_AFGBH', null, null, '', 'medium', 0, 0, 1, 0, 0, 'ALL', 0, 1, null, null, null, null, null, null, null, null, null );
insert into Measurementtype ( TYPEID, TYPECLASSID, TYPENAME, VENDORID, FOLDERNAME, DESCRIPTION, STATUS, VERSIONID, OBJECTID, OBJECTNAME, OBJECTVERSION, OBJECTTYPE, JOINABLE, SIZING, TOTALAGG, ELEMENTBHSUPPORT, RANKINGTABLE, DELTACALCSUPPORT, PLAINTABLE, UNIVERSEEXTENSION, VECTORSUPPORT, DATAFORMATSUPPORT, FOLLOWJOHN, ONEMINAGG, FIFTEENMINAGG, EVENTSCALCTABLE, MIXEDPARTITIONSTABLE, LOADFILE_DUP_CHECK, SONAGG, SONFIFTEENMINAGG, ROPGRPCELL ) values ( 'DC_E_AFG:((13)):DC_E_AFG_SYSTEM', 'DC_E_AFG:((13)):DC_E_AFG_AFG', 'DC_E_AFG_SYSTEM', 'DC_E_AFG', 'DC_E_AFG_SYSTEM', 'The table specifies the virtualGatewayPmModule module.', null, 'DC_E_AFG:((13))', 'DC_E_AFG:((13)):DC_E_AFG_SYSTEM', 'DC_E_AFG_SYSTEM', null, null, '', 'medium', 1, 0, 0, 0, 0, 'ALL', 0, 1, null, null, null, null, null, null, null, null, null );
insert into Measurementcounter ( TYPEID, DATANAME, DESCRIPTION, TIMEAGGREGATION, GROUPAGGREGATION, COUNTAGGREGATION, COLNUMBER, DATATYPE, DATASIZE, DATASCALE, INCLUDESQL, UNIVOBJECT, UNIVCLASS, COUNTERTYPE, COUNTERPROCESS, DATAID, FOLLOWJOHN ) values ( 'DC_E_AFG:((13)):DC_E_AFG_AGG_PROXY', 'apSubCntSsoVpActSubCount_actual', 'Number of active subscribers using the Aggregation Proxy Auth Pkg VP', 'AVG', 'AVG', '', 1, 'numeric', 24, 4, 1, 'apSubCntSsoVpActSubCount_actual', '', 'GAUGE', 'GAUGE', 'apSubCntSsoVpActSubCount.actual', null );
insert into Measurementcounter ( TYPEID, DATANAME, DESCRIPTION, TIMEAGGREGATION, GROUPAGGREGATION, COUNTAGGREGATION, COLNUMBER, DATATYPE, DATASIZE, DATASCALE, INCLUDESQL, UNIVOBJECT, UNIVCLASS, COUNTERTYPE, COUNTERPROCESS, DATAID, FOLLOWJOHN ) values ( 'DC_E_AFG:((13)):DC_E_AFG_AGG_PROXY', 'apSubCntSsoVpActSubCount_max', 'Number of active subscribers using the Aggregation Proxy Auth Pkg VP', 'MAX', 'AVG', '', 3, 'numeric', 24, 4, 1, 'apSubCntSsoVpActSubCount_max', '', 'GAUGE', 'GAUGE', 'apSubCntSsoVpActSubCount.max', null );
insert into Measurementcounter ( TYPEID, DATANAME, DESCRIPTION, TIMEAGGREGATION, GROUPAGGREGATION, COUNTAGGREGATION, COLNUMBER, DATATYPE, DATASIZE, DATASCALE, INCLUDESQL, UNIVOBJECT, UNIVCLASS, COUNTERTYPE, COUNTERPROCESS, DATAID, FOLLOWJOHN ) values ( 'DC_E_AFG:((13)):DC_E_AFG_AGG_PROXY', 'apSubCntSsoVpActSubCount_min', 'Number of active subscribers using the Aggregation Proxy Auth Pkg VP', 'MIN', 'AVG', '', 2, 'numeric', 24, 4, 1, 'apSubCntSsoVpActSubCount_min', '', 'GAUGE', 'GAUGE', 'apSubCntSsoVpActSubCount.min', null );
insert into Measurementcounter ( TYPEID, DATANAME, DESCRIPTION, TIMEAGGREGATION, GROUPAGGREGATION, COUNTAGGREGATION, COLNUMBER, DATATYPE, DATASIZE, DATASCALE, INCLUDESQL, UNIVOBJECT, UNIVCLASS, COUNTERTYPE, COUNTERPROCESS, DATAID, FOLLOWJOHN ) values ( 'DC_E_AFG:((13)):DC_E_AFG_AGG_PROXY', 'apSubCntSsoVpMaxSubCount_actual', 'Maximum number of active subscribers allowed to use the Aggregation Proxy Auth Pkg VP according to the license available', 'SUM', 'SUM', '', 4, 'numeric', 20, 0, 1, 'apSubCntSsoVpMaxSubCount_actual', '', 'PEG', 'PEG', 'apSubCntSsoVpMaxSubCount.actual', null );
insert into Measurementcounter ( TYPEID, DATANAME, DESCRIPTION, TIMEAGGREGATION, GROUPAGGREGATION, COUNTAGGREGATION, COLNUMBER, DATATYPE, DATASIZE, DATASCALE, INCLUDESQL, UNIVOBJECT, UNIVCLASS, COUNTERTYPE, COUNTERPROCESS, DATAID, FOLLOWJOHN ) values ( 'DC_E_AFG:((13)):DC_E_AFG_AGG_PROXY', 'apSubCntSsoVpMaxSubCount_delta', 'Maximum number of active subscribers allowed to use the Aggregation Proxy Auth Pkg VP according to the license available', 'SUM', 'SUM', '', 5, 'numeric', 20, 0, 1, 'apSubCntSsoVpMaxSubCount_delta', '', 'PEG', 'PEG', 'apSubCntSsoVpMaxSubCount.delta', null );
insert into Measurementcounter ( TYPEID, DATANAME, DESCRIPTION, TIMEAGGREGATION, GROUPAGGREGATION, COUNTAGGREGATION, COLNUMBER, DATATYPE, DATASIZE, DATASCALE, INCLUDESQL, UNIVOBJECT, UNIVCLASS, COUNTERTYPE, COUNTERPROCESS, DATAID, FOLLOWJOHN ) values ( 'DC_E_AFG:((13)):DC_E_AFG_AGG_PROXY', 'cnpCntInboundReqFailed403_actual', 'Total number of failed inbound requests handled by Terminating CNP with error code 403.', 'SUM', 'SUM', '', 8, 'numeric', 20, 0, 1, 'cnpCntInboundReqFailed403_actual', '', 'PEG', 'PEG', 'cnpCntInboundReqFailed403.actual', null );
insert into Measurementcounter ( TYPEID, DATANAME, DESCRIPTION, TIMEAGGREGATION, GROUPAGGREGATION, COUNTAGGREGATION, COLNUMBER, DATATYPE, DATASIZE, DATASCALE, INCLUDESQL, UNIVOBJECT, UNIVCLASS, COUNTERTYPE, COUNTERPROCESS, DATAID, FOLLOWJOHN ) values ( 'DC_E_AFG:((13)):DC_E_AFG_AGG_PROXY', 'cnpCntInboundReqFailed403_delta', 'Total number of failed inbound requests handled by Terminating CNP with error code 403.', 'SUM', 'SUM', '', 9, 'numeric', 20, 0, 1, 'cnpCntInboundReqFailed403_delta', '', 'PEG', 'PEG', 'cnpCntInboundReqFailed403.delta', null );
insert into Measurementcounter ( TYPEID, DATANAME, DESCRIPTION, TIMEAGGREGATION, GROUPAGGREGATION, COUNTAGGREGATION, COLNUMBER, DATATYPE, DATASIZE, DATASCALE, INCLUDESQL, UNIVOBJECT, UNIVCLASS, COUNTERTYPE, COUNTERPROCESS, DATAID, FOLLOWJOHN ) values ( 'DC_E_AFG:((13)):DC_E_AFG_AGG_PROXY', 'cnpCntInboundReqFailed404_actual', 'Total number of failed inbound requests handled by Terminating CNP with error code 404.', 'SUM', 'SUM', '', 10, 'numeric', 20, 0, 1, 'cnpCntInboundReqFailed404_actual', '', 'PEG', 'PEG', 'cnpCntInboundReqFailed404.actual', null );
insert into Measurementcounter ( TYPEID, DATANAME, DESCRIPTION, TIMEAGGREGATION, GROUPAGGREGATION, COUNTAGGREGATION, COLNUMBER, DATATYPE, DATASIZE, DATASCALE, INCLUDESQL, UNIVOBJECT, UNIVCLASS, COUNTERTYPE, COUNTERPROCESS, DATAID, FOLLOWJOHN ) values ( 'DC_E_AFG:((13)):DC_E_AFG_AGG_PROXY', 'cnpCntInboundReqFailed404_delta', 'Total number of failed inbound requests handled by Terminating CNP with error code 404.', 'SUM', 'SUM', '', 11, 'numeric', 20, 0, 1, 'cnpCntInboundReqFailed404_delta', '', 'PEG', 'PEG', 'cnpCntInboundReqFailed404.delta', null );
insert into Measurementcounter ( TYPEID, DATANAME, DESCRIPTION, TIMEAGGREGATION, GROUPAGGREGATION, COUNTAGGREGATION, COLNUMBER, DATATYPE, DATASIZE, DATASCALE, INCLUDESQL, UNIVOBJECT, UNIVCLASS, COUNTERTYPE, COUNTERPROCESS, DATAID, FOLLOWJOHN ) values ( 'DC_E_AFG:((13)):DC_E_AFG_AGG_PROXY', 'cnpCntInboundReqFailedOthers_actual', 'Total number of failed inbound requests handled by Terminating CNP other than error code 403 or 404.', 'SUM', 'SUM', '', 12, 'numeric', 20, 0, 1, 'cnpCntInboundReqFailedOthers_actual', '', 'PEG', 'PEG', 'cnpCntInboundReqFailedOthers.actual', null );
insert into Measurementcounter ( TYPEID, DATANAME, DESCRIPTION, TIMEAGGREGATION, GROUPAGGREGATION, COUNTAGGREGATION, COLNUMBER, DATATYPE, DATASIZE, DATASCALE, INCLUDESQL, UNIVOBJECT, UNIVCLASS, COUNTERTYPE, COUNTERPROCESS, DATAID, FOLLOWJOHN ) values ( 'DC_E_AFG:((13)):DC_E_AFG_AGG_PROXY', 'cnpCntInboundReqFailedOthers_delta', 'Total number of failed inbound requests handled by Terminating CNP other than error code 403 or 404.', 'SUM', 'SUM', '', 13, 'numeric', 20, 0, 1, 'cnpCntInboundReqFailedOthers_delta', '', 'PEG', 'PEG', 'cnpCntInboundReqFailedOthers.delta', null );
insert into Measurementcounter ( TYPEID, DATANAME, DESCRIPTION, TIMEAGGREGATION, GROUPAGGREGATION, COUNTAGGREGATION, COLNUMBER, DATATYPE, DATASIZE, DATASCALE, INCLUDESQL, UNIVOBJECT, UNIVCLASS, COUNTERTYPE, COUNTERPROCESS, DATAID, FOLLOWJOHN ) values ( 'DC_E_AFG:((13)):DC_E_AFG_AGG_PROXY', 'cnpCntInboundReq_actual', 'Total number of all inbound requests received by Terminating CNP.', 'SUM', 'SUM', '', 6, 'numeric', 20, 0, 1, 'cnpCntInboundReq_actual', '', 'PEG', 'PEG', 'cnpCntInboundReq.actual', null );
insert into Measurementcounter ( TYPEID, DATANAME, DESCRIPTION, TIMEAGGREGATION, GROUPAGGREGATION, COUNTAGGREGATION, COLNUMBER, DATATYPE, DATASIZE, DATASCALE, INCLUDESQL, UNIVOBJECT, UNIVCLASS, COUNTERTYPE, COUNTERPROCESS, DATAID, FOLLOWJOHN ) values ( 'DC_E_AFG:((13)):DC_E_AFG_AGG_PROXY', 'cnpCntInboundReq_delta', 'Total number of all inbound requests received by Terminating CNP.', 'SUM', 'SUM', '', 7, 'numeric', 20, 0, 1, 'cnpCntInboundReq_delta', '', 'PEG', 'PEG', 'cnpCntInboundReq.delta', null );
insert into Measurementcounter ( TYPEID, DATANAME, DESCRIPTION, TIMEAGGREGATION, GROUPAGGREGATION, COUNTAGGREGATION, COLNUMBER, DATATYPE, DATASIZE, DATASCALE, INCLUDESQL, UNIVOBJECT, UNIVCLASS, COUNTERTYPE, COUNTERPROCESS, DATAID, FOLLOWJOHN ) values ( 'DC_E_AFG:((13)):DC_E_AFG_AGG_PROXY', 'cnpCntOutboundReqFailed404_actual', 'Total number of failed outbound requests handled by Originating CNP with error code 404.', 'SUM', 'SUM', '', 16, 'numeric', 20, 0, 1, 'cnpCntOutboundReqFailed404_actual', '', 'PEG', 'PEG', 'cnpCntOutboundReqFailed404.actual', null );
insert into Measurementcounter ( TYPEID, DATANAME, DESCRIPTION, TIMEAGGREGATION, GROUPAGGREGATION, COUNTAGGREGATION, COLNUMBER, DATATYPE, DATASIZE, DATASCALE, INCLUDESQL, UNIVOBJECT, UNIVCLASS, COUNTERTYPE, COUNTERPROCESS, DATAID, FOLLOWJOHN ) values ( 'DC_E_AFG:((13)):DC_E_AFG_AGG_PROXY', 'cnpCntOutboundReqFailed404_delta', 'Total number of failed outbound requests handled by Originating CNP with error code 404.', 'SUM', 'SUM', '', 17, 'numeric', 20, 0, 1, 'cnpCntOutboundReqFailed404_delta', '', 'PEG', 'PEG', 'cnpCntOutboundReqFailed404.delta', null );
insert into Measurementcounter ( TYPEID, DATANAME, DESCRIPTION, TIMEAGGREGATION, GROUPAGGREGATION, COUNTAGGREGATION, COLNUMBER, DATATYPE, DATASIZE, DATASCALE, INCLUDESQL, UNIVOBJECT, UNIVCLASS, COUNTERTYPE, COUNTERPROCESS, DATAID, FOLLOWJOHN ) values ( 'DC_E_AFG:((13)):DC_E_AFG_AGG_PROXY', 'cnpCntOutboundReqFailedOthers_actual', 'Total number of failed outbound requests handled by Originating CNP other than error code 404.', 'SUM', 'SUM', '', 18, 'numeric', 20, 0, 1, 'cnpCntOutboundReqFailedOthers_actual', '', 'PEG', 'PEG', 'cnpCntOutboundReqFailedOthers.actual', null );
insert into Measurementcounter ( TYPEID, DATANAME, DESCRIPTION, TIMEAGGREGATION, GROUPAGGREGATION, COUNTAGGREGATION, COLNUMBER, DATATYPE, DATASIZE, DATASCALE, INCLUDESQL, UNIVOBJECT, UNIVCLASS, COUNTERTYPE, COUNTERPROCESS, DATAID, FOLLOWJOHN ) values ( 'DC_E_AFG:((13)):DC_E_AFG_AGG_PROXY', 'cnpCntOutboundReqFailedOthers_delta', 'Total number of failed outbound requests handled by Originating CNP other than error code 404.', 'SUM', 'SUM', '', 19, 'numeric', 20, 0, 1, 'cnpCntOutboundReqFailedOthers_delta', '', 'PEG', 'PEG', 'cnpCntOutboundReqFailedOthers.delta', null );
insert into Measurementcounter ( TYPEID, DATANAME, DESCRIPTION, TIMEAGGREGATION, GROUPAGGREGATION, COUNTAGGREGATION, COLNUMBER, DATATYPE, DATASIZE, DATASCALE, INCLUDESQL, UNIVOBJECT, UNIVCLASS, COUNTERTYPE, COUNTERPROCESS, DATAID, FOLLOWJOHN ) values ( 'DC_E_AFG:((13)):DC_E_AFG_AGG_PROXY', 'cnpCntOutboundReq_actual', 'Total number of requests received by the Originating CNP', 'SUM', 'SUM', '', 14, 'numeric', 20, 0, 1, 'cnpCntOutboundReq_actual', '', 'PEG', 'PEG', 'cnpCntOutboundReq.actual', null );
insert into Measurementcounter ( TYPEID, DATANAME, DESCRIPTION, TIMEAGGREGATION, GROUPAGGREGATION, COUNTAGGREGATION, COLNUMBER, DATATYPE, DATASIZE, DATASCALE, INCLUDESQL, UNIVOBJECT, UNIVCLASS, COUNTERTYPE, COUNTERPROCESS, DATAID, FOLLOWJOHN ) values ( 'DC_E_AFG:((13)):DC_E_AFG_AGG_PROXY', 'cnpCntOutboundReq_delta', 'Total number of requests received by the Originating CNP', 'SUM', 'SUM', '', 15, 'numeric', 20, 0, 1, 'cnpCntOutboundReq_delta', '', 'PEG', 'PEG', 'cnpCntOutboundReq.delta', null );
insert into Measurementcounter ( TYPEID, DATANAME, DESCRIPTION, TIMEAGGREGATION, GROUPAGGREGATION, COUNTAGGREGATION, COLNUMBER, DATATYPE, DATASIZE, DATASCALE, INCLUDESQL, UNIVOBJECT, UNIVCLASS, COUNTERTYPE, COUNTERPROCESS, DATAID, FOLLOWJOHN ) values ( 'DC_E_AFG:((13)):DC_E_AFG_AGG_PROXY', 'mediaCntAuthFailed_actual', 'Number of all failed Media authentication request.', 'SUM', 'SUM', '', 20, 'numeric', 20, 0, 1, 'mediaCntAuthFailed_actual', '', 'PEG', 'PEG', 'mediaCntAuthFailed.actual', null );
insert into Measurementcounter ( TYPEID, DATANAME, DESCRIPTION, TIMEAGGREGATION, GROUPAGGREGATION, COUNTAGGREGATION, COLNUMBER, DATATYPE, DATASIZE, DATASCALE, INCLUDESQL, UNIVOBJECT, UNIVCLASS, COUNTERTYPE, COUNTERPROCESS, DATAID, FOLLOWJOHN ) values ( 'DC_E_AFG:((13)):DC_E_AFG_AGG_PROXY', 'mediaCntAuthFailed_delta', 'Number of all failed Media authentication request.', 'SUM', 'SUM', '', 21, 'numeric', 20, 0, 1, 'mediaCntAuthFailed_delta', '', 'PEG', 'PEG', 'mediaCntAuthFailed.delta', null );
insert into Measurementcounter ( TYPEID, DATANAME, DESCRIPTION, TIMEAGGREGATION, GROUPAGGREGATION, COUNTAGGREGATION, COLNUMBER, DATATYPE, DATASIZE, DATASCALE, INCLUDESQL, UNIVOBJECT, UNIVCLASS, COUNTERTYPE, COUNTERPROCESS, DATAID, FOLLOWJOHN ) values ( 'DC_E_AFG:((13)):DC_E_AFG_AGG_PROXY', 'mediaCntAuthGbaMeReq_actual', 'Number of Media ME-based GBA authentication requests (GBA_ME and GBA_U).', 'SUM', 'SUM', '', 22, 'numeric', 20, 0, 1, 'mediaCntAuthGbaMeReq_actual', '', 'PEG', 'PEG', 'mediaCntAuthGbaMeReq.actual', null );
insert into Measurementcounter ( TYPEID, DATANAME, DESCRIPTION, TIMEAGGREGATION, GROUPAGGREGATION, COUNTAGGREGATION, COLNUMBER, DATATYPE, DATASIZE, DATASCALE, INCLUDESQL, UNIVOBJECT, UNIVCLASS, COUNTERTYPE, COUNTERPROCESS, DATAID, FOLLOWJOHN ) values ( 'DC_E_AFG:((13)):DC_E_AFG_AGG_PROXY', 'mediaCntAuthGbaMeReq_delta', 'Number of Media ME-based GBA authentication requests (GBA_ME and GBA_U).', 'SUM', 'SUM', '', 23, 'numeric', 20, 0, 1, 'mediaCntAuthGbaMeReq_delta', '', 'PEG', 'PEG', 'mediaCntAuthGbaMeReq.delta', null );
insert into Measurementcounter ( TYPEID, DATANAME, DESCRIPTION, TIMEAGGREGATION, GROUPAGGREGATION, COUNTAGGREGATION, COLNUMBER, DATATYPE, DATASIZE, DATASCALE, INCLUDESQL, UNIVOBJECT, UNIVCLASS, COUNTERTYPE, COUNTERPROCESS, DATAID, FOLLOWJOHN ) values ( 'DC_E_AFG:((13)):DC_E_AFG_AGG_PROXY', 'mediaCntAuthGbaReq_actual', 'Number of Media GBA authentication requests.', 'SUM', 'SUM', '', 24, 'numeric', 20, 0, 1, 'mediaCntAuthGbaReq_actual', '', 'PEG', 'PEG', 'mediaCntAuthGbaReq.actual', null );
insert into Measurementcounter ( TYPEID, DATANAME, DESCRIPTION, TIMEAGGREGATION, GROUPAGGREGATION, COUNTAGGREGATION, COLNUMBER, DATATYPE, DATASIZE, DATASCALE, INCLUDESQL, UNIVOBJECT, UNIVCLASS, COUNTERTYPE, COUNTERPROCESS, DATAID, FOLLOWJOHN ) values ( 'DC_E_AFG:((13)):DC_E_AFG_AGG_PROXY', 'mediaCntAuthGbaReq_delta', 'Number of Media GBA authentication requests.', 'SUM', 'SUM', '', 25, 'numeric', 20, 0, 1, 'mediaCntAuthGbaReq_delta', '', 'PEG', 'PEG', 'mediaCntAuthGbaReq.delta', null );
insert into Measurementcounter ( TYPEID, DATANAME, DESCRIPTION, TIMEAGGREGATION, GROUPAGGREGATION, COUNTAGGREGATION, COLNUMBER, DATATYPE, DATASIZE, DATASCALE, INCLUDESQL, UNIVOBJECT, UNIVCLASS, COUNTERTYPE, COUNTERPROCESS, DATAID, FOLLOWJOHN ) values ( 'DC_E_AFG:((13)):DC_E_AFG_AGG_PROXY', 'mediaCntAuthReqFailed403_actual', 'Number of failed Media authentications responses indicated by HTTP 403-Forbidden status code.', 'SUM', 'SUM', '', 28, 'numeric', 20, 0, 1, 'mediaCntAuthReqFailed403_actual', '', 'PEG', 'PEG', 'mediaCntAuthReqFailed403.actual', null );
insert into Measurementcounter ( TYPEID, DATANAME, DESCRIPTION, TIMEAGGREGATION, GROUPAGGREGATION, COUNTAGGREGATION, COLNUMBER, DATATYPE, DATASIZE, DATASCALE, INCLUDESQL, UNIVOBJECT, UNIVCLASS, COUNTERTYPE, COUNTERPROCESS, DATAID, FOLLOWJOHN ) values ( 'DC_E_AFG:((13)):DC_E_AFG_AGG_PROXY', 'mediaCntAuthReqFailed403_delta', 'Number of failed Media authentications responses indicated by HTTP 403-Forbidden status code.', 'SUM', 'SUM', '', 29, 'numeric', 20, 0, 1, 'mediaCntAuthReqFailed403_delta', '', 'PEG', 'PEG', 'mediaCntAuthReqFailed403.delta', null );
insert into Measurementcounter ( TYPEID, DATANAME, DESCRIPTION, TIMEAGGREGATION, GROUPAGGREGATION, COUNTAGGREGATION, COLNUMBER, DATATYPE, DATASIZE, DATASCALE, INCLUDESQL, UNIVOBJECT, UNIVCLASS, COUNTERTYPE, COUNTERPROCESS, DATAID, FOLLOWJOHN ) values ( 'DC_E_AFG:((13)):DC_E_AFG_AGG_PROXY', 'mediaCntAuthReq_actual', 'Total number of Media Authentication requests attempts.', 'SUM', 'SUM', '', 26, 'numeric', 20, 0, 1, 'mediaCntAuthReq_actual', '', 'PEG', 'PEG', 'mediaCntAuthReq.actual', null );
insert into Measurementcounter ( TYPEID, DATANAME, DESCRIPTION, TIMEAGGREGATION, GROUPAGGREGATION, COUNTAGGREGATION, COLNUMBER, DATATYPE, DATASIZE, DATASCALE, INCLUDESQL, UNIVOBJECT, UNIVCLASS, COUNTERTYPE, COUNTERPROCESS, DATAID, FOLLOWJOHN ) values ( 'DC_E_AFG:((13)):DC_E_AFG_AGG_PROXY', 'mediaCntAuthReq_delta', 'Total number of Media Authentication requests attempts.', 'SUM', 'SUM', '', 27, 'numeric', 20, 0, 1, 'mediaCntAuthReq_delta', '', 'PEG', 'PEG', 'mediaCntAuthReq.delta', null );
insert into Measurementcounter ( TYPEID, DATANAME, DESCRIPTION, TIMEAGGREGATION, GROUPAGGREGATION, COUNTAGGREGATION, COLNUMBER, DATATYPE, DATASIZE, DATASCALE, INCLUDESQL, UNIVOBJECT, UNIVCLASS, COUNTERTYPE, COUNTERPROCESS, DATAID, FOLLOWJOHN ) values ( 'DC_E_AFG:((13)):DC_E_AFG_AGG_PROXY', 'mediaCntAuthResp_actual', 'Number of NAF Media Authentication responses.', 'SUM', 'SUM', '', 30, 'numeric', 20, 0, 1, 'mediaCntAuthResp_actual', '', 'PEG', 'PEG', 'mediaCntAuthResp.actual', null );
insert into Measurementcounter ( TYPEID, DATANAME, DESCRIPTION, TIMEAGGREGATION, GROUPAGGREGATION, COUNTAGGREGATION, COLNUMBER, DATATYPE, DATASIZE, DATASCALE, INCLUDESQL, UNIVOBJECT, UNIVCLASS, COUNTERTYPE, COUNTERPROCESS, DATAID, FOLLOWJOHN ) values ( 'DC_E_AFG:((13)):DC_E_AFG_AGG_PROXY', 'mediaCntAuthResp_delta', 'Number of NAF Media Authentication responses.', 'SUM', 'SUM', '', 31, 'numeric', 20, 0, 1, 'mediaCntAuthResp_delta', '', 'PEG', 'PEG', 'mediaCntAuthResp.delta', null );
insert into Measurementcounter ( TYPEID, DATANAME, DESCRIPTION, TIMEAGGREGATION, GROUPAGGREGATION, COUNTAGGREGATION, COLNUMBER, DATATYPE, DATASIZE, DATASCALE, INCLUDESQL, UNIVOBJECT, UNIVCLASS, COUNTERTYPE, COUNTERPROCESS, DATAID, FOLLOWJOHN ) values ( 'DC_E_AFG:((13)):DC_E_AFG_AGG_PROXY', 'mediaCntReq_actual', 'Number of Media requests.', 'SUM', 'SUM', '', 32, 'numeric', 20, 0, 1, 'mediaCntReq_actual', '', 'PEG', 'PEG', 'mediaCntReq.actual', null );
insert into Measurementcounter ( TYPEID, DATANAME, DESCRIPTION, TIMEAGGREGATION, GROUPAGGREGATION, COUNTAGGREGATION, COLNUMBER, DATATYPE, DATASIZE, DATASCALE, INCLUDESQL, UNIVOBJECT, UNIVCLASS, COUNTERTYPE, COUNTERPROCESS, DATAID, FOLLOWJOHN ) values ( 'DC_E_AFG:((13)):DC_E_AFG_AGG_PROXY', 'mediaCntReq_delta', 'Number of Media requests.', 'SUM', 'SUM', '', 33, 'numeric', 20, 0, 1, 'mediaCntReq_delta', '', 'PEG', 'PEG', 'mediaCntReq.delta', null );
insert into Measurementcounter ( TYPEID, DATANAME, DESCRIPTION, TIMEAGGREGATION, GROUPAGGREGATION, COUNTAGGREGATION, COLNUMBER, DATATYPE, DATASIZE, DATASCALE, INCLUDESQL, UNIVOBJECT, UNIVCLASS, COUNTERTYPE, COUNTERPROCESS, DATAID, FOLLOWJOHN ) values ( 'DC_E_AFG:((13)):DC_E_AFG_AGG_PROXY', 'mediaCntUnsuccessfulReq_actual', 'Number of unsuccessful Media requests.', 'SUM', 'SUM', '', 34, 'numeric', 20, 0, 1, 'mediaCntUnsuccessfulReq_actual', '', 'PEG', 'PEG', 'mediaCntUnsuccessfulReq.actual', null );
insert into Measurementcounter ( TYPEID, DATANAME, DESCRIPTION, TIMEAGGREGATION, GROUPAGGREGATION, COUNTAGGREGATION, COLNUMBER, DATATYPE, DATASIZE, DATASCALE, INCLUDESQL, UNIVOBJECT, UNIVCLASS, COUNTERTYPE, COUNTERPROCESS, DATAID, FOLLOWJOHN ) values ( 'DC_E_AFG:((13)):DC_E_AFG_AGG_PROXY', 'mediaCntUnsuccessfulReq_delta', 'Number of unsuccessful Media requests.', 'SUM', 'SUM', '', 35, 'numeric', 20, 0, 1, 'mediaCntUnsuccessfulReq_delta', '', 'PEG', 'PEG', 'mediaCntUnsuccessfulReq.delta', null );
insert into Measurementcounter ( TYPEID, DATANAME, DESCRIPTION, TIMEAGGREGATION, GROUPAGGREGATION, COUNTAGGREGATION, COLNUMBER, DATATYPE, DATASIZE, DATASCALE, INCLUDESQL, UNIVOBJECT, UNIVCLASS, COUNTERTYPE, COUNTERPROCESS, DATAID, FOLLOWJOHN ) values ( 'DC_E_AFG:((13)):DC_E_AFG_AGG_PROXY', 'mediaCntZnReq_actual', 'Number of Media Zn requests to BSF.', 'SUM', 'SUM', '', 36, 'numeric', 20, 0, 1, 'mediaCntZnReq_actual', '', 'PEG', 'PEG', 'mediaCntZnReq.actual', null );
insert into Measurementcounter ( TYPEID, DATANAME, DESCRIPTION, TIMEAGGREGATION, GROUPAGGREGATION, COUNTAGGREGATION, COLNUMBER, DATATYPE, DATASIZE, DATASCALE, INCLUDESQL, UNIVOBJECT, UNIVCLASS, COUNTERTYPE, COUNTERPROCESS, DATAID, FOLLOWJOHN ) values ( 'DC_E_AFG:((13)):DC_E_AFG_AGG_PROXY', 'mediaCntZnReq_delta', 'Number of Media Zn requests to BSF.', 'SUM', 'SUM', '', 37, 'numeric', 20, 0, 1, 'mediaCntZnReq_delta', '', 'PEG', 'PEG', 'mediaCntZnReq.delta', null );
insert into Measurementcounter ( TYPEID, DATANAME, DESCRIPTION, TIMEAGGREGATION, GROUPAGGREGATION, COUNTAGGREGATION, COLNUMBER, DATATYPE, DATASIZE, DATASCALE, INCLUDESQL, UNIVOBJECT, UNIVCLASS, COUNTERTYPE, COUNTERPROCESS, DATAID, FOLLOWJOHN ) values ( 'DC_E_AFG:((13)):DC_E_AFG_AGG_PROXY', 'xRpCntAuthFailed403_actual', 'Number of failed authentication responses indicated by HTTP 403- Forbidden status code.', 'SUM', 'SUM', '', 40, 'numeric', 20, 0, 1, 'xRpCntAuthFailed403_actual', '', 'PEG', 'PEG', 'xRpCntAuthFailed403.actual', null );
insert into Measurementcounter ( TYPEID, DATANAME, DESCRIPTION, TIMEAGGREGATION, GROUPAGGREGATION, COUNTAGGREGATION, COLNUMBER, DATATYPE, DATASIZE, DATASCALE, INCLUDESQL, UNIVOBJECT, UNIVCLASS, COUNTERTYPE, COUNTERPROCESS, DATAID, FOLLOWJOHN ) values ( 'DC_E_AFG:((13)):DC_E_AFG_AGG_PROXY', 'xRpCntAuthFailed403_delta', 'Number of failed authentication responses indicated by HTTP 403- Forbidden status code.', 'SUM', 'SUM', '', 41, 'numeric', 20, 0, 1, 'xRpCntAuthFailed403_delta', '', 'PEG', 'PEG', 'xRpCntAuthFailed403.delta', null );
insert into Measurementcounter ( TYPEID, DATANAME, DESCRIPTION, TIMEAGGREGATION, GROUPAGGREGATION, COUNTAGGREGATION, COLNUMBER, DATATYPE, DATASIZE, DATASCALE, INCLUDESQL, UNIVOBJECT, UNIVCLASS, COUNTERTYPE, COUNTERPROCESS, DATAID, FOLLOWJOHN ) values ( 'DC_E_AFG:((13)):DC_E_AFG_AGG_PROXY', 'xRpCntAuthFailed_actual', 'Number of all failed authentication responses.', 'SUM', 'SUM', '', 38, 'numeric', 20, 0, 1, 'xRpCntAuthFailed_actual', '', 'PEG', 'PEG', 'xRpCntAuthFailed.actual', null );
insert into Measurementcounter ( TYPEID, DATANAME, DESCRIPTION, TIMEAGGREGATION, GROUPAGGREGATION, COUNTAGGREGATION, COLNUMBER, DATATYPE, DATASIZE, DATASCALE, INCLUDESQL, UNIVOBJECT, UNIVCLASS, COUNTERTYPE, COUNTERPROCESS, DATAID, FOLLOWJOHN ) values ( 'DC_E_AFG:((13)):DC_E_AFG_AGG_PROXY', 'xRpCntAuthFailed_delta', 'Number of all failed authentication responses.', 'SUM', 'SUM', '', 39, 'numeric', 20, 0, 1, 'xRpCntAuthFailed_delta', '', 'PEG', 'PEG', 'xRpCntAuthFailed.delta', null );
insert into Measurementcounter ( TYPEID, DATANAME, DESCRIPTION, TIMEAGGREGATION, GROUPAGGREGATION, COUNTAGGREGATION, COLNUMBER, DATATYPE, DATASIZE, DATASCALE, INCLUDESQL, UNIVOBJECT, UNIVCLASS, COUNTERTYPE, COUNTERPROCESS, DATAID, FOLLOWJOHN ) values ( 'DC_E_AFG:((13)):DC_E_AFG_AGG_PROXY', 'xRpCntAuthResp_actual', 'Total number of all authentication responses.', 'SUM', 'SUM', '', 42, 'numeric', 20, 0, 1, 'xRpCntAuthResp_actual', '', 'PEG', 'PEG', 'xRpCntAuthResp.actual', null );
insert into Measurementcounter ( TYPEID, DATANAME, DESCRIPTION, TIMEAGGREGATION, GROUPAGGREGATION, COUNTAGGREGATION, COLNUMBER, DATATYPE, DATASIZE, DATASCALE, INCLUDESQL, UNIVOBJECT, UNIVCLASS, COUNTERTYPE, COUNTERPROCESS, DATAID, FOLLOWJOHN ) values ( 'DC_E_AFG:((13)):DC_E_AFG_AGG_PROXY', 'xRpCntAuthResp_delta', 'Total number of all authentication responses.', 'SUM', 'SUM', '', 43, 'numeric', 20, 0, 1, 'xRpCntAuthResp_delta', '', 'PEG', 'PEG', 'xRpCntAuthResp.delta', null );
insert into Measurementcounter ( TYPEID, DATANAME, DESCRIPTION, TIMEAGGREGATION, GROUPAGGREGATION, COUNTAGGREGATION, COLNUMBER, DATATYPE, DATASIZE, DATASCALE, INCLUDESQL, UNIVOBJECT, UNIVCLASS, COUNTERTYPE, COUNTERPROCESS, DATAID, FOLLOWJOHN ) values ( 'DC_E_AFG:((13)):DC_E_AFG_AGG_PROXY', 'xRpCntTrustGwFailed_actual', 'Number of failed requests to the Trusted Gateway port.', 'SUM', 'SUM', '', 44, 'numeric', 20, 0, 1, 'xRpCntTrustGwFailed_actual', '', 'PEG', 'PEG', 'xRpCntTrustGwFailed.actual', null );
insert into Measurementcounter ( TYPEID, DATANAME, DESCRIPTION, TIMEAGGREGATION, GROUPAGGREGATION, COUNTAGGREGATION, COLNUMBER, DATATYPE, DATASIZE, DATASCALE, INCLUDESQL, UNIVOBJECT, UNIVCLASS, COUNTERTYPE, COUNTERPROCESS, DATAID, FOLLOWJOHN ) values ( 'DC_E_AFG:((13)):DC_E_AFG_AGG_PROXY', 'xRpCntTrustGwFailed_delta', 'Number of failed requests to the Trusted Gateway port.', 'SUM', 'SUM', '', 45, 'numeric', 20, 0, 1, 'xRpCntTrustGwFailed_delta', '', 'PEG', 'PEG', 'xRpCntTrustGwFailed.delta', null );
insert into Measurementcounter ( TYPEID, DATANAME, DESCRIPTION, TIMEAGGREGATION, GROUPAGGREGATION, COUNTAGGREGATION, COLNUMBER, DATATYPE, DATASIZE, DATASCALE, INCLUDESQL, UNIVOBJECT, UNIVCLASS, COUNTERTYPE, COUNTERPROCESS, DATAID, FOLLOWJOHN ) values ( 'DC_E_AFG:((13)):DC_E_AFG_AGG_PROXY', 'xRpCntTrustGwResp_actual', 'Total number of responses to Trusted Gateway(s).', 'SUM', 'SUM', '', 46, 'numeric', 20, 0, 1, 'xRpCntTrustGwResp_actual', '', 'PEG', 'PEG', 'xRpCntTrustGwResp.actual', null );
insert into Measurementcounter ( TYPEID, DATANAME, DESCRIPTION, TIMEAGGREGATION, GROUPAGGREGATION, COUNTAGGREGATION, COLNUMBER, DATATYPE, DATASIZE, DATASCALE, INCLUDESQL, UNIVOBJECT, UNIVCLASS, COUNTERTYPE, COUNTERPROCESS, DATAID, FOLLOWJOHN ) values ( 'DC_E_AFG:((13)):DC_E_AFG_AGG_PROXY', 'xRpCntTrustGwResp_delta', 'Total number of responses to Trusted Gateway(s).', 'SUM', 'SUM', '', 47, 'numeric', 20, 0, 1, 'xRpCntTrustGwResp_delta', '', 'PEG', 'PEG', 'xRpCntTrustGwResp.delta', null );
insert into Measurementcounter ( TYPEID, DATANAME, DESCRIPTION, TIMEAGGREGATION, GROUPAGGREGATION, COUNTAGGREGATION, COLNUMBER, DATATYPE, DATASIZE, DATASCALE, INCLUDESQL, UNIVOBJECT, UNIVCLASS, COUNTERTYPE, COUNTERPROCESS, DATAID, FOLLOWJOHN ) values ( 'DC_E_AFG:((13)):DC_E_AFG_AGG_PROXY', 'xRqCntAuthDigestReq_actual', 'Number of Digest authentication requests.', 'SUM', 'SUM', '', 48, 'numeric', 20, 0, 1, 'xRqCntAuthDigestReq_actual', '', 'PEG', 'PEG', 'xRqCntAuthDigestReq.actual', null );
insert into Measurementcounter ( TYPEID, DATANAME, DESCRIPTION, TIMEAGGREGATION, GROUPAGGREGATION, COUNTAGGREGATION, COLNUMBER, DATATYPE, DATASIZE, DATASCALE, INCLUDESQL, UNIVOBJECT, UNIVCLASS, COUNTERTYPE, COUNTERPROCESS, DATAID, FOLLOWJOHN ) values ( 'DC_E_AFG:((13)):DC_E_AFG_AGG_PROXY', 'xRqCntAuthDigestReq_delta', 'Number of Digest authentication requests.', 'SUM', 'SUM', '', 49, 'numeric', 20, 0, 1, 'xRqCntAuthDigestReq_delta', '', 'PEG', 'PEG', 'xRqCntAuthDigestReq.delta', null );
insert into Measurementcounter ( TYPEID, DATANAME, DESCRIPTION, TIMEAGGREGATION, GROUPAGGREGATION, COUNTAGGREGATION, COLNUMBER, DATATYPE, DATASIZE, DATASCALE, INCLUDESQL, UNIVOBJECT, UNIVCLASS, COUNTERTYPE, COUNTERPROCESS, DATAID, FOLLOWJOHN ) values ( 'DC_E_AFG:((13)):DC_E_AFG_AGG_PROXY', 'xRqCntAuthGbaDigestReq_actual', 'Number of GBA_Digest authentication requests.', 'SUM', 'SUM', '', 50, 'numeric', 20, 0, 1, 'xRqCntAuthGbaDigestReq_actual', '', 'PEG', 'PEG', 'xRqCntAuthGbaDigestReq.actual', null );
insert into Measurementcounter ( TYPEID, DATANAME, DESCRIPTION, TIMEAGGREGATION, GROUPAGGREGATION, COUNTAGGREGATION, COLNUMBER, DATATYPE, DATASIZE, DATASCALE, INCLUDESQL, UNIVOBJECT, UNIVCLASS, COUNTERTYPE, COUNTERPROCESS, DATAID, FOLLOWJOHN ) values ( 'DC_E_AFG:((13)):DC_E_AFG_AGG_PROXY', 'xRqCntAuthGbaDigestReq_delta', 'Number of GBA_Digest authentication requests.', 'SUM', 'SUM', '', 51, 'numeric', 20, 0, 1, 'xRqCntAuthGbaDigestReq_delta', '', 'PEG', 'PEG', 'xRqCntAuthGbaDigestReq.delta', null );
insert into Measurementcounter ( TYPEID, DATANAME, DESCRIPTION, TIMEAGGREGATION, GROUPAGGREGATION, COUNTAGGREGATION, COLNUMBER, DATATYPE, DATASIZE, DATASCALE, INCLUDESQL, UNIVOBJECT, UNIVCLASS, COUNTERTYPE, COUNTERPROCESS, DATAID, FOLLOWJOHN ) values ( 'DC_E_AFG:((13)):DC_E_AFG_AGG_PROXY', 'xRqCntAuthGbaMeReq_actual', 'Number of ME-based GBA authentication requests (GBA_ME and GBA_U).', 'SUM', 'SUM', '', 52, 'numeric', 20, 0, 1, 'xRqCntAuthGbaMeReq_actual', '', 'PEG', 'PEG', 'xRqCntAuthGbaMeReq.actual', null );
insert into Measurementcounter ( TYPEID, DATANAME, DESCRIPTION, TIMEAGGREGATION, GROUPAGGREGATION, COUNTAGGREGATION, COLNUMBER, DATATYPE, DATASIZE, DATASCALE, INCLUDESQL, UNIVOBJECT, UNIVCLASS, COUNTERTYPE, COUNTERPROCESS, DATAID, FOLLOWJOHN ) values ( 'DC_E_AFG:((13)):DC_E_AFG_AGG_PROXY', 'xRqCntAuthGbaMeReq_delta', 'Number of ME-based GBA authentication requests (GBA_ME and GBA_U).', 'SUM', 'SUM', '', 53, 'numeric', 20, 0, 1, 'xRqCntAuthGbaMeReq_delta', '', 'PEG', 'PEG', 'xRqCntAuthGbaMeReq.delta', null );
insert into Measurementcounter ( TYPEID, DATANAME, DESCRIPTION, TIMEAGGREGATION, GROUPAGGREGATION, COUNTAGGREGATION, COLNUMBER, DATATYPE, DATASIZE, DATASCALE, INCLUDESQL, UNIVOBJECT, UNIVCLASS, COUNTERTYPE, COUNTERPROCESS, DATAID, FOLLOWJOHN ) values ( 'DC_E_AFG:((13)):DC_E_AFG_AGG_PROXY', 'xRqCntAuthGbaReq_actual', 'Number of GBA authentication requests.', 'SUM', 'SUM', '', 54, 'numeric', 20, 0, 1, 'xRqCntAuthGbaReq_actual', '', 'PEG', 'PEG', 'xRqCntAuthGbaReq.actual', null );
insert into Measurementcounter ( TYPEID, DATANAME, DESCRIPTION, TIMEAGGREGATION, GROUPAGGREGATION, COUNTAGGREGATION, COLNUMBER, DATATYPE, DATASIZE, DATASCALE, INCLUDESQL, UNIVOBJECT, UNIVCLASS, COUNTERTYPE, COUNTERPROCESS, DATAID, FOLLOWJOHN ) values ( 'DC_E_AFG:((13)):DC_E_AFG_AGG_PROXY', 'xRqCntAuthGbaReq_delta', 'Number of GBA authentication requests.', 'SUM', 'SUM', '', 55, 'numeric', 20, 0, 1, 'xRqCntAuthGbaReq_delta', '', 'PEG', 'PEG', 'xRqCntAuthGbaReq.delta', null );
insert into Measurementcounter ( TYPEID, DATANAME, DESCRIPTION, TIMEAGGREGATION, GROUPAGGREGATION, COUNTAGGREGATION, COLNUMBER, DATATYPE, DATASIZE, DATASCALE, INCLUDESQL, UNIVOBJECT, UNIVCLASS, COUNTERTYPE, COUNTERPROCESS, DATAID, FOLLOWJOHN ) values ( 'DC_E_AFG:((13)):DC_E_AFG_AGG_PROXY', 'xRqCntAuthGibaReq_actual', 'Number of GIBA authentication requests.', 'SUM', 'SUM', '', 56, 'numeric', 20, 0, 1, 'xRqCntAuthGibaReq_actual', '', 'PEG', 'PEG', 'xRqCntAuthGibaReq.actual', null );
insert into Measurementcounter ( TYPEID, DATANAME, DESCRIPTION, TIMEAGGREGATION, GROUPAGGREGATION, COUNTAGGREGATION, COLNUMBER, DATATYPE, DATASIZE, DATASCALE, INCLUDESQL, UNIVOBJECT, UNIVCLASS, COUNTERTYPE, COUNTERPROCESS, DATAID, FOLLOWJOHN ) values ( 'DC_E_AFG:((13)):DC_E_AFG_AGG_PROXY', 'xRqCntAuthGibaReq_delta', 'Number of GIBA authentication requests.', 'SUM', 'SUM', '', 57, 'numeric', 20, 0, 1, 'xRqCntAuthGibaReq_delta', '', 'PEG', 'PEG', 'xRqCntAuthGibaReq.delta', null );
insert into Measurementcounter ( TYPEID, DATANAME, DESCRIPTION, TIMEAGGREGATION, GROUPAGGREGATION, COUNTAGGREGATION, COLNUMBER, DATATYPE, DATASIZE, DATASCALE, INCLUDESQL, UNIVOBJECT, UNIVCLASS, COUNTERTYPE, COUNTERPROCESS, DATAID, FOLLOWJOHN ) values ( 'DC_E_AFG:((13)):DC_E_AFG_AGG_PROXY', 'xRqCntAuthReq_actual', 'Total number of Digest, GBA (Digest, U, ME), SSO and GIBA Authentication requests attempts. Note that the original authentication request may trigger multiple subsequent requests of different types. As such, the AuthDigestReq,AuthGbaReq, AuthSsoReq and AuthGibaReq counters may not total to AuthReq.', 'SUM', 'SUM', '', 58, 'numeric', 20, 0, 1, 'xRqCntAuthReq_actual', '', 'PEG', 'PEG', 'xRqCntAuthReq.actual', null );
insert into Measurementcounter ( TYPEID, DATANAME, DESCRIPTION, TIMEAGGREGATION, GROUPAGGREGATION, COUNTAGGREGATION, COLNUMBER, DATATYPE, DATASIZE, DATASCALE, INCLUDESQL, UNIVOBJECT, UNIVCLASS, COUNTERTYPE, COUNTERPROCESS, DATAID, FOLLOWJOHN ) values ( 'DC_E_AFG:((13)):DC_E_AFG_AGG_PROXY', 'xRqCntAuthReq_delta', 'Total number of Digest, GBA (Digest, U, ME), SSO and GIBA Authentication requests attempts. Note that the original authentication request may trigger multiple subsequent requests of different types. As such, the AuthDigestReq, AuthGbaReq, AuthSsoReq and AuthGibaReq counters may not total to AuthReq.', 'SUM', 'SUM', '', 59, 'numeric', 20, 0, 1, 'xRqCntAuthReq_delta', '', 'PEG', 'PEG', 'xRqCntAuthReq.delta', null ); 
insert into Measurementcounter ( TYPEID, DATANAME, DESCRIPTION, TIMEAGGREGATION, GROUPAGGREGATION, COUNTAGGREGATION, COLNUMBER, DATATYPE, DATASIZE, DATASCALE, INCLUDESQL, UNIVOBJECT, UNIVCLASS, COUNTERTYPE, COUNTERPROCESS, DATAID, FOLLOWJOHN ) values ( 'DC_E_AFG:((13)):DC_E_AFG_AGG_PROXY', 'xRqCntAuthSsoReq_actual', 'Number of SSO authentication requests.', 'SUM', 'SUM', '', 60, 'numeric', 20, 0, 1, 'xRqCntAuthSsoReq_actual', '', 'PEG', 'PEG', 'xRqCntAuthSsoReq.actual', null );
insert into Measurementcounter ( TYPEID, DATANAME, DESCRIPTION, TIMEAGGREGATION, GROUPAGGREGATION, COUNTAGGREGATION, COLNUMBER, DATATYPE, DATASIZE, DATASCALE, INCLUDESQL, UNIVOBJECT, UNIVCLASS, COUNTERTYPE, COUNTERPROCESS, DATAID, FOLLOWJOHN ) values ( 'DC_E_AFG:((13)):DC_E_AFG_AGG_PROXY', 'xRqCntAuthSsoReq_delta', 'Number of SSO authentication requests.', 'SUM', 'SUM', '', 61, 'numeric', 20, 0, 1, 'xRqCntAuthSsoReq_delta', '', 'PEG', 'PEG', 'xRqCntAuthSsoReq.delta', null );
insert into Measurementcounter ( TYPEID, DATANAME, DESCRIPTION, TIMEAGGREGATION, GROUPAGGREGATION, COUNTAGGREGATION, COLNUMBER, DATATYPE, DATASIZE, DATASCALE, INCLUDESQL, UNIVOBJECT, UNIVCLASS, COUNTERTYPE, COUNTERPROCESS, DATAID, FOLLOWJOHN ) values ( 'DC_E_AFG:((13)):DC_E_AFG_AGG_PROXY', 'xRqCntTrustGwReq_actual', 'Number of requests incoming to the Trusted Port.', 'SUM', 'SUM', '', 62, 'numeric', 20, 0, 1, 'xRqCntTrustGwReq_actual', '', 'PEG', 'PEG', 'xRqCntTrustGwReq.actual', null );
insert into Measurementcounter ( TYPEID, DATANAME, DESCRIPTION, TIMEAGGREGATION, GROUPAGGREGATION, COUNTAGGREGATION, COLNUMBER, DATATYPE, DATASIZE, DATASCALE, INCLUDESQL, UNIVOBJECT, UNIVCLASS, COUNTERTYPE, COUNTERPROCESS, DATAID, FOLLOWJOHN ) values ( 'DC_E_AFG:((13)):DC_E_AFG_AGG_PROXY', 'xRqCntTrustGwReq_delta', 'Number of requests incoming to the Trusted Port.', 'SUM', 'SUM', '', 63, 'numeric', 20, 0, 1, 'xRqCntTrustGwReq_delta', '', 'PEG', 'PEG', 'xRqCntTrustGwReq.delta', null );
insert into Measurementcounter ( TYPEID, DATANAME, DESCRIPTION, TIMEAGGREGATION, GROUPAGGREGATION, COUNTAGGREGATION, COLNUMBER, DATATYPE, DATASIZE, DATASCALE, INCLUDESQL, UNIVOBJECT, UNIVCLASS, COUNTERTYPE, COUNTERPROCESS, DATAID, FOLLOWJOHN ) values ( 'DC_E_AFG:((13)):DC_E_AFG_AGG_PROXY', 'xRqCntXcapCapReq_actual', 'Total number of XCAP Capability requests.', 'SUM', 'SUM', '', 64, 'numeric', 20, 0, 1, 'xRqCntXcapCapReq_actual', '', 'PEG', 'PEG', 'xRqCntXcapCapReq.actual', null );
insert into Measurementcounter ( TYPEID, DATANAME, DESCRIPTION, TIMEAGGREGATION, GROUPAGGREGATION, COUNTAGGREGATION, COLNUMBER, DATATYPE, DATASIZE, DATASCALE, INCLUDESQL, UNIVOBJECT, UNIVCLASS, COUNTERTYPE, COUNTERPROCESS, DATAID, FOLLOWJOHN ) values ( 'DC_E_AFG:((13)):DC_E_AFG_AGG_PROXY', 'xRqCntXcapCapReq_delta', 'Total number of XCAP Capability requests.', 'SUM', 'SUM', '', 65, 'numeric', 20, 0, 1, 'xRqCntXcapCapReq_delta', '', 'PEG', 'PEG', 'xRqCntXcapCapReq.delta', null );
insert into Measurementcounter ( TYPEID, DATANAME, DESCRIPTION, TIMEAGGREGATION, GROUPAGGREGATION, COUNTAGGREGATION, COLNUMBER, DATATYPE, DATASIZE, DATASCALE, INCLUDESQL, UNIVOBJECT, UNIVCLASS, COUNTERTYPE, COUNTERPROCESS, DATAID, FOLLOWJOHN ) values ( 'DC_E_AFG:((13)):DC_E_AFG_AGG_PROXY', 'xRqCntXcapDelReq_actual', 'Total number of XCAP DELETE requests.', 'SUM', 'SUM', '', 66, 'numeric', 20, 0, 1, 'xRqCntXcapDelReq_actual', '', 'PEG', 'PEG', 'xRqCntXcapDelReq.actual', null );
insert into Measurementcounter ( TYPEID, DATANAME, DESCRIPTION, TIMEAGGREGATION, GROUPAGGREGATION, COUNTAGGREGATION, COLNUMBER, DATATYPE, DATASIZE, DATASCALE, INCLUDESQL, UNIVOBJECT, UNIVCLASS, COUNTERTYPE, COUNTERPROCESS, DATAID, FOLLOWJOHN ) values ( 'DC_E_AFG:((13)):DC_E_AFG_AGG_PROXY', 'xRqCntXcapDelReq_delta', 'Total number of XCAP DELETE requests.', 'SUM', 'SUM', '', 67, 'numeric', 20, 0, 1, 'xRqCntXcapDelReq_delta', '', 'PEG', 'PEG', 'xRqCntXcapDelReq.delta', null );
insert into Measurementcounter ( TYPEID, DATANAME, DESCRIPTION, TIMEAGGREGATION, GROUPAGGREGATION, COUNTAGGREGATION, COLNUMBER, DATATYPE, DATASIZE, DATASCALE, INCLUDESQL, UNIVOBJECT, UNIVCLASS, COUNTERTYPE, COUNTERPROCESS, DATAID, FOLLOWJOHN ) values ( 'DC_E_AFG:((13)):DC_E_AFG_AGG_PROXY', 'xRqCntXcapDirReq_actual', 'Total number of XCAP Directory requests.', 'SUM', 'SUM', '', 68, 'numeric', 20, 0, 1, 'xRqCntXcapDirReq_actual', '', 'PEG', 'PEG', 'xRqCntXcapDirReq.actual', null );
insert into Measurementcounter ( TYPEID, DATANAME, DESCRIPTION, TIMEAGGREGATION, GROUPAGGREGATION, COUNTAGGREGATION, COLNUMBER, DATATYPE, DATASIZE, DATASCALE, INCLUDESQL, UNIVOBJECT, UNIVCLASS, COUNTERTYPE, COUNTERPROCESS, DATAID, FOLLOWJOHN ) values ( 'DC_E_AFG:((13)):DC_E_AFG_AGG_PROXY', 'xRqCntXcapDirReq_delta', 'Total number of XCAP Directory requests.', 'SUM', 'SUM', '', 69, 'numeric', 20, 0, 1, 'xRqCntXcapDirReq_delta', '', 'PEG', 'PEG', 'xRqCntXcapDirReq.delta', null );
insert into Measurementcounter ( TYPEID, DATANAME, DESCRIPTION, TIMEAGGREGATION, GROUPAGGREGATION, COUNTAGGREGATION, COLNUMBER, DATATYPE, DATASIZE, DATASCALE, INCLUDESQL, UNIVOBJECT, UNIVCLASS, COUNTERTYPE, COUNTERPROCESS, DATAID, FOLLOWJOHN ) values ( 'DC_E_AFG:((13)):DC_E_AFG_AGG_PROXY', 'xRqCntXcapGetReq_actual', 'Total number of XCAP GET requests.', 'SUM', 'SUM', '', 70, 'numeric', 20, 0, 1, 'xRqCntXcapGetReq_actual', '', 'PEG', 'PEG', 'xRqCntXcapGetReq.actual', null );
insert into Measurementcounter ( TYPEID, DATANAME, DESCRIPTION, TIMEAGGREGATION, GROUPAGGREGATION, COUNTAGGREGATION, COLNUMBER, DATATYPE, DATASIZE, DATASCALE, INCLUDESQL, UNIVOBJECT, UNIVCLASS, COUNTERTYPE, COUNTERPROCESS, DATAID, FOLLOWJOHN ) values ( 'DC_E_AFG:((13)):DC_E_AFG_AGG_PROXY', 'xRqCntXcapGetReq_delta', 'Total number of XCAP GET requests.', 'SUM', 'SUM', '', 71, 'numeric', 20, 0, 1, 'xRqCntXcapGetReq_delta', '', 'PEG', 'PEG', 'xRqCntXcapGetReq.delta', null );
insert into Measurementcounter ( TYPEID, DATANAME, DESCRIPTION, TIMEAGGREGATION, GROUPAGGREGATION, COUNTAGGREGATION, COLNUMBER, DATATYPE, DATASIZE, DATASCALE, INCLUDESQL, UNIVOBJECT, UNIVCLASS, COUNTERTYPE, COUNTERPROCESS, DATAID, FOLLOWJOHN ) values ( 'DC_E_AFG:((13)):DC_E_AFG_AGG_PROXY', 'xRqCntXcapPutReq_actual', 'Total number of XCAP PUT requests.', 'SUM', 'SUM', '', 72, 'numeric', 20, 0, 1, 'xRqCntXcapPutReq_actual', '', 'PEG', 'PEG', 'xRqCntXcapPutReq.actual', null );
insert into Measurementcounter ( TYPEID, DATANAME, DESCRIPTION, TIMEAGGREGATION, GROUPAGGREGATION, COUNTAGGREGATION, COLNUMBER, DATATYPE, DATASIZE, DATASCALE, INCLUDESQL, UNIVOBJECT, UNIVCLASS, COUNTERTYPE, COUNTERPROCESS, DATAID, FOLLOWJOHN ) values ( 'DC_E_AFG:((13)):DC_E_AFG_AGG_PROXY', 'xRqCntXcapPutReq_delta', 'Total number of XCAP PUT requests.', 'SUM', 'SUM', '', 73, 'numeric', 20, 0, 1, 'xRqCntXcapPutReq_delta', '', 'PEG', 'PEG', 'xRqCntXcapPutReq.delta', null );
insert into Measurementcounter ( TYPEID, DATANAME, DESCRIPTION, TIMEAGGREGATION, GROUPAGGREGATION, COUNTAGGREGATION, COLNUMBER, DATATYPE, DATASIZE, DATASCALE, INCLUDESQL, UNIVOBJECT, UNIVCLASS, COUNTERTYPE, COUNTERPROCESS, DATAID, FOLLOWJOHN ) values ( 'DC_E_AFG:((13)):DC_E_AFG_AGG_PROXY', 'xRqCntXcapReqUnsuccessful_actual', 'Total number of unsuccessful XCAP requests.', 'SUM', 'SUM', '', 74, 'numeric', 20, 0, 1, 'xRqCntXcapReqUnsuccessful_actual', '', 'PEG', 'PEG', 'xRqCntXcapReqUnsuccessful.actual', null );
insert into Measurementcounter ( TYPEID, DATANAME, DESCRIPTION, TIMEAGGREGATION, GROUPAGGREGATION, COUNTAGGREGATION, COLNUMBER, DATATYPE, DATASIZE, DATASCALE, INCLUDESQL, UNIVOBJECT, UNIVCLASS, COUNTERTYPE, COUNTERPROCESS, DATAID, FOLLOWJOHN ) values ( 'DC_E_AFG:((13)):DC_E_AFG_AGG_PROXY', 'xRqCntXcapReqUnsuccessful_delta', 'Total number of unsuccessful XCAP requests.', 'SUM', 'SUM', '', 75, 'numeric', 20, 0, 1, 'xRqCntXcapReqUnsuccessful_delta', '', 'PEG', 'PEG', 'xRqCntXcapReqUnsuccessful.delta', null );
insert into Measurementcounter ( TYPEID, DATANAME, DESCRIPTION, TIMEAGGREGATION, GROUPAGGREGATION, COUNTAGGREGATION, COLNUMBER, DATATYPE, DATASIZE, DATASCALE, INCLUDESQL, UNIVOBJECT, UNIVCLASS, COUNTERTYPE, COUNTERPROCESS, DATAID, FOLLOWJOHN ) values ( 'DC_E_AFG:((13)):DC_E_AFG_AGG_PROXY', 'xRqCntZnReq_actual', 'Number of Zn requests to BSF.', 'SUM', 'SUM', '', 76, 'numeric', 20, 0, 1, 'xRqCntZnReq_actual', '', 'PEG', 'PEG', 'xRqCntZnReq.actual', null );
insert into Measurementcounter ( TYPEID, DATANAME, DESCRIPTION, TIMEAGGREGATION, GROUPAGGREGATION, COUNTAGGREGATION, COLNUMBER, DATATYPE, DATASIZE, DATASCALE, INCLUDESQL, UNIVOBJECT, UNIVCLASS, COUNTERTYPE, COUNTERPROCESS, DATAID, FOLLOWJOHN ) values ( 'DC_E_AFG:((13)):DC_E_AFG_AGG_PROXY', 'xRqCntZnReq_delta', 'Number of Zn requests to BSF.', 'SUM', 'SUM', '', 77, 'numeric', 20, 0, 1, 'xRqCntZnReq_delta', '', 'PEG', 'PEG', 'xRqCntZnReq.delta', null );
insert into Measurementcounter ( TYPEID, DATANAME, DESCRIPTION, TIMEAGGREGATION, GROUPAGGREGATION, COUNTAGGREGATION, COLNUMBER, DATATYPE, DATASIZE, DATASCALE, INCLUDESQL, UNIVOBJECT, UNIVCLASS, COUNTERTYPE, COUNTERPROCESS, DATAID, FOLLOWJOHN ) values ( 'DC_E_AFG:((13)):DC_E_AFG_BOOTSTRAP_FUNC', 'bootAuthFail_actual', 'Total number of failed Ub requests for bootstrapping procedure.', 'SUM', 'SUM', '', 1, 'numeric', 20, 0, 1, 'bootAuthFail_actual', '', 'PEG', 'PEG', 'bootAuthFail.actual', null );
insert into Measurementcounter ( TYPEID, DATANAME, DESCRIPTION, TIMEAGGREGATION, GROUPAGGREGATION, COUNTAGGREGATION, COLNUMBER, DATATYPE, DATASIZE, DATASCALE, INCLUDESQL, UNIVOBJECT, UNIVCLASS, COUNTERTYPE, COUNTERPROCESS, DATAID, FOLLOWJOHN ) values ( 'DC_E_AFG:((13)):DC_E_AFG_BOOTSTRAP_FUNC', 'bootAuthFail_delta', 'Total number of failed Ub requests for bootstrapping procedure.', 'SUM', 'SUM', '', 2, 'numeric', 20, 0, 1, 'bootAuthFail_delta', '', 'PEG', 'PEG', 'bootAuthFail.delta', null );
insert into Measurementcounter ( TYPEID, DATANAME, DESCRIPTION, TIMEAGGREGATION, GROUPAGGREGATION, COUNTAGGREGATION, COLNUMBER, DATATYPE, DATASIZE, DATASCALE, INCLUDESQL, UNIVOBJECT, UNIVCLASS, COUNTERTYPE, COUNTERPROCESS, DATAID, FOLLOWJOHN ) values ( 'DC_E_AFG:((13)):DC_E_AFG_BOOTSTRAP_FUNC', 'bootAuthGBADIGESTFail_actual', 'Number of failed GBA_Digest authentications.', 'SUM', 'SUM', '', 3, 'numeric', 20, 0, 1, 'bootAuthGBADIGESTFail_actual', '', 'PEG', 'PEG', 'bootAuthGBADIGESTFail.actual', null );
insert into Measurementcounter ( TYPEID, DATANAME, DESCRIPTION, TIMEAGGREGATION, GROUPAGGREGATION, COUNTAGGREGATION, COLNUMBER, DATATYPE, DATASIZE, DATASCALE, INCLUDESQL, UNIVOBJECT, UNIVCLASS, COUNTERTYPE, COUNTERPROCESS, DATAID, FOLLOWJOHN ) values ( 'DC_E_AFG:((13)):DC_E_AFG_BOOTSTRAP_FUNC', 'bootAuthGBADIGESTFail_delta', 'Number of failed GBA_Digest authentications.', 'SUM', 'SUM', '', 4, 'numeric', 20, 0, 1, 'bootAuthGBADIGESTFail_delta', '', 'PEG', 'PEG', 'bootAuthGBADIGESTFail.delta', null );
insert into Measurementcounter ( TYPEID, DATANAME, DESCRIPTION, TIMEAGGREGATION, GROUPAGGREGATION, COUNTAGGREGATION, COLNUMBER, DATATYPE, DATASIZE, DATASCALE, INCLUDESQL, UNIVOBJECT, UNIVCLASS, COUNTERTYPE, COUNTERPROCESS, DATAID, FOLLOWJOHN ) values ( 'DC_E_AFG:((13)):DC_E_AFG_BOOTSTRAP_FUNC', 'bootAuthGBADIGESTSucc_actual', 'Number of successful GBA_Digest authentications.', 'SUM', 'SUM', '', 5, 'numeric', 20, 0, 1, 'bootAuthGBADIGESTSucc_actual', '', 'PEG', 'PEG', 'bootAuthGBADIGESTSucc.actual', null );
insert into Measurementcounter ( TYPEID, DATANAME, DESCRIPTION, TIMEAGGREGATION, GROUPAGGREGATION, COUNTAGGREGATION, COLNUMBER, DATATYPE, DATASIZE, DATASCALE, INCLUDESQL, UNIVOBJECT, UNIVCLASS, COUNTERTYPE, COUNTERPROCESS, DATAID, FOLLOWJOHN ) values ( 'DC_E_AFG:((13)):DC_E_AFG_BOOTSTRAP_FUNC', 'bootAuthGBADIGESTSucc_delta', 'Number of successful GBA_Digest authentications.', 'SUM', 'SUM', '', 6, 'numeric', 20, 0, 1, 'bootAuthGBADIGESTSucc_delta', '', 'PEG', 'PEG', 'bootAuthGBADIGESTSucc.delta', null );
insert into Measurementcounter ( TYPEID, DATANAME, DESCRIPTION, TIMEAGGREGATION, GROUPAGGREGATION, COUNTAGGREGATION, COLNUMBER, DATATYPE, DATASIZE, DATASCALE, INCLUDESQL, UNIVOBJECT, UNIVCLASS, COUNTERTYPE, COUNTERPROCESS, DATAID, FOLLOWJOHN ) values ( 'DC_E_AFG:((13)):DC_E_AFG_BOOTSTRAP_FUNC', 'bootAuthGBAMEFail_actual', 'Number of failed GBA_ME authentications.', 'SUM', 'SUM', '', 7, 'numeric', 20, 0, 1, 'bootAuthGBAMEFail_actual', '', 'PEG', 'PEG', 'bootAuthGBAMEFail.actual', null );
insert into Measurementcounter ( TYPEID, DATANAME, DESCRIPTION, TIMEAGGREGATION, GROUPAGGREGATION, COUNTAGGREGATION, COLNUMBER, DATATYPE, DATASIZE, DATASCALE, INCLUDESQL, UNIVOBJECT, UNIVCLASS, COUNTERTYPE, COUNTERPROCESS, DATAID, FOLLOWJOHN ) values ( 'DC_E_AFG:((13)):DC_E_AFG_BOOTSTRAP_FUNC', 'bootAuthGBAMEFail_delta', 'Number of failed GBA_ME authentications.', 'SUM', 'SUM', '', 8, 'numeric', 20, 0, 1, 'bootAuthGBAMEFail_delta', '', 'PEG', 'PEG', 'bootAuthGBAMEFail.delta', null );
insert into Measurementcounter ( TYPEID, DATANAME, DESCRIPTION, TIMEAGGREGATION, GROUPAGGREGATION, COUNTAGGREGATION, COLNUMBER, DATATYPE, DATASIZE, DATASCALE, INCLUDESQL, UNIVOBJECT, UNIVCLASS, COUNTERTYPE, COUNTERPROCESS, DATAID, FOLLOWJOHN ) values ( 'DC_E_AFG:((13)):DC_E_AFG_BOOTSTRAP_FUNC', 'bootAuthGBAMESucc_actual', 'Number of successful GBA_ME authentications.', 'SUM', 'SUM', '', 9, 'numeric', 20, 0, 1, 'bootAuthGBAMESucc_actual', '', 'PEG', 'PEG', 'bootAuthGBAMESucc.actual', null );
insert into Measurementcounter ( TYPEID, DATANAME, DESCRIPTION, TIMEAGGREGATION, GROUPAGGREGATION, COUNTAGGREGATION, COLNUMBER, DATATYPE, DATASIZE, DATASCALE, INCLUDESQL, UNIVOBJECT, UNIVCLASS, COUNTERTYPE, COUNTERPROCESS, DATAID, FOLLOWJOHN ) values ( 'DC_E_AFG:((13)):DC_E_AFG_BOOTSTRAP_FUNC', 'bootAuthGBAMESucc_delta', 'Number of successful GBA_ME authentications.', 'SUM', 'SUM', '', 10, 'numeric', 20, 0, 1, 'bootAuthGBAMESucc_delta', '', 'PEG', 'PEG', 'bootAuthGBAMESucc.delta', null );
insert into Measurementcounter ( TYPEID, DATANAME, DESCRIPTION, TIMEAGGREGATION, GROUPAGGREGATION, COUNTAGGREGATION, COLNUMBER, DATATYPE, DATASIZE, DATASCALE, INCLUDESQL, UNIVOBJECT, UNIVCLASS, COUNTERTYPE, COUNTERPROCESS, DATAID, FOLLOWJOHN ) values ( 'DC_E_AFG:((13)):DC_E_AFG_BOOTSTRAP_FUNC', 'bootAuthGBAUFail_actual', 'Number of failed GBA_U authentications.', 'SUM', 'SUM', '', 11, 'numeric', 20, 0, 1, 'bootAuthGBAUFail_actual', '', 'PEG', 'PEG', 'bootAuthGBAUFail.actual', null );
insert into Measurementcounter ( TYPEID, DATANAME, DESCRIPTION, TIMEAGGREGATION, GROUPAGGREGATION, COUNTAGGREGATION, COLNUMBER, DATATYPE, DATASIZE, DATASCALE, INCLUDESQL, UNIVOBJECT, UNIVCLASS, COUNTERTYPE, COUNTERPROCESS, DATAID, FOLLOWJOHN ) values ( 'DC_E_AFG:((13)):DC_E_AFG_BOOTSTRAP_FUNC', 'bootAuthGBAUFail_delta', 'Number of failed GBA_U authentications.', 'SUM', 'SUM', '', 12, 'numeric', 20, 0, 1, 'bootAuthGBAUFail_delta', '', 'PEG', 'PEG', 'bootAuthGBAUFail.delta', null );
insert into Measurementcounter ( TYPEID, DATANAME, DESCRIPTION, TIMEAGGREGATION, GROUPAGGREGATION, COUNTAGGREGATION, COLNUMBER, DATATYPE, DATASIZE, DATASCALE, INCLUDESQL, UNIVOBJECT, UNIVCLASS, COUNTERTYPE, COUNTERPROCESS, DATAID, FOLLOWJOHN ) values ( 'DC_E_AFG:((13)):DC_E_AFG_BOOTSTRAP_FUNC', 'bootAuthGBAUSucc_actual', 'Number of successful GBA_U authentications.', 'SUM', 'SUM', '', 13, 'numeric', 20, 0, 1, 'bootAuthGBAUSucc_actual', '', 'PEG', 'PEG', 'bootAuthGBAUSucc.actual', null );
insert into Measurementcounter ( TYPEID, DATANAME, DESCRIPTION, TIMEAGGREGATION, GROUPAGGREGATION, COUNTAGGREGATION, COLNUMBER, DATATYPE, DATASIZE, DATASCALE, INCLUDESQL, UNIVOBJECT, UNIVCLASS, COUNTERTYPE, COUNTERPROCESS, DATAID, FOLLOWJOHN ) values ( 'DC_E_AFG:((13)):DC_E_AFG_BOOTSTRAP_FUNC', 'bootAuthGBAUSucc_delta', 'Number of successful GBA_U authentications.', 'SUM', 'SUM', '', 14, 'numeric', 20, 0, 1, 'bootAuthGBAUSucc_delta', '', 'PEG', 'PEG', 'bootAuthGBAUSucc.delta', null );
insert into Measurementcounter ( TYPEID, DATANAME, DESCRIPTION, TIMEAGGREGATION, GROUPAGGREGATION, COUNTAGGREGATION, COLNUMBER, DATATYPE, DATASIZE, DATASCALE, INCLUDESQL, UNIVOBJECT, UNIVCLASS, COUNTERTYPE, COUNTERPROCESS, DATAID, FOLLOWJOHN ) values ( 'DC_E_AFG:((13)):DC_E_AFG_BOOTSTRAP_FUNC', 'bootAuthReqTot_actual', 'Total number of Ub requests for bootstrapping procedure.', 'SUM', 'SUM', '', 15, 'numeric', 20, 0, 1, 'bootAuthReqTot_actual', '', 'PEG', 'PEG', 'bootAuthReqTot.actual', null );
insert into Measurementcounter ( TYPEID, DATANAME, DESCRIPTION, TIMEAGGREGATION, GROUPAGGREGATION, COUNTAGGREGATION, COLNUMBER, DATATYPE, DATASIZE, DATASCALE, INCLUDESQL, UNIVOBJECT, UNIVCLASS, COUNTERTYPE, COUNTERPROCESS, DATAID, FOLLOWJOHN ) values ( 'DC_E_AFG:((13)):DC_E_AFG_BOOTSTRAP_FUNC', 'bootAuthReqTot_delta', 'Total number of Ub requests for bootstrapping procedure.', 'SUM', 'SUM', '', 16, 'numeric', 20, 0, 1, 'bootAuthReqTot_delta', '', 'PEG', 'PEG', 'bootAuthReqTot.delta', null );
insert into Measurementcounter ( TYPEID, DATANAME, DESCRIPTION, TIMEAGGREGATION, GROUPAGGREGATION, COUNTAGGREGATION, COLNUMBER, DATATYPE, DATASIZE, DATASCALE, INCLUDESQL, UNIVOBJECT, UNIVCLASS, COUNTERTYPE, COUNTERPROCESS, DATAID, FOLLOWJOHN ) values ( 'DC_E_AFG:((13)):DC_E_AFG_BOOTSTRAP_FUNC', 'bootAuthSucc_actual', 'Total number of successful Ub requests for bootstrapping procedure.', 'SUM', 'SUM', '', 17, 'numeric', 20, 0, 1, 'bootAuthSucc_actual', '', 'PEG', 'PEG', 'bootAuthSucc.actual', null );
insert into Measurementcounter ( TYPEID, DATANAME, DESCRIPTION, TIMEAGGREGATION, GROUPAGGREGATION, COUNTAGGREGATION, COLNUMBER, DATATYPE, DATASIZE, DATASCALE, INCLUDESQL, UNIVOBJECT, UNIVCLASS, COUNTERTYPE, COUNTERPROCESS, DATAID, FOLLOWJOHN ) values ( 'DC_E_AFG:((13)):DC_E_AFG_BOOTSTRAP_FUNC', 'bootAuthSucc_delta', 'Total number of successful Ub requests for bootstrapping procedure.', 'SUM', 'SUM', '', 18, 'numeric', 20, 0, 1, 'bootAuthSucc_delta', '', 'PEG', 'PEG', 'bootAuthSucc.delta', null );
insert into Measurementcounter ( TYPEID, DATANAME, DESCRIPTION, TIMEAGGREGATION, GROUPAGGREGATION, COUNTAGGREGATION, COLNUMBER, DATATYPE, DATASIZE, DATASCALE, INCLUDESQL, UNIVOBJECT, UNIVCLASS, COUNTERTYPE, COUNTERPROCESS, DATAID, FOLLOWJOHN ) values ( 'DC_E_AFG:((13)):DC_E_AFG_BOOTSTRAP_FUNC', 'bootUseFailReq_actual', 'Total number of failed Zn requests for bootstrapping usage procedure.', 'SUM', 'SUM', '', 19, 'numeric', 20, 0, 1, 'bootUseFailReq_actual', '', 'PEG', 'PEG', 'bootUseFailReq.actual', null );
insert into Measurementcounter ( TYPEID, DATANAME, DESCRIPTION, TIMEAGGREGATION, GROUPAGGREGATION, COUNTAGGREGATION, COLNUMBER, DATATYPE, DATASIZE, DATASCALE, INCLUDESQL, UNIVOBJECT, UNIVCLASS, COUNTERTYPE, COUNTERPROCESS, DATAID, FOLLOWJOHN ) values ( 'DC_E_AFG:((13)):DC_E_AFG_BOOTSTRAP_FUNC', 'bootUseFailReq_delta', 'Total number of failed Zn requests for bootstrapping usage procedure.', 'SUM', 'SUM', '', 20, 'numeric', 20, 0, 1, 'bootUseFailReq_delta', '', 'PEG', 'PEG', 'bootUseFailReq.delta', null );
insert into Measurementcounter ( TYPEID, DATANAME, DESCRIPTION, TIMEAGGREGATION, GROUPAGGREGATION, COUNTAGGREGATION, COLNUMBER, DATATYPE, DATASIZE, DATASCALE, INCLUDESQL, UNIVOBJECT, UNIVCLASS, COUNTERTYPE, COUNTERPROCESS, DATAID, FOLLOWJOHN ) values ( 'DC_E_AFG:((13)):DC_E_AFG_BOOTSTRAP_FUNC', 'bootUseSucReq_actual', 'Total number of successful Zn requests for bootstrapping usage procedure.', 'SUM', 'SUM', '', 21, 'numeric', 20, 0, 1, 'bootUseSucReq_actual', '', 'PEG', 'PEG', 'bootUseSucReq.actual', null );
insert into Measurementcounter ( TYPEID, DATANAME, DESCRIPTION, TIMEAGGREGATION, GROUPAGGREGATION, COUNTAGGREGATION, COLNUMBER, DATATYPE, DATASIZE, DATASCALE, INCLUDESQL, UNIVOBJECT, UNIVCLASS, COUNTERTYPE, COUNTERPROCESS, DATAID, FOLLOWJOHN ) values ( 'DC_E_AFG:((13)):DC_E_AFG_BOOTSTRAP_FUNC', 'bootUseSucReq_delta', 'Total number of successful Zn requests for bootstrapping usage procedure.', 'SUM', 'SUM', '', 22, 'numeric', 20, 0, 1, 'bootUseSucReq_delta', '', 'PEG', 'PEG', 'bootUseSucReq.delta', null );
insert into Measurementcounter ( TYPEID, DATANAME, DESCRIPTION, TIMEAGGREGATION, GROUPAGGREGATION, COUNTAGGREGATION, COLNUMBER, DATATYPE, DATASIZE, DATASCALE, INCLUDESQL, UNIVOBJECT, UNIVCLASS, COUNTERTYPE, COUNTERPROCESS, DATAID, FOLLOWJOHN ) values ( 'DC_E_AFG:((13)):DC_E_AFG_BOOTSTRAP_FUNC', 'bootUseTotReq_actual', 'Total number of Zn requests for bootstrapping usage procedure.', 'SUM', 'SUM', '', 23, 'numeric', 20, 0, 1, 'bootUseTotReq_actual', '', 'PEG', 'PEG', 'bootUseTotReq.actual', null );
insert into Measurementcounter ( TYPEID, DATANAME, DESCRIPTION, TIMEAGGREGATION, GROUPAGGREGATION, COUNTAGGREGATION, COLNUMBER, DATATYPE, DATASIZE, DATASCALE, INCLUDESQL, UNIVOBJECT, UNIVCLASS, COUNTERTYPE, COUNTERPROCESS, DATAID, FOLLOWJOHN ) values ( 'DC_E_AFG:((13)):DC_E_AFG_BOOTSTRAP_FUNC', 'bootUseTotReq_delta', 'Total number of Zn requests for bootstrapping usage procedure.', 'SUM', 'SUM', '', 24, 'numeric', 20, 0, 1, 'bootUseTotReq_delta', '', 'PEG', 'PEG', 'bootUseTotReq.delta', null );
insert into Measurementcounter ( TYPEID, DATANAME, DESCRIPTION, TIMEAGGREGATION, GROUPAGGREGATION, COUNTAGGREGATION, COLNUMBER, DATATYPE, DATASIZE, DATASCALE, INCLUDESQL, UNIVOBJECT, UNIVCLASS, COUNTERTYPE, COUNTERPROCESS, DATAID, FOLLOWJOHN ) values ( 'DC_E_AFG:((13)):DC_E_AFG_BOOTSTRAP_FUNC', 'bsfGbaAkaSubCntActSubCount_actual', 'Number of active subscribers currently using the BSF-GBA VP', 'AVG', 'AVG', '', 25, 'numeric', 24, 4, 1, 'bsfGbaAkaSubCntActSubCount_actual', '', 'GAUGE', 'GAUGE', 'bsfGbaAkaSubCntActSubCount.actual', null );
insert into Measurementcounter ( TYPEID, DATANAME, DESCRIPTION, TIMEAGGREGATION, GROUPAGGREGATION, COUNTAGGREGATION, COLNUMBER, DATATYPE, DATASIZE, DATASCALE, INCLUDESQL, UNIVOBJECT, UNIVCLASS, COUNTERTYPE, COUNTERPROCESS, DATAID, FOLLOWJOHN ) values ( 'DC_E_AFG:((13)):DC_E_AFG_BOOTSTRAP_FUNC', 'bsfGbaAkaSubCntActSubCount_max', 'Number of active subscribers currently using the BSF-GBA VP', 'MAX', 'AVG', '', 27, 'numeric', 24, 4, 1, 'bsfGbaAkaSubCntActSubCount_max', '', 'GAUGE', 'GAUGE', 'bsfGbaAkaSubCntActSubCount.max', null );
insert into Measurementcounter ( TYPEID, DATANAME, DESCRIPTION, TIMEAGGREGATION, GROUPAGGREGATION, COUNTAGGREGATION, COLNUMBER, DATATYPE, DATASIZE, DATASCALE, INCLUDESQL, UNIVOBJECT, UNIVCLASS, COUNTERTYPE, COUNTERPROCESS, DATAID, FOLLOWJOHN ) values ( 'DC_E_AFG:((13)):DC_E_AFG_BOOTSTRAP_FUNC', 'bsfGbaAkaSubCntActSubCount_min', 'Number of active subscribers currently using the BSF-GBA VP', 'MIN', 'AVG', '', 26, 'numeric', 24, 4, 1, 'bsfGbaAkaSubCntActSubCount_min', '', 'GAUGE', 'GAUGE', 'bsfGbaAkaSubCntActSubCount.min', null );
insert into Measurementcounter ( TYPEID, DATANAME, DESCRIPTION, TIMEAGGREGATION, GROUPAGGREGATION, COUNTAGGREGATION, COLNUMBER, DATATYPE, DATASIZE, DATASCALE, INCLUDESQL, UNIVOBJECT, UNIVCLASS, COUNTERTYPE, COUNTERPROCESS, DATAID, FOLLOWJOHN ) values ( 'DC_E_AFG:((13)):DC_E_AFG_BOOTSTRAP_FUNC', 'bsfGbaAkaSubCntMaxNafCount_actual', 'Maximum number of active subscribers allowed to use the GBA IoT E-Server SDK VP according to the license available', 'SUM', 'SUM', '', 28, 'numeric', 20, 0, 1, 'bsfGbaAkaSubCntMaxNafCount_actual', '', 'PEG', 'PEG', 'bsfGbaAkaSubCntMaxNafCount.actual', null );
insert into Measurementcounter ( TYPEID, DATANAME, DESCRIPTION, TIMEAGGREGATION, GROUPAGGREGATION, COUNTAGGREGATION, COLNUMBER, DATATYPE, DATASIZE, DATASCALE, INCLUDESQL, UNIVOBJECT, UNIVCLASS, COUNTERTYPE, COUNTERPROCESS, DATAID, FOLLOWJOHN ) values ( 'DC_E_AFG:((13)):DC_E_AFG_BOOTSTRAP_FUNC', 'bsfGbaAkaSubCntMaxNafCount_delta', 'Maximum number of active subscribers allowed to use the GBA IoT E-Server SDK VP according to the license available', 'SUM', 'SUM', '', 29, 'numeric', 20, 0, 1, 'bsfGbaAkaSubCntMaxNafCount_delta', '', 'PEG', 'PEG', 'bsfGbaAkaSubCntMaxNafCount.delta', null );
insert into Measurementcounter ( TYPEID, DATANAME, DESCRIPTION, TIMEAGGREGATION, GROUPAGGREGATION, COUNTAGGREGATION, COLNUMBER, DATATYPE, DATASIZE, DATASCALE, INCLUDESQL, UNIVOBJECT, UNIVCLASS, COUNTERTYPE, COUNTERPROCESS, DATAID, FOLLOWJOHN ) values ( 'DC_E_AFG:((13)):DC_E_AFG_BOOTSTRAP_FUNC', 'bsfGbaAkaSubCntMaxSubCount_actual', 'Maximum number of active subscribers allowed to use the BSF-GBA VP according to the license available', 'SUM', 'SUM', '', 30, 'numeric', 20, 0, 1, 'bsfGbaAkaSubCntMaxSubCount_actual', '', 'PEG', 'PEG', 'bsfGbaAkaSubCntMaxSubCount.actual', null );
insert into Measurementcounter ( TYPEID, DATANAME, DESCRIPTION, TIMEAGGREGATION, GROUPAGGREGATION, COUNTAGGREGATION, COLNUMBER, DATATYPE, DATASIZE, DATASCALE, INCLUDESQL, UNIVOBJECT, UNIVCLASS, COUNTERTYPE, COUNTERPROCESS, DATAID, FOLLOWJOHN ) values ( 'DC_E_AFG:((13)):DC_E_AFG_BOOTSTRAP_FUNC', 'bsfGbaAkaSubCntMaxSubCount_delta', 'Maximum number of active subscribers allowed to use the BSF-GBA VP according to the license available', 'SUM', 'SUM', '', 31, 'numeric', 20, 0, 1, 'bsfGbaAkaSubCntMaxSubCount_delta', '', 'PEG', 'PEG', 'bsfGbaAkaSubCntMaxSubCount.delta', null );
insert into Measurementcounter ( TYPEID, DATANAME, DESCRIPTION, TIMEAGGREGATION, GROUPAGGREGATION, COUNTAGGREGATION, COLNUMBER, DATATYPE, DATASIZE, DATASCALE, INCLUDESQL, UNIVOBJECT, UNIVCLASS, COUNTERTYPE, COUNTERPROCESS, DATAID, FOLLOWJOHN ) values ( 'DC_E_AFG:((13)):DC_E_AFG_DIAMETER', 'dZhCntAuthAvgTime_actual', 'Average time in milliseconds between sending a MAR and receiving a successful MAA during the sampling interval.', 'AVG', 'AVG', '', 1, 'numeric', 24, 4, 1, 'dZhCntAuthAvgTime_actual', '', 'GAUGE', 'GAUGE', 'dZhCntAuthAvgTime.actual', null );
insert into Measurementcounter ( TYPEID, DATANAME, DESCRIPTION, TIMEAGGREGATION, GROUPAGGREGATION, COUNTAGGREGATION, COLNUMBER, DATATYPE, DATASIZE, DATASCALE, INCLUDESQL, UNIVOBJECT, UNIVCLASS, COUNTERTYPE, COUNTERPROCESS, DATAID, FOLLOWJOHN ) values ( 'DC_E_AFG:((13)):DC_E_AFG_DIAMETER', 'dZhCntAuthAvgTime_max', 'Average time in milliseconds between sending a MAR and receiving a successful MAA during the sampling interval.', 'MAX', 'AVG', '', 3, 'numeric', 24, 4, 1, 'dZhCntAuthAvgTime_max', '', 'GAUGE', 'GAUGE', 'dZhCntAuthAvgTime.max', null );
insert into Measurementcounter ( TYPEID, DATANAME, DESCRIPTION, TIMEAGGREGATION, GROUPAGGREGATION, COUNTAGGREGATION, COLNUMBER, DATATYPE, DATASIZE, DATASCALE, INCLUDESQL, UNIVOBJECT, UNIVCLASS, COUNTERTYPE, COUNTERPROCESS, DATAID, FOLLOWJOHN ) values ( 'DC_E_AFG:((13)):DC_E_AFG_DIAMETER', 'dZhCntAuthAvgTime_min', 'Average time in milliseconds between sending a MAR and receiving a successful MAA during the sampling interval.', 'MIN', 'AVG', '', 2, 'numeric', 24, 4, 1, 'dZhCntAuthAvgTime_min', '', 'GAUGE', 'GAUGE', 'dZhCntAuthAvgTime.min', null );
insert into Measurementcounter ( TYPEID, DATANAME, DESCRIPTION, TIMEAGGREGATION, GROUPAGGREGATION, COUNTAGGREGATION, COLNUMBER, DATATYPE, DATASIZE, DATASCALE, INCLUDESQL, UNIVOBJECT, UNIVCLASS, COUNTERTYPE, COUNTERPROCESS, DATAID, FOLLOWJOHN ) values ( 'DC_E_AFG:((13)):DC_E_AFG_DIAMETER', 'dZhCntAuthFailed_actual', 'Number of all failed HSS authentications.', 'SUM', 'SUM', '', 4, 'numeric', 20, 0, 1, 'dZhCntAuthFailed_actual', '', 'PEG', 'PEG', 'dZhCntAuthFailed.actual', null );
insert into Measurementcounter ( TYPEID, DATANAME, DESCRIPTION, TIMEAGGREGATION, GROUPAGGREGATION, COUNTAGGREGATION, COLNUMBER, DATATYPE, DATASIZE, DATASCALE, INCLUDESQL, UNIVOBJECT, UNIVCLASS, COUNTERTYPE, COUNTERPROCESS, DATAID, FOLLOWJOHN ) values ( 'DC_E_AFG:((13)):DC_E_AFG_DIAMETER', 'dZhCntAuthFailed_delta', 'Number of all failed HSS authentications.', 'SUM', 'SUM', '', 5, 'numeric', 20, 0, 1, 'dZhCntAuthFailed_delta', '', 'PEG', 'PEG', 'dZhCntAuthFailed.delta', null );
insert into Measurementcounter ( TYPEID, DATANAME, DESCRIPTION, TIMEAGGREGATION, GROUPAGGREGATION, COUNTAGGREGATION, COLNUMBER, DATATYPE, DATASIZE, DATASCALE, INCLUDESQL, UNIVOBJECT, UNIVCLASS, COUNTERTYPE, COUNTERPROCESS, DATAID, FOLLOWJOHN ) values ( 'DC_E_AFG:((13)):DC_E_AFG_DIAMETER', 'dZhCntAuthMaxTime_actual', 'Maximum time in milliseconds between sending a MAR and receiving a successful MAA during the sampling interval.', 'AVG', 'AVG', '', 6, 'numeric', 24, 4, 1, 'dZhCntAuthMaxTime_actual', '', 'GAUGE', 'GAUGE', 'dZhCntAuthMaxTime.actual', null );
insert into Measurementcounter ( TYPEID, DATANAME, DESCRIPTION, TIMEAGGREGATION, GROUPAGGREGATION, COUNTAGGREGATION, COLNUMBER, DATATYPE, DATASIZE, DATASCALE, INCLUDESQL, UNIVOBJECT, UNIVCLASS, COUNTERTYPE, COUNTERPROCESS, DATAID, FOLLOWJOHN ) values ( 'DC_E_AFG:((13)):DC_E_AFG_DIAMETER', 'dZhCntAuthMaxTime_max', 'Maximum time in milliseconds between sending a MAR and receiving a successful MAA during the sampling interval.', 'MAX', 'AVG', '', 8, 'numeric', 24, 4, 1, 'dZhCntAuthMaxTime_max', '', 'GAUGE', 'GAUGE', 'dZhCntAuthMaxTime.max', null );
insert into Measurementcounter ( TYPEID, DATANAME, DESCRIPTION, TIMEAGGREGATION, GROUPAGGREGATION, COUNTAGGREGATION, COLNUMBER, DATATYPE, DATASIZE, DATASCALE, INCLUDESQL, UNIVOBJECT, UNIVCLASS, COUNTERTYPE, COUNTERPROCESS, DATAID, FOLLOWJOHN ) values ( 'DC_E_AFG:((13)):DC_E_AFG_DIAMETER', 'dZhCntAuthMaxTime_min', 'Maximum time in milliseconds between sending a MAR and receiving a successful MAA during the sampling interval.', 'MIN', 'AVG', '', 7, 'numeric', 24, 4, 1, 'dZhCntAuthMaxTime_min', '', 'GAUGE', 'GAUGE', 'dZhCntAuthMaxTime.min', null );
insert into Measurementcounter ( TYPEID, DATANAME, DESCRIPTION, TIMEAGGREGATION, GROUPAGGREGATION, COUNTAGGREGATION, COLNUMBER, DATATYPE, DATASIZE, DATASCALE, INCLUDESQL, UNIVOBJECT, UNIVCLASS, COUNTERTYPE, COUNTERPROCESS, DATAID, FOLLOWJOHN ) values ( 'DC_E_AFG:((13)):DC_E_AFG_DIAMETER', 'dZhCntAuthSuccessful_actual', 'Number of all successful HSS authentications.', 'SUM', 'SUM', '', 9, 'numeric', 20, 0, 1, 'dZhCntAuthSuccessful_actual', '', 'PEG', 'PEG', 'dZhCntAuthSuccessful.actual', null );
insert into Measurementcounter ( TYPEID, DATANAME, DESCRIPTION, TIMEAGGREGATION, GROUPAGGREGATION, COUNTAGGREGATION, COLNUMBER, DATATYPE, DATASIZE, DATASCALE, INCLUDESQL, UNIVOBJECT, UNIVCLASS, COUNTERTYPE, COUNTERPROCESS, DATAID, FOLLOWJOHN ) values ( 'DC_E_AFG:((13)):DC_E_AFG_DIAMETER', 'dZhCntAuthSuccessful_delta', 'Number of all successful HSS authentications.', 'SUM', 'SUM', '', 10, 'numeric', 20, 0, 1, 'dZhCntAuthSuccessful_delta', '', 'PEG', 'PEG', 'dZhCntAuthSuccessful.delta', null );
insert into Measurementcounter ( TYPEID, DATANAME, DESCRIPTION, TIMEAGGREGATION, GROUPAGGREGATION, COUNTAGGREGATION, COLNUMBER, DATATYPE, DATASIZE, DATASCALE, INCLUDESQL, UNIVOBJECT, UNIVCLASS, COUNTERTYPE, COUNTERPROCESS, DATAID, FOLLOWJOHN ) values ( 'DC_E_AFG:((13)):DC_E_AFG_DIAMETER', 'dZhCntAuthTotal_actual', 'Number of all HSS authentications', 'SUM', 'SUM', '', 11, 'numeric', 20, 0, 1, 'dZhCntAuthTotal_actual', '', 'PEG', 'PEG', 'dZhCntAuthTotal.actual', null );
insert into Measurementcounter ( TYPEID, DATANAME, DESCRIPTION, TIMEAGGREGATION, GROUPAGGREGATION, COUNTAGGREGATION, COLNUMBER, DATATYPE, DATASIZE, DATASCALE, INCLUDESQL, UNIVOBJECT, UNIVCLASS, COUNTERTYPE, COUNTERPROCESS, DATAID, FOLLOWJOHN ) values ( 'DC_E_AFG:((13)):DC_E_AFG_DIAMETER', 'dZhCntAuthTotal_delta', 'Number of all HSS authentications', 'SUM', 'SUM', '', 12, 'numeric', 20, 0, 1, 'dZhCntAuthTotal_delta', '', 'PEG', 'PEG', 'dZhCntAuthTotal.delta', null );
insert into Measurementcounter ( TYPEID, DATANAME, DESCRIPTION, TIMEAGGREGATION, GROUPAGGREGATION, COUNTAGGREGATION, COLNUMBER, DATATYPE, DATASIZE, DATASCALE, INCLUDESQL, UNIVOBJECT, UNIVCLASS, COUNTERTYPE, COUNTERPROCESS, DATAID, FOLLOWJOHN ) values ( 'DC_E_AFG:((13)):DC_E_AFG_OPENID_CONN', 'oidcAuthFail401_actual', 'Number of OpenID Connect authentication requests that resulted in a 401.', 'SUM', 'SUM', '', 3, 'numeric', 20, 0, 1, 'oidcAuthFail401_actual', '', 'PEG', 'PEG', 'oidcAuthFail401.actual', null );
insert into Measurementcounter ( TYPEID, DATANAME, DESCRIPTION, TIMEAGGREGATION, GROUPAGGREGATION, COUNTAGGREGATION, COLNUMBER, DATATYPE, DATASIZE, DATASCALE, INCLUDESQL, UNIVOBJECT, UNIVCLASS, COUNTERTYPE, COUNTERPROCESS, DATAID, FOLLOWJOHN ) values ( 'DC_E_AFG:((13)):DC_E_AFG_OPENID_CONN', 'oidcAuthFail401_delta', 'Number of OpenID Connect authentication requests that resulted in a 401.', 'SUM', 'SUM', '', 4, 'numeric', 20, 0, 1, 'oidcAuthFail401_delta', '', 'PEG', 'PEG', 'oidcAuthFail401.delta', null );
insert into Measurementcounter ( TYPEID, DATANAME, DESCRIPTION, TIMEAGGREGATION, GROUPAGGREGATION, COUNTAGGREGATION, COLNUMBER, DATATYPE, DATASIZE, DATASCALE, INCLUDESQL, UNIVOBJECT, UNIVCLASS, COUNTERTYPE, COUNTERPROCESS, DATAID, FOLLOWJOHN ) values ( 'DC_E_AFG:((13)):DC_E_AFG_OPENID_CONN', 'oidcAuthFail_actual', 'Number of failed OpenID Connect authentication requests.', 'SUM', 'SUM', '', 1, 'numeric', 20, 0, 1, 'oidcAuthFail_actual', '', 'PEG', 'PEG', 'oidcAuthFail.actual', null );
insert into Measurementcounter ( TYPEID, DATANAME, DESCRIPTION, TIMEAGGREGATION, GROUPAGGREGATION, COUNTAGGREGATION, COLNUMBER, DATATYPE, DATASIZE, DATASCALE, INCLUDESQL, UNIVOBJECT, UNIVCLASS, COUNTERTYPE, COUNTERPROCESS, DATAID, FOLLOWJOHN ) values ( 'DC_E_AFG:((13)):DC_E_AFG_OPENID_CONN', 'oidcAuthFail_delta', 'Number of failed OpenID Connect authentication requests.', 'SUM', 'SUM', '', 2, 'numeric', 20, 0, 1, 'oidcAuthFail_delta', '', 'PEG', 'PEG', 'oidcAuthFail.delta', null );
insert into Measurementcounter ( TYPEID, DATANAME, DESCRIPTION, TIMEAGGREGATION, GROUPAGGREGATION, COUNTAGGREGATION, COLNUMBER, DATATYPE, DATASIZE, DATASCALE, INCLUDESQL, UNIVOBJECT, UNIVCLASS, COUNTERTYPE, COUNTERPROCESS, DATAID, FOLLOWJOHN ) values ( 'DC_E_AFG:((13)):DC_E_AFG_OPENID_CONN', 'oidcAuthReq_actual', 'Total number of OpenID Connect authentication requests.', 'SUM', 'SUM', '', 5, 'numeric', 20, 0, 1, 'oidcAuthReq_actual', '', 'PEG', 'PEG', 'oidcAuthReq.actual', null );
insert into Measurementcounter ( TYPEID, DATANAME, DESCRIPTION, TIMEAGGREGATION, GROUPAGGREGATION, COUNTAGGREGATION, COLNUMBER, DATATYPE, DATASIZE, DATASCALE, INCLUDESQL, UNIVOBJECT, UNIVCLASS, COUNTERTYPE, COUNTERPROCESS, DATAID, FOLLOWJOHN ) values ( 'DC_E_AFG:((13)):DC_E_AFG_OPENID_CONN', 'oidcAuthReq_delta', 'Total number of OpenID Connect authentication requests.', 'SUM', 'SUM', '', 6, 'numeric', 20, 0, 1, 'oidcAuthReq_delta', '', 'PEG', 'PEG', 'oidcAuthReq.delta', null );
insert into Measurementcounter ( TYPEID, DATANAME, DESCRIPTION, TIMEAGGREGATION, GROUPAGGREGATION, COUNTAGGREGATION, COLNUMBER, DATATYPE, DATASIZE, DATASCALE, INCLUDESQL, UNIVOBJECT, UNIVCLASS, COUNTERTYPE, COUNTERPROCESS, DATAID, FOLLOWJOHN ) values ( 'DC_E_AFG:((13)):DC_E_AFG_OPENID_CONN', 'oidcAuthSucc_actual', 'Number of successful OpenID Connect authentication responses.', 'SUM', 'SUM', '', 7, 'numeric', 20, 0, 1, 'oidcAuthSucc_actual', '', 'PEG', 'PEG', 'oidcAuthSucc.actual', null );
insert into Measurementcounter ( TYPEID, DATANAME, DESCRIPTION, TIMEAGGREGATION, GROUPAGGREGATION, COUNTAGGREGATION, COLNUMBER, DATATYPE, DATASIZE, DATASCALE, INCLUDESQL, UNIVOBJECT, UNIVCLASS, COUNTERTYPE, COUNTERPROCESS, DATAID, FOLLOWJOHN ) values ( 'DC_E_AFG:((13)):DC_E_AFG_OPENID_CONN', 'oidcAuthSucc_delta', 'Number of successful OpenID Connect authentication responses.', 'SUM', 'SUM', '', 8, 'numeric', 20, 0, 1, 'oidcAuthSucc_delta', '', 'PEG', 'PEG', 'oidcAuthSucc.delta', null );
insert into Measurementcounter ( TYPEID, DATANAME, DESCRIPTION, TIMEAGGREGATION, GROUPAGGREGATION, COUNTAGGREGATION, COLNUMBER, DATATYPE, DATASIZE, DATASCALE, INCLUDESQL, UNIVOBJECT, UNIVCLASS, COUNTERTYPE, COUNTERPROCESS, DATAID, FOLLOWJOHN ) values ( 'DC_E_AFG:((13)):DC_E_AFG_SYSTEM', 'cpuUsage_actual', 'CPU usage is measured as 100  ssCpuIdle (.1.3.6.1.4.1.2021.11.11.0, The percentage of processor time spent idle, calculated over the last minute.).', 'AVG', 'AVG', '', 1, 'numeric', 24, 4, 1, 'cpuUsage_actual', '', 'GAUGE', 'GAUGE', 'cpuUsage.actual', null );
insert into Measurementcounter ( TYPEID, DATANAME, DESCRIPTION, TIMEAGGREGATION, GROUPAGGREGATION, COUNTAGGREGATION, COLNUMBER, DATATYPE, DATASIZE, DATASCALE, INCLUDESQL, UNIVOBJECT, UNIVCLASS, COUNTERTYPE, COUNTERPROCESS, DATAID, FOLLOWJOHN ) values ( 'DC_E_AFG:((13)):DC_E_AFG_SYSTEM', 'cpuUsage_max', 'CPU usage is measured as 100  ssCpuIdle (.1.3.6.1.4.1.2021.11.11.0, The percentage of processor time spent idle, calculated over the last minute.).', 'MAX', 'AVG', '', 3, 'numeric', 24, 4, 1, 'cpuUsage_max', '', 'GAUGE', 'GAUGE', 'cpuUsage.max', null );
insert into Measurementcounter ( TYPEID, DATANAME, DESCRIPTION, TIMEAGGREGATION, GROUPAGGREGATION, COUNTAGGREGATION, COLNUMBER, DATATYPE, DATASIZE, DATASCALE, INCLUDESQL, UNIVOBJECT, UNIVCLASS, COUNTERTYPE, COUNTERPROCESS, DATAID, FOLLOWJOHN ) values ( 'DC_E_AFG:((13)):DC_E_AFG_SYSTEM', 'cpuUsage_min', 'CPU usage is measured as 100  ssCpuIdle (.1.3.6.1.4.1.2021.11.11.0, The percentage of processor time spent idle, calculated over the last minute.).', 'MIN', 'AVG', '', 2, 'numeric', 24, 4, 1, 'cpuUsage_min', '', 'GAUGE', 'GAUGE', 'cpuUsage.min', null );
insert into Measurementcounter ( TYPEID, DATANAME, DESCRIPTION, TIMEAGGREGATION, GROUPAGGREGATION, COUNTAGGREGATION, COLNUMBER, DATATYPE, DATASIZE, DATASCALE, INCLUDESQL, UNIVOBJECT, UNIVCLASS, COUNTERTYPE, COUNTERPROCESS, DATAID, FOLLOWJOHN ) values ( 'DC_E_AFG:((13)):DC_E_AFG_SYSTEM', 'memUsage_actual', 'Memory usage is measured as 100  (memAvailReal+memBuffer+memCached)*100/memTotalReal, which represents the percentage of total memory can be used. The counter details are as follows: memAvailReal .1.3.6.1.4.1.2021.4.6.0 The amount of real/physical memory currently unused or available. memBuffer .1.3.6.1.4.1.2021.4.14.0 The total amount of real or virtual memory currently allocated for use as memory buffers.memCached .1.3.6.1.4.1.2021.4.15.0 The total amount of real or virtual memory currently allocated for use as cached memory. memTotalReal .1.3.6.1.4.1.2021.4.5.0 The total amount of real/physical memory installed on this host.', 'AVG', 'AVG', '', 7, 'numeric', 24, 4, 1, 'memUsage_actual', '', 'GAUGE', 'GAUGE', 'memUsage.actual', null );
insert into Measurementcounter ( TYPEID, DATANAME, DESCRIPTION, TIMEAGGREGATION, GROUPAGGREGATION, COUNTAGGREGATION, COLNUMBER, DATATYPE, DATASIZE, DATASCALE, INCLUDESQL, UNIVOBJECT, UNIVCLASS, COUNTERTYPE, COUNTERPROCESS, DATAID, FOLLOWJOHN ) values ( 'DC_E_AFG:((13)):DC_E_AFG_SYSTEM', 'memUsage_max', 'Memory usage is measured as 100  (memAvailReal+memBuffer+memCached)*100/memTotalReal, which represents the percentage of total memory can be used. The counter details are as follows: memAvailReal .1.3.6.1.4.1.2021.4.6.0 The amount of real/physical memory currently unused or available. memBuffer .1.3.6.1.4.1.2021.4.14.0 The total amount of real or virtual memory currently allocated for use as memory buffers. memCached .1.3.6.1.4.1.2021.4.15.0 The total amount of real or virtual memory currently allocated for use as cached memory. memTotalReal .1.3.6.1.4.1.2021.4.5.0 The total amount of real/physical memory installed on this host.', 'MAX', 'AVG', '', 9, 'numeric', 24, 4, 1, 'memUsage_max', '', 'GAUGE', 'GAUGE', 'memUsage.max', null );
insert into Measurementcounter ( TYPEID, DATANAME, DESCRIPTION, TIMEAGGREGATION, GROUPAGGREGATION, COUNTAGGREGATION, COLNUMBER, DATATYPE, DATASIZE, DATASCALE, INCLUDESQL, UNIVOBJECT, UNIVCLASS, COUNTERTYPE, COUNTERPROCESS, DATAID, FOLLOWJOHN ) values ( 'DC_E_AFG:((13)):DC_E_AFG_SYSTEM', 'memUsage_min', 'Memory usage is measured as 100  (memAvailReal+memBuffer+memCached)*100/memTotalReal, which represents the percentage of total memory can be used. The counter details are as follows: memAvailReal .1.3.6.1.4.1.2021.4.6.0 The amount of real/physical memory currently unused or available. memBuffer .1.3.6.1.4.1.2021.4.14.0 The total amount of real or virtual memory currently allocated for use as memory buffers. memCached .1.3.6.1.4.1.2021.4.15.0 The total amount of real or virtual memory currently allocated for use as cached memory. memTotalReal .1.3.6.1.4.1.2021.4.5.0 The total amount of real/physical memory installed on this host.', 'MIN', 'AVG', '', 8, 'numeric', 24, 4, 1, 'memUsage_min', '', 'GAUGE', 'GAUGE', 'memUsage.min', null );
insert into Measurementcounter ( TYPEID, DATANAME, DESCRIPTION, TIMEAGGREGATION, GROUPAGGREGATION, COUNTAGGREGATION, COLNUMBER, DATATYPE, DATASIZE, DATASCALE, INCLUDESQL, UNIVOBJECT, UNIVCLASS, COUNTERTYPE, COUNTERPROCESS, DATAID, FOLLOWJOHN ) values ( 'DC_E_AFG:((13)):DC_E_AFG_SYSTEM', 'rootPath_actual', 'Disk usage is measured as the used percentage of the root partition (/ path) in the VM (.1.3.6.1.4.1.2021.9.1.9.1, Percentage of space used on disk of the first entry of dskTable). The root partition is entered there during the VM installation.', 'AVG', 'AVG', '', 4, 'numeric', 24, 4, 1, 'rootPath_actual', '', 'GAUGE', 'GAUGE', 'rootPath.actual', null );
insert into Measurementcounter ( TYPEID, DATANAME, DESCRIPTION, TIMEAGGREGATION, GROUPAGGREGATION, COUNTAGGREGATION, COLNUMBER, DATATYPE, DATASIZE, DATASCALE, INCLUDESQL, UNIVOBJECT, UNIVCLASS, COUNTERTYPE, COUNTERPROCESS, DATAID, FOLLOWJOHN ) values ( 'DC_E_AFG:((13)):DC_E_AFG_SYSTEM', 'rootPath_max', 'Disk usage is measured as the used percentage of the root partition (/ path) in the VM (.1.3.6.1.4.1.2021.9.1.9.1, Percentage of space used on disk of the first entry of dskTable). The root partition is entered there during the VM installation.', 'MAX', 'AVG', '', 6, 'numeric', 24, 4, 1, 'rootPath_max', '', 'GAUGE', 'GAUGE', 'rootPath.max', null );
insert into Measurementcounter ( TYPEID, DATANAME, DESCRIPTION, TIMEAGGREGATION, GROUPAGGREGATION, COUNTAGGREGATION, COLNUMBER, DATATYPE, DATASIZE, DATASCALE, INCLUDESQL, UNIVOBJECT, UNIVCLASS, COUNTERTYPE, COUNTERPROCESS, DATAID, FOLLOWJOHN ) values ( 'DC_E_AFG:((13)):DC_E_AFG_SYSTEM', 'rootPath_min', 'Disk usage is measured as the used percentage of the root partition (/ path) in the VM (.1.3.6.1.4.1.2021.9.1.9.1, Percentage of space used on disk of the first entry of dskTable). The root partition is entered there during the VM installation.', 'MIN', 'AVG', '', 5, 'numeric', 24, 4, 1, 'rootPath_min', '', 'GAUGE', 'GAUGE', 'rootPath.min', null );
insert into Measurementcounter ( TYPEID, DATANAME, DESCRIPTION, TIMEAGGREGATION, GROUPAGGREGATION, COUNTAGGREGATION, COLNUMBER, DATATYPE, DATASIZE, DATASCALE, INCLUDESQL, UNIVOBJECT, UNIVCLASS, COUNTERTYPE, COUNTERPROCESS, DATAID, FOLLOWJOHN ) values ( 'DC_E_AFG:((13)):DC_E_AFG_TRUSTEDPROXY', 'tpAuthCntAuthFailed403_actual', 'Counts the number of Trusted Proxy authentication failures with error code 403.', 'SUM', 'SUM', '', 3, 'numeric', 20, 0, 1, 'tpAuthCntAuthFailed403_actual', '', 'PEG', 'PEG', 'tpAuthCntAuthFailed403.actual', null );
insert into Measurementcounter ( TYPEID, DATANAME, DESCRIPTION, TIMEAGGREGATION, GROUPAGGREGATION, COUNTAGGREGATION, COLNUMBER, DATATYPE, DATASIZE, DATASCALE, INCLUDESQL, UNIVOBJECT, UNIVCLASS, COUNTERTYPE, COUNTERPROCESS, DATAID, FOLLOWJOHN ) values ( 'DC_E_AFG:((13)):DC_E_AFG_TRUSTEDPROXY', 'tpAuthCntAuthFailed403_delta', 'Counts the number of Trusted Proxy authentication failures with error code 403.', 'SUM', 'SUM', '', 4, 'numeric', 20, 0, 1, 'tpAuthCntAuthFailed403_delta', '', 'PEG', 'PEG', 'tpAuthCntAuthFailed403.delta', null );
insert into Measurementcounter ( TYPEID, DATANAME, DESCRIPTION, TIMEAGGREGATION, GROUPAGGREGATION, COUNTAGGREGATION, COLNUMBER, DATATYPE, DATASIZE, DATASCALE, INCLUDESQL, UNIVOBJECT, UNIVCLASS, COUNTERTYPE, COUNTERPROCESS, DATAID, FOLLOWJOHN ) values ( 'DC_E_AFG:((13)):DC_E_AFG_TRUSTEDPROXY', 'tpAuthCntAuthFailed_actual', 'Counts the total number of Trusted Proxy authentication failures.', 'SUM', 'SUM', '', 1, 'numeric', 20, 0, 1, 'tpAuthCntAuthFailed_actual', '', 'PEG', 'PEG', 'tpAuthCntAuthFailed.actual', null );
insert into Measurementcounter ( TYPEID, DATANAME, DESCRIPTION, TIMEAGGREGATION, GROUPAGGREGATION, COUNTAGGREGATION, COLNUMBER, DATATYPE, DATASIZE, DATASCALE, INCLUDESQL, UNIVOBJECT, UNIVCLASS, COUNTERTYPE, COUNTERPROCESS, DATAID, FOLLOWJOHN ) values ( 'DC_E_AFG:((13)):DC_E_AFG_TRUSTEDPROXY', 'tpAuthCntAuthFailed_delta', 'Counts the total number of Trusted Proxy authentication failures.', 'SUM', 'SUM', '', 2, 'numeric', 20, 0, 1, 'tpAuthCntAuthFailed_delta', '', 'PEG', 'PEG', 'tpAuthCntAuthFailed.delta', null );
insert into Measurementcounter ( TYPEID, DATANAME, DESCRIPTION, TIMEAGGREGATION, GROUPAGGREGATION, COUNTAGGREGATION, COLNUMBER, DATATYPE, DATASIZE, DATASCALE, INCLUDESQL, UNIVOBJECT, UNIVCLASS, COUNTERTYPE, COUNTERPROCESS, DATAID, FOLLOWJOHN ) values ( 'DC_E_AFG:((13)):DC_E_AFG_TRUSTEDPROXY', 'tpAuthCntAuthGbaDigestReq_actual', 'Counts the number of Trusted Proxy GBA Digest authentication requests.', 'SUM', 'SUM', '', 5, 'numeric', 20, 0, 1, 'tpAuthCntAuthGbaDigestReq_actual', '', 'PEG', 'PEG', 'tpAuthCntAuthGbaDigestReq.actual', null );
insert into Measurementcounter ( TYPEID, DATANAME, DESCRIPTION, TIMEAGGREGATION, GROUPAGGREGATION, COUNTAGGREGATION, COLNUMBER, DATATYPE, DATASIZE, DATASCALE, INCLUDESQL, UNIVOBJECT, UNIVCLASS, COUNTERTYPE, COUNTERPROCESS, DATAID, FOLLOWJOHN ) values ( 'DC_E_AFG:((13)):DC_E_AFG_TRUSTEDPROXY', 'tpAuthCntAuthGbaDigestReq_delta', 'Counts the number of Trusted Proxy GBA Digest authentication requests.', 'SUM', 'SUM', '', 6, 'numeric', 20, 0, 1, 'tpAuthCntAuthGbaDigestReq_delta', '', 'PEG', 'PEG', 'tpAuthCntAuthGbaDigestReq.delta', null );
insert into Measurementcounter ( TYPEID, DATANAME, DESCRIPTION, TIMEAGGREGATION, GROUPAGGREGATION, COUNTAGGREGATION, COLNUMBER, DATATYPE, DATASIZE, DATASCALE, INCLUDESQL, UNIVOBJECT, UNIVCLASS, COUNTERTYPE, COUNTERPROCESS, DATAID, FOLLOWJOHN ) values ( 'DC_E_AFG:((13)):DC_E_AFG_TRUSTEDPROXY', 'tpAuthCntAuthGbaMeBasedReq_actual', 'Counts the number of Trusted Proxy ME-based GBA authentication requests, where the client application resides in the ME.', 'SUM', 'SUM', '', 7, 'numeric', 20, 0, 1, 'tpAuthCntAuthGbaMeBasedReq_actual', '', 'PEG', 'PEG', 'tpAuthCntAuthGbaMeBasedReq.actual', null );
insert into Measurementcounter ( TYPEID, DATANAME, DESCRIPTION, TIMEAGGREGATION, GROUPAGGREGATION, COUNTAGGREGATION, COLNUMBER, DATATYPE, DATASIZE, DATASCALE, INCLUDESQL, UNIVOBJECT, UNIVCLASS, COUNTERTYPE, COUNTERPROCESS, DATAID, FOLLOWJOHN ) values ( 'DC_E_AFG:((13)):DC_E_AFG_TRUSTEDPROXY', 'tpAuthCntAuthGbaMeBasedReq_delta', 'Counts the number of Trusted Proxy ME-based GBA authentication requests, where the client application resides in the ME.', 'SUM', 'SUM', '', 8, 'numeric', 20, 0, 1, 'tpAuthCntAuthGbaMeBasedReq_delta', '', 'PEG', 'PEG', 'tpAuthCntAuthGbaMeBasedReq.delta', null );
insert into Measurementcounter ( TYPEID, DATANAME, DESCRIPTION, TIMEAGGREGATION, GROUPAGGREGATION, COUNTAGGREGATION, COLNUMBER, DATATYPE, DATASIZE, DATASCALE, INCLUDESQL, UNIVOBJECT, UNIVCLASS, COUNTERTYPE, COUNTERPROCESS, DATAID, FOLLOWJOHN ) values ( 'DC_E_AFG:((13)):DC_E_AFG_TRUSTEDPROXY', 'tpAuthCntAuthGbaReq_actual', 'Counts the total number of Trusted Proxy GBA authentication requests.', 'SUM', 'SUM', '', 9, 'numeric', 20, 0, 1, 'tpAuthCntAuthGbaReq_actual', '', 'PEG', 'PEG', 'tpAuthCntAuthGbaReq.actual', null );
insert into Measurementcounter ( TYPEID, DATANAME, DESCRIPTION, TIMEAGGREGATION, GROUPAGGREGATION, COUNTAGGREGATION, COLNUMBER, DATATYPE, DATASIZE, DATASCALE, INCLUDESQL, UNIVOBJECT, UNIVCLASS, COUNTERTYPE, COUNTERPROCESS, DATAID, FOLLOWJOHN ) values ( 'DC_E_AFG:((13)):DC_E_AFG_TRUSTEDPROXY', 'tpAuthCntAuthGbaReq_delta', 'Counts the total number of Trusted Proxy GBA authentication requests.', 'SUM', 'SUM', '', 10, 'numeric', 20, 0, 1, 'tpAuthCntAuthGbaReq_delta', '', 'PEG', 'PEG', 'tpAuthCntAuthGbaReq.delta', null );
insert into Measurementcounter ( TYPEID, DATANAME, DESCRIPTION, TIMEAGGREGATION, GROUPAGGREGATION, COUNTAGGREGATION, COLNUMBER, DATATYPE, DATASIZE, DATASCALE, INCLUDESQL, UNIVOBJECT, UNIVCLASS, COUNTERTYPE, COUNTERPROCESS, DATAID, FOLLOWJOHN ) values ( 'DC_E_AFG:((13)):DC_E_AFG_TRUSTEDPROXY', 'tpAuthCntAuthGibaReq_actual', 'Counts the number of Trusted Proxy GIBA authentication requests.', 'SUM', 'SUM', '', 11, 'numeric', 20, 0, 1, 'tpAuthCntAuthGibaReq_actual', '', 'PEG', 'PEG', 'tpAuthCntAuthGibaReq.actual', null );
insert into Measurementcounter ( TYPEID, DATANAME, DESCRIPTION, TIMEAGGREGATION, GROUPAGGREGATION, COUNTAGGREGATION, COLNUMBER, DATATYPE, DATASIZE, DATASCALE, INCLUDESQL, UNIVOBJECT, UNIVCLASS, COUNTERTYPE, COUNTERPROCESS, DATAID, FOLLOWJOHN ) values ( 'DC_E_AFG:((13)):DC_E_AFG_TRUSTEDPROXY', 'tpAuthCntAuthGibaReq_delta', 'Counts the number of Trusted Proxy GIBA authentication requests.', 'SUM', 'SUM', '', 12, 'numeric', 20, 0, 1, 'tpAuthCntAuthGibaReq_delta', '', 'PEG', 'PEG', 'tpAuthCntAuthGibaReq.delta', null );
insert into Measurementcounter ( TYPEID, DATANAME, DESCRIPTION, TIMEAGGREGATION, GROUPAGGREGATION, COUNTAGGREGATION, COLNUMBER, DATATYPE, DATASIZE, DATASCALE, INCLUDESQL, UNIVOBJECT, UNIVCLASS, COUNTERTYPE, COUNTERPROCESS, DATAID, FOLLOWJOHN ) values ( 'DC_E_AFG:((13)):DC_E_AFG_TRUSTEDPROXY', 'tpAuthCntAuthReq_actual', 'Counts the total number of Trusted Proxy authentication requests.', 'SUM', 'SUM', '', 13, 'numeric', 20, 0, 1, 'tpAuthCntAuthReq_actual', '', 'PEG', 'PEG', 'tpAuthCntAuthReq.actual', null );
insert into Measurementcounter ( TYPEID, DATANAME, DESCRIPTION, TIMEAGGREGATION, GROUPAGGREGATION, COUNTAGGREGATION, COLNUMBER, DATATYPE, DATASIZE, DATASCALE, INCLUDESQL, UNIVOBJECT, UNIVCLASS, COUNTERTYPE, COUNTERPROCESS, DATAID, FOLLOWJOHN ) values ( 'DC_E_AFG:((13)):DC_E_AFG_TRUSTEDPROXY', 'tpAuthCntAuthReq_delta', 'Counts the total number of Trusted Proxy authentication requests.', 'SUM', 'SUM', '', 14, 'numeric', 20, 0, 1, 'tpAuthCntAuthReq_delta', '', 'PEG', 'PEG', 'tpAuthCntAuthReq.delta', null );
insert into Measurementcounter ( TYPEID, DATANAME, DESCRIPTION, TIMEAGGREGATION, GROUPAGGREGATION, COUNTAGGREGATION, COLNUMBER, DATATYPE, DATASIZE, DATASCALE, INCLUDESQL, UNIVOBJECT, UNIVCLASS, COUNTERTYPE, COUNTERPROCESS, DATAID, FOLLOWJOHN ) values ( 'DC_E_AFG:((13)):DC_E_AFG_TRUSTEDPROXY', 'tpAuthCntAuthResp_actual', 'Counts the total number of Trusted Proxy authentication responses.', 'SUM', 'SUM', '', 15, 'numeric', 20, 0, 1, 'tpAuthCntAuthResp_actual', '', 'PEG', 'PEG', 'tpAuthCntAuthResp.actual', null );
insert into Measurementcounter ( TYPEID, DATANAME, DESCRIPTION, TIMEAGGREGATION, GROUPAGGREGATION, COUNTAGGREGATION, COLNUMBER, DATATYPE, DATASIZE, DATASCALE, INCLUDESQL, UNIVOBJECT, UNIVCLASS, COUNTERTYPE, COUNTERPROCESS, DATAID, FOLLOWJOHN ) values ( 'DC_E_AFG:((13)):DC_E_AFG_TRUSTEDPROXY', 'tpAuthCntAuthResp_delta', 'Counts the total number of Trusted Proxy authentication responses.', 'SUM', 'SUM', '', 16, 'numeric', 20, 0, 1, 'tpAuthCntAuthResp_delta', '', 'PEG', 'PEG', 'tpAuthCntAuthResp.delta', null );
insert into Measurementcounter ( TYPEID, DATANAME, DESCRIPTION, TIMEAGGREGATION, GROUPAGGREGATION, COUNTAGGREGATION, COLNUMBER, DATATYPE, DATASIZE, DATASCALE, INCLUDESQL, UNIVOBJECT, UNIVCLASS, COUNTERTYPE, COUNTERPROCESS, DATAID, FOLLOWJOHN ) values ( 'DC_E_AFG:((13)):DC_E_AFG_TRUSTEDPROXY', 'tpAuthCntAuthZxDigestReq_actual', 'Counts the number of Trusted Proxy Zx Digest authentication requests.', 'SUM', 'SUM', '', 17, 'numeric', 20, 0, 1, 'tpAuthCntAuthZxDigestReq_actual', '', 'PEG', 'PEG', 'tpAuthCntAuthZxDigestReq.actual', null );
insert into Measurementcounter ( TYPEID, DATANAME, DESCRIPTION, TIMEAGGREGATION, GROUPAGGREGATION, COUNTAGGREGATION, COLNUMBER, DATATYPE, DATASIZE, DATASCALE, INCLUDESQL, UNIVOBJECT, UNIVCLASS, COUNTERTYPE, COUNTERPROCESS, DATAID, FOLLOWJOHN ) values ( 'DC_E_AFG:((13)):DC_E_AFG_TRUSTEDPROXY', 'tpAuthCntAuthZxDigestReq_delta', 'Counts the number of Trusted Proxy Zx Digest authentication requests.', 'SUM', 'SUM', '', 18, 'numeric', 20, 0, 1, 'tpAuthCntAuthZxDigestReq_delta', '', 'PEG', 'PEG', 'tpAuthCntAuthZxDigestReq.delta', null );
insert into Measurementcounter ( TYPEID, DATANAME, DESCRIPTION, TIMEAGGREGATION, GROUPAGGREGATION, COUNTAGGREGATION, COLNUMBER, DATATYPE, DATASIZE, DATASCALE, INCLUDESQL, UNIVOBJECT, UNIVCLASS, COUNTERTYPE, COUNTERPROCESS, DATAID, FOLLOWJOHN ) values ( 'DC_E_AFG:((13)):DC_E_AFG_TRUSTEDPROXY', 'tpAuthCntAuthZxSsoReq_actual', 'Counts the number of Trusted Proxy Zx SSO authentication requests.', 'SUM', 'SUM', '', 19, 'numeric', 20, 0, 1, 'tpAuthCntAuthZxSsoReq_actual', '', 'PEG', 'PEG', 'tpAuthCntAuthZxSsoReq.actual', null );
insert into Measurementcounter ( TYPEID, DATANAME, DESCRIPTION, TIMEAGGREGATION, GROUPAGGREGATION, COUNTAGGREGATION, COLNUMBER, DATATYPE, DATASIZE, DATASCALE, INCLUDESQL, UNIVOBJECT, UNIVCLASS, COUNTERTYPE, COUNTERPROCESS, DATAID, FOLLOWJOHN ) values ( 'DC_E_AFG:((13)):DC_E_AFG_TRUSTEDPROXY', 'tpAuthCntAuthZxSsoReq_delta', 'Counts the number of Trusted Proxy Zx SSO authentication requests.', 'SUM', 'SUM', '', 20, 'numeric', 20, 0, 1, 'tpAuthCntAuthZxSsoReq_delta', '', 'PEG', 'PEG', 'tpAuthCntAuthZxSsoReq.delta', null );
insert into Measurementcounter ( TYPEID, DATANAME, DESCRIPTION, TIMEAGGREGATION, GROUPAGGREGATION, COUNTAGGREGATION, COLNUMBER, DATATYPE, DATASIZE, DATASCALE, INCLUDESQL, UNIVOBJECT, UNIVCLASS, COUNTERTYPE, COUNTERPROCESS, DATAID, FOLLOWJOHN ) values ( 'DC_E_AFG:((13)):DC_E_AFG_TRUSTEDPROXY', 'tpAuthCntZnReq_actual', 'Counts the number of Trusted Proxy Zn requests to the BSF.', 'SUM', 'SUM', '', 21, 'numeric', 20, 0, 1, 'tpAuthCntZnReq_actual', '', 'PEG', 'PEG', 'tpAuthCntZnReq.actual', null );
insert into Measurementcounter ( TYPEID, DATANAME, DESCRIPTION, TIMEAGGREGATION, GROUPAGGREGATION, COUNTAGGREGATION, COLNUMBER, DATATYPE, DATASIZE, DATASCALE, INCLUDESQL, UNIVOBJECT, UNIVCLASS, COUNTERTYPE, COUNTERPROCESS, DATAID, FOLLOWJOHN ) values ( 'DC_E_AFG:((13)):DC_E_AFG_TRUSTEDPROXY', 'tpAuthCntZnReq_delta', 'Counts the number of Trusted Proxy Zn requests to the BSF.', 'SUM', 'SUM', '', 22, 'numeric', 20, 0, 1, 'tpAuthCntZnReq_delta', '', 'PEG', 'PEG', 'tpAuthCntZnReq.delta', null );
insert into Measurementcounter ( TYPEID, DATANAME, DESCRIPTION, TIMEAGGREGATION, GROUPAGGREGATION, COUNTAGGREGATION, COLNUMBER, DATATYPE, DATASIZE, DATASCALE, INCLUDESQL, UNIVOBJECT, UNIVCLASS, COUNTERTYPE, COUNTERPROCESS, DATAID, FOLLOWJOHN ) values ( 'DC_E_AFG:((13)):DC_E_AFG_TRUSTEDPROXY', 'tpCntHttpDeleteReq_actual', 'Counts the number of Trusted Proxy HTTP DELETE requests.', 'SUM', 'SUM', '', 23, 'numeric', 20, 0, 1, 'tpCntHttpDeleteReq_actual', '', 'PEG', 'PEG', 'tpCntHttpDeleteReq.actual', null );
insert into Measurementcounter ( TYPEID, DATANAME, DESCRIPTION, TIMEAGGREGATION, GROUPAGGREGATION, COUNTAGGREGATION, COLNUMBER, DATATYPE, DATASIZE, DATASCALE, INCLUDESQL, UNIVOBJECT, UNIVCLASS, COUNTERTYPE, COUNTERPROCESS, DATAID, FOLLOWJOHN ) values ( 'DC_E_AFG:((13)):DC_E_AFG_TRUSTEDPROXY', 'tpCntHttpDeleteReq_delta', 'Counts the number of Trusted Proxy HTTP DELETE requests.', 'SUM', 'SUM', '', 24, 'numeric', 20, 0, 1, 'tpCntHttpDeleteReq_delta', '', 'PEG', 'PEG', 'tpCntHttpDeleteReq.delta', null );
insert into Measurementcounter ( TYPEID, DATANAME, DESCRIPTION, TIMEAGGREGATION, GROUPAGGREGATION, COUNTAGGREGATION, COLNUMBER, DATATYPE, DATASIZE, DATASCALE, INCLUDESQL, UNIVOBJECT, UNIVCLASS, COUNTERTYPE, COUNTERPROCESS, DATAID, FOLLOWJOHN ) values ( 'DC_E_AFG:((13)):DC_E_AFG_TRUSTEDPROXY', 'tpCntHttpDsFailedResp_actual', 'Counts the number of Trusted Proxy requests not receiving a 2xx response from the destination servers.', 'SUM', 'SUM', '', 25, 'numeric', 20, 0, 1, 'tpCntHttpDsFailedResp_actual', '', 'PEG', 'PEG', 'tpCntHttpDsFailedResp.actual', null );
insert into Measurementcounter ( TYPEID, DATANAME, DESCRIPTION, TIMEAGGREGATION, GROUPAGGREGATION, COUNTAGGREGATION, COLNUMBER, DATATYPE, DATASIZE, DATASCALE, INCLUDESQL, UNIVOBJECT, UNIVCLASS, COUNTERTYPE, COUNTERPROCESS, DATAID, FOLLOWJOHN ) values ( 'DC_E_AFG:((13)):DC_E_AFG_TRUSTEDPROXY', 'tpCntHttpDsFailedResp_delta', 'Counts the number of Trusted Proxy requests not receiving a 2xx response from the destination servers.', 'SUM', 'SUM', '', 26, 'numeric', 20, 0, 1, 'tpCntHttpDsFailedResp_delta', '', 'PEG', 'PEG', 'tpCntHttpDsFailedResp.delta', null );
insert into Measurementcounter ( TYPEID, DATANAME, DESCRIPTION, TIMEAGGREGATION, GROUPAGGREGATION, COUNTAGGREGATION, COLNUMBER, DATATYPE, DATASIZE, DATASCALE, INCLUDESQL, UNIVOBJECT, UNIVCLASS, COUNTERTYPE, COUNTERPROCESS, DATAID, FOLLOWJOHN ) values ( 'DC_E_AFG:((13)):DC_E_AFG_TRUSTEDPROXY', 'tpCntHttpFailedResp_actual', 'Counts the number of all Trusted Proxy requests not receiving a 2xx response.', 'SUM', 'SUM', '', 27, 'numeric', 20, 0, 1, 'tpCntHttpFailedResp_actual', '', 'PEG', 'PEG', 'tpCntHttpFailedResp.actual', null );
insert into Measurementcounter ( TYPEID, DATANAME, DESCRIPTION, TIMEAGGREGATION, GROUPAGGREGATION, COUNTAGGREGATION, COLNUMBER, DATATYPE, DATASIZE, DATASCALE, INCLUDESQL, UNIVOBJECT, UNIVCLASS, COUNTERTYPE, COUNTERPROCESS, DATAID, FOLLOWJOHN ) values ( 'DC_E_AFG:((13)):DC_E_AFG_TRUSTEDPROXY', 'tpCntHttpFailedResp_delta', 'Counts the number of all Trusted Proxy requests not receiving a 2xx response.', 'SUM', 'SUM', '', 28, 'numeric', 20, 0, 1, 'tpCntHttpFailedResp_delta', '', 'PEG', 'PEG', 'tpCntHttpFailedResp.delta', null );
insert into Measurementcounter ( TYPEID, DATANAME, DESCRIPTION, TIMEAGGREGATION, GROUPAGGREGATION, COUNTAGGREGATION, COLNUMBER, DATATYPE, DATASIZE, DATASCALE, INCLUDESQL, UNIVOBJECT, UNIVCLASS, COUNTERTYPE, COUNTERPROCESS, DATAID, FOLLOWJOHN ) values ( 'DC_E_AFG:((13)):DC_E_AFG_TRUSTEDPROXY', 'tpCntHttpFwdReq_actual', 'Counts the number of Trusted Proxy requests forwarded to the destination servers.', 'SUM', 'SUM', '', 29, 'numeric', 20, 0, 1, 'tpCntHttpFwdReq_actual', '', 'PEG', 'PEG', 'tpCntHttpFwdReq.actual', null );
insert into Measurementcounter ( TYPEID, DATANAME, DESCRIPTION, TIMEAGGREGATION, GROUPAGGREGATION, COUNTAGGREGATION, COLNUMBER, DATATYPE, DATASIZE, DATASCALE, INCLUDESQL, UNIVOBJECT, UNIVCLASS, COUNTERTYPE, COUNTERPROCESS, DATAID, FOLLOWJOHN ) values ( 'DC_E_AFG:((13)):DC_E_AFG_TRUSTEDPROXY', 'tpCntHttpFwdReq_delta', 'Counts the number of Trusted Proxy requests forwarded to the destination servers.', 'SUM', 'SUM', '', 30, 'numeric', 20, 0, 1, 'tpCntHttpFwdReq_delta', '', 'PEG', 'PEG', 'tpCntHttpFwdReq.delta', null );
insert into Measurementcounter ( TYPEID, DATANAME, DESCRIPTION, TIMEAGGREGATION, GROUPAGGREGATION, COUNTAGGREGATION, COLNUMBER, DATATYPE, DATASIZE, DATASCALE, INCLUDESQL, UNIVOBJECT, UNIVCLASS, COUNTERTYPE, COUNTERPROCESS, DATAID, FOLLOWJOHN ) values ( 'DC_E_AFG:((13)):DC_E_AFG_TRUSTEDPROXY', 'tpCntHttpGetReq_actual', 'Counts the number of Trusted Proxy HTTP GET requests.', 'SUM', 'SUM', '', 31, 'numeric', 20, 0, 1, 'tpCntHttpGetReq_actual', '', 'PEG', 'PEG', 'tpCntHttpGetReq.actual', null );
insert into Measurementcounter ( TYPEID, DATANAME, DESCRIPTION, TIMEAGGREGATION, GROUPAGGREGATION, COUNTAGGREGATION, COLNUMBER, DATATYPE, DATASIZE, DATASCALE, INCLUDESQL, UNIVOBJECT, UNIVCLASS, COUNTERTYPE, COUNTERPROCESS, DATAID, FOLLOWJOHN ) values ( 'DC_E_AFG:((13)):DC_E_AFG_TRUSTEDPROXY', 'tpCntHttpGetReq_delta', 'Counts the number of Trusted Proxy HTTP GET requests.', 'SUM', 'SUM', '', 32, 'numeric', 20, 0, 1, 'tpCntHttpGetReq_delta', '', 'PEG', 'PEG', 'tpCntHttpGetReq.delta', null );
insert into Measurementcounter ( TYPEID, DATANAME, DESCRIPTION, TIMEAGGREGATION, GROUPAGGREGATION, COUNTAGGREGATION, COLNUMBER, DATATYPE, DATASIZE, DATASCALE, INCLUDESQL, UNIVOBJECT, UNIVCLASS, COUNTERTYPE, COUNTERPROCESS, DATAID, FOLLOWJOHN ) values ( 'DC_E_AFG:((13)):DC_E_AFG_TRUSTEDPROXY', 'tpCntHttpOtherReq_actual', 'Counts the number of Trusted Proxy requests with other HTTP methods.', 'SUM', 'SUM', '', 33, 'numeric', 20, 0, 1, 'tpCntHttpOtherReq_actual', '', 'PEG', 'PEG', 'tpCntHttpOtherReq.actual', null );
insert into Measurementcounter ( TYPEID, DATANAME, DESCRIPTION, TIMEAGGREGATION, GROUPAGGREGATION, COUNTAGGREGATION, COLNUMBER, DATATYPE, DATASIZE, DATASCALE, INCLUDESQL, UNIVOBJECT, UNIVCLASS, COUNTERTYPE, COUNTERPROCESS, DATAID, FOLLOWJOHN ) values ( 'DC_E_AFG:((13)):DC_E_AFG_TRUSTEDPROXY', 'tpCntHttpOtherReq_delta', 'Counts the number of Trusted Proxy requests with other HTTP methods.', 'SUM', 'SUM', '', 34, 'numeric', 20, 0, 1, 'tpCntHttpOtherReq_delta', '', 'PEG', 'PEG', 'tpCntHttpOtherReq.delta', null );
insert into Measurementcounter ( TYPEID, DATANAME, DESCRIPTION, TIMEAGGREGATION, GROUPAGGREGATION, COUNTAGGREGATION, COLNUMBER, DATATYPE, DATASIZE, DATASCALE, INCLUDESQL, UNIVOBJECT, UNIVCLASS, COUNTERTYPE, COUNTERPROCESS, DATAID, FOLLOWJOHN ) values ( 'DC_E_AFG:((13)):DC_E_AFG_TRUSTEDPROXY', 'tpCntHttpPostReq_actual', 'Counts the number of Trusted Proxy HTTP POST requests.', 'SUM', 'SUM', '', 35, 'numeric', 20, 0, 1, 'tpCntHttpPostReq_actual', '', 'PEG', 'PEG', 'tpCntHttpPostReq.actual', null );
insert into Measurementcounter ( TYPEID, DATANAME, DESCRIPTION, TIMEAGGREGATION, GROUPAGGREGATION, COUNTAGGREGATION, COLNUMBER, DATATYPE, DATASIZE, DATASCALE, INCLUDESQL, UNIVOBJECT, UNIVCLASS, COUNTERTYPE, COUNTERPROCESS, DATAID, FOLLOWJOHN ) values ( 'DC_E_AFG:((13)):DC_E_AFG_TRUSTEDPROXY', 'tpCntHttpPostReq_delta', 'Counts the number of Trusted Proxy HTTP POST requests.', 'SUM', 'SUM', '', 36, 'numeric', 20, 0, 1, 'tpCntHttpPostReq_delta', '', 'PEG', 'PEG', 'tpCntHttpPostReq.delta', null );
insert into Measurementcounter ( TYPEID, DATANAME, DESCRIPTION, TIMEAGGREGATION, GROUPAGGREGATION, COUNTAGGREGATION, COLNUMBER, DATATYPE, DATASIZE, DATASCALE, INCLUDESQL, UNIVOBJECT, UNIVCLASS, COUNTERTYPE, COUNTERPROCESS, DATAID, FOLLOWJOHN ) values ( 'DC_E_AFG:((13)):DC_E_AFG_TRUSTEDPROXY', 'tpCntHttpPutReq_actual', 'Counts the number of Trusted Proxy HTTP PUT requests.', 'SUM', 'SUM', '', 37, 'numeric', 20, 0, 1, 'tpCntHttpPutReq_actual', '', 'PEG', 'PEG', 'tpCntHttpPutReq.actual', null );
insert into Measurementcounter ( TYPEID, DATANAME, DESCRIPTION, TIMEAGGREGATION, GROUPAGGREGATION, COUNTAGGREGATION, COLNUMBER, DATATYPE, DATASIZE, DATASCALE, INCLUDESQL, UNIVOBJECT, UNIVCLASS, COUNTERTYPE, COUNTERPROCESS, DATAID, FOLLOWJOHN ) values ( 'DC_E_AFG:((13)):DC_E_AFG_TRUSTEDPROXY', 'tpCntHttpPutReq_delta', 'Counts the number of Trusted Proxy HTTP PUT requests.', 'SUM', 'SUM', '', 38, 'numeric', 20, 0, 1, 'tpCntHttpPutReq_delta', '', 'PEG', 'PEG', 'tpCntHttpPutReq.delta', null );
insert into Measurementcounter ( TYPEID, DATANAME, DESCRIPTION, TIMEAGGREGATION, GROUPAGGREGATION, COUNTAGGREGATION, COLNUMBER, DATATYPE, DATASIZE, DATASCALE, INCLUDESQL, UNIVOBJECT, UNIVCLASS, COUNTERTYPE, COUNTERPROCESS, DATAID, FOLLOWJOHN ) values ( 'DC_E_AFG:((13)):DC_E_AFG_TRUSTEDPROXY', 'tpCntHttpTotalReq_actual', 'Counts the total number of Trusted Proxy HTTTP requests.', 'SUM', 'SUM', '', 39, 'numeric', 20, 0, 1, 'tpCntHttpTotalReq_actual', '', 'PEG', 'PEG', 'tpCntHttpTotalReq.actual', null );
insert into Measurementcounter ( TYPEID, DATANAME, DESCRIPTION, TIMEAGGREGATION, GROUPAGGREGATION, COUNTAGGREGATION, COLNUMBER, DATATYPE, DATASIZE, DATASCALE, INCLUDESQL, UNIVOBJECT, UNIVCLASS, COUNTERTYPE, COUNTERPROCESS, DATAID, FOLLOWJOHN ) values ( 'DC_E_AFG:((13)):DC_E_AFG_TRUSTEDPROXY', 'tpCntHttpTotalReq_delta', 'Counts the total number of Trusted Proxy HTTTP requests.', 'SUM', 'SUM', '', 40, 'numeric', 20, 0, 1, 'tpCntHttpTotalReq_delta', '', 'PEG', 'PEG', 'tpCntHttpTotalReq.delta', null );
insert into Measurementcounter ( TYPEID, DATANAME, DESCRIPTION, TIMEAGGREGATION, GROUPAGGREGATION, COUNTAGGREGATION, COLNUMBER, DATATYPE, DATASIZE, DATASCALE, INCLUDESQL, UNIVOBJECT, UNIVCLASS, COUNTERTYPE, COUNTERPROCESS, DATAID, FOLLOWJOHN ) values ( 'DC_E_AFG:((13)):DC_E_AFG_TRUSTEDPROXY', 'tpSubCntImpiVpActSubCount_actual', 'Number of active IMPI subscribers using the Trusted Proxy VP', 'AVG', 'AVG', '', 41, 'numeric', 24, 4, 1, 'tpSubCntImpiVpActSubCount_actual', '', 'GAUGE', 'GAUGE', 'tpSubCntImpiVpActSubCount.actual', null );
insert into Measurementcounter ( TYPEID, DATANAME, DESCRIPTION, TIMEAGGREGATION, GROUPAGGREGATION, COUNTAGGREGATION, COLNUMBER, DATATYPE, DATASIZE, DATASCALE, INCLUDESQL, UNIVOBJECT, UNIVCLASS, COUNTERTYPE, COUNTERPROCESS, DATAID, FOLLOWJOHN ) values ( 'DC_E_AFG:((13)):DC_E_AFG_TRUSTEDPROXY', 'tpSubCntImpiVpActSubCount_max', 'Number of active IMPI subscribers using the Trusted Proxy VP', 'MAX', 'AVG', '', 43, 'numeric', 24, 4, 1, 'tpSubCntImpiVpActSubCount_max', '', 'GAUGE', 'GAUGE', 'tpSubCntImpiVpActSubCount.max', null );
insert into Measurementcounter ( TYPEID, DATANAME, DESCRIPTION, TIMEAGGREGATION, GROUPAGGREGATION, COUNTAGGREGATION, COLNUMBER, DATATYPE, DATASIZE, DATASCALE, INCLUDESQL, UNIVOBJECT, UNIVCLASS, COUNTERTYPE, COUNTERPROCESS, DATAID, FOLLOWJOHN ) values ( 'DC_E_AFG:((13)):DC_E_AFG_TRUSTEDPROXY', 'tpSubCntImpiVpActSubCount_min', 'Number of active IMPI subscribers using the Trusted Proxy VP', 'MIN', 'AVG', '', 42, 'numeric', 24, 4, 1, 'tpSubCntImpiVpActSubCount_min', '', 'GAUGE', 'GAUGE', 'tpSubCntImpiVpActSubCount.min', null );
insert into Measurementcounter ( TYPEID, DATANAME, DESCRIPTION, TIMEAGGREGATION, GROUPAGGREGATION, COUNTAGGREGATION, COLNUMBER, DATATYPE, DATASIZE, DATASCALE, INCLUDESQL, UNIVOBJECT, UNIVCLASS, COUNTERTYPE, COUNTERPROCESS, DATAID, FOLLOWJOHN ) values ( 'DC_E_AFG:((13)):DC_E_AFG_TRUSTEDPROXY', 'tpSubCntImpiVpMaxSubCount_actual', 'Maximum number of active IMPI subscribers allowed to use the Trusted Proxy VP according to the license available', 'SUM', 'SUM', '', 44, 'numeric', 20, 0, 1, 'tpSubCntImpiVpMaxSubCount_actual', '', 'PEG', 'PEG', 'tpSubCntImpiVpMaxSubCount.actual', null );
insert into Measurementcounter ( TYPEID, DATANAME, DESCRIPTION, TIMEAGGREGATION, GROUPAGGREGATION, COUNTAGGREGATION, COLNUMBER, DATATYPE, DATASIZE, DATASCALE, INCLUDESQL, UNIVOBJECT, UNIVCLASS, COUNTERTYPE, COUNTERPROCESS, DATAID, FOLLOWJOHN ) values ( 'DC_E_AFG:((13)):DC_E_AFG_TRUSTEDPROXY', 'tpSubCntImpiVpMaxSubCount_delta', 'Maximum number of active IMPI subscribers allowed to use the Trusted Proxy VP according to the license available', 'SUM', 'SUM', '', 45, 'numeric', 20, 0, 1, 'tpSubCntImpiVpMaxSubCount_delta', '', 'PEG', 'PEG', 'tpSubCntImpiVpMaxSubCount.delta', null );
insert into Measurementcounter ( TYPEID, DATANAME, DESCRIPTION, TIMEAGGREGATION, GROUPAGGREGATION, COUNTAGGREGATION, COLNUMBER, DATATYPE, DATASIZE, DATASCALE, INCLUDESQL, UNIVOBJECT, UNIVCLASS, COUNTERTYPE, COUNTERPROCESS, DATAID, FOLLOWJOHN ) values ( 'DC_E_AFG:((13)):DC_E_AFG_TRUSTEDPROXY', 'tpSubCntImpuVpActSubCount_actual', 'Number of active IMPU subscribers using the Trusted Proxy VP', 'AVG', 'AVG', '', 46, 'numeric', 24, 4, 1, 'tpSubCntImpuVpActSubCount_actual', '', 'GAUGE', 'GAUGE', 'tpSubCntImpuVpActSubCount.actual', null );
insert into Measurementcounter ( TYPEID, DATANAME, DESCRIPTION, TIMEAGGREGATION, GROUPAGGREGATION, COUNTAGGREGATION, COLNUMBER, DATATYPE, DATASIZE, DATASCALE, INCLUDESQL, UNIVOBJECT, UNIVCLASS, COUNTERTYPE, COUNTERPROCESS, DATAID, FOLLOWJOHN ) values ( 'DC_E_AFG:((13)):DC_E_AFG_TRUSTEDPROXY', 'tpSubCntImpuVpActSubCount_max', 'Number of active IMPU subscribers using the Trusted Proxy VP', 'MAX', 'AVG', '', 48, 'numeric', 24, 4, 1, 'tpSubCntImpuVpActSubCount_max', '', 'GAUGE', 'GAUGE', 'tpSubCntImpuVpActSubCount.max', null );
insert into Measurementcounter ( TYPEID, DATANAME, DESCRIPTION, TIMEAGGREGATION, GROUPAGGREGATION, COUNTAGGREGATION, COLNUMBER, DATATYPE, DATASIZE, DATASCALE, INCLUDESQL, UNIVOBJECT, UNIVCLASS, COUNTERTYPE, COUNTERPROCESS, DATAID, FOLLOWJOHN ) values ( 'DC_E_AFG:((13)):DC_E_AFG_TRUSTEDPROXY', 'tpSubCntImpuVpActSubCount_min', 'Number of active IMPU subscribers using the Trusted Proxy VP', 'MIN', 'AVG', '', 47, 'numeric', 24, 4, 1, 'tpSubCntImpuVpActSubCount_min', '', 'GAUGE', 'GAUGE', 'tpSubCntImpuVpActSubCount.min', null );
insert into Measurementcounter ( TYPEID, DATANAME, DESCRIPTION, TIMEAGGREGATION, GROUPAGGREGATION, COUNTAGGREGATION, COLNUMBER, DATATYPE, DATASIZE, DATASCALE, INCLUDESQL, UNIVOBJECT, UNIVCLASS, COUNTERTYPE, COUNTERPROCESS, DATAID, FOLLOWJOHN ) values ( 'DC_E_AFG:((13)):DC_E_AFG_TRUSTEDPROXY', 'tpSubCntImpuVpMaxSubCount_actual', 'Maximum number of active IMPU subscribers allowed to use the Trusted Proxy VP according to the license available', 'SUM', 'SUM', '', 49, 'numeric', 20, 0, 1, 'tpSubCntImpuVpMaxSubCount_actual', '', 'PEG', 'PEG', 'tpSubCntImpuVpMaxSubCount.actual', null );
insert into Measurementcounter ( TYPEID, DATANAME, DESCRIPTION, TIMEAGGREGATION, GROUPAGGREGATION, COUNTAGGREGATION, COLNUMBER, DATATYPE, DATASIZE, DATASCALE, INCLUDESQL, UNIVOBJECT, UNIVCLASS, COUNTERTYPE, COUNTERPROCESS, DATAID, FOLLOWJOHN ) values ( 'DC_E_AFG:((13)):DC_E_AFG_TRUSTEDPROXY', 'tpSubCntImpuVpMaxSubCount_delta', 'Maximum number of active IMPU subscribers allowed to use the Trusted Proxy VP according to the license available', 'SUM', 'SUM', '', 50, 'numeric', 20, 0, 1, 'tpSubCntImpuVpMaxSubCount_delta', '', 'PEG', 'PEG', 'tpSubCntImpuVpMaxSubCount.delta', null );
insert into Measurementcounter ( TYPEID, DATANAME, DESCRIPTION, TIMEAGGREGATION, GROUPAGGREGATION, COUNTAGGREGATION, COLNUMBER, DATATYPE, DATASIZE, DATASCALE, INCLUDESQL, UNIVOBJECT, UNIVCLASS, COUNTERTYPE, COUNTERPROCESS, DATAID, FOLLOWJOHN ) values ( 'DC_E_AFG:((13)):DC_E_AFG_VIRTUAL_GATEWAY', 'vgAcceptedReq_actual', 'Number of accepted requests during the period specified by the configuration parameter ''apsCheckCapacityUsageInterval''.', 'SUM', 'SUM', '', 1, 'numeric', 20, 0, 1, 'vgAcceptedReq_actual', '', 'PEG', 'PEG', 'vgAcceptedReq.actual', null );
insert into Measurementcounter ( TYPEID, DATANAME, DESCRIPTION, TIMEAGGREGATION, GROUPAGGREGATION, COUNTAGGREGATION, COLNUMBER, DATATYPE, DATASIZE, DATASCALE, INCLUDESQL, UNIVOBJECT, UNIVCLASS, COUNTERTYPE, COUNTERPROCESS, DATAID, FOLLOWJOHN ) values ( 'DC_E_AFG:((13)):DC_E_AFG_VIRTUAL_GATEWAY', 'vgAcceptedReq_delta', 'Number of accepted requests during the period specified by the configuration parameter ''apsCheckCapacityUsageInterval''.', 'SUM', 'SUM', '', 2, 'numeric', 20, 0, 1, 'vgAcceptedReq_delta', '', 'PEG', 'PEG', 'vgAcceptedReq.delta', null );
insert into Measurementcounter ( TYPEID, DATANAME, DESCRIPTION, TIMEAGGREGATION, GROUPAGGREGATION, COUNTAGGREGATION, COLNUMBER, DATATYPE, DATASIZE, DATASCALE, INCLUDESQL, UNIVOBJECT, UNIVCLASS, COUNTERTYPE, COUNTERPROCESS, DATAID, FOLLOWJOHN ) values ( 'DC_E_AFG:((13)):DC_E_AFG_VIRTUAL_GATEWAY', 'vgPeakTransTimeIntervalLength_actual', 'Length of the current usage capacity time interval in seconds.', 'AVG', 'AVG', '', 3, 'numeric', 24, 4, 1, 'vgPeakTransTimeIntervalLength_actual', '', 'GAUGE', 'GAUGE', 'vgPeakTransTimeIntervalLength.actual', null );
insert into Measurementcounter ( TYPEID, DATANAME, DESCRIPTION, TIMEAGGREGATION, GROUPAGGREGATION, COUNTAGGREGATION, COLNUMBER, DATATYPE, DATASIZE, DATASCALE, INCLUDESQL, UNIVOBJECT, UNIVCLASS, COUNTERTYPE, COUNTERPROCESS, DATAID, FOLLOWJOHN ) values ( 'DC_E_AFG:((13)):DC_E_AFG_VIRTUAL_GATEWAY', 'vgPeakTransTimeIntervalLength_max', 'Length of the current usage capacity time interval in seconds.', 'MAX', 'AVG', '', 5, 'numeric', 24, 4, 1, 'vgPeakTransTimeIntervalLength_max', '', 'GAUGE', 'GAUGE', 'vgPeakTransTimeIntervalLength.max', null );
insert into Measurementcounter ( TYPEID, DATANAME, DESCRIPTION, TIMEAGGREGATION, GROUPAGGREGATION, COUNTAGGREGATION, COLNUMBER, DATATYPE, DATASIZE, DATASCALE, INCLUDESQL, UNIVOBJECT, UNIVCLASS, COUNTERTYPE, COUNTERPROCESS, DATAID, FOLLOWJOHN ) values ( 'DC_E_AFG:((13)):DC_E_AFG_VIRTUAL_GATEWAY', 'vgPeakTransTimeIntervalLength_min', 'Length of the current usage capacity time interval in seconds.', 'MIN', 'AVG', '', 4, 'numeric', 24, 4, 1, 'vgPeakTransTimeIntervalLength_min', '', 'GAUGE', 'GAUGE', 'vgPeakTransTimeIntervalLength.min', null );
insert into Measurementcounter ( TYPEID, DATANAME, DESCRIPTION, TIMEAGGREGATION, GROUPAGGREGATION, COUNTAGGREGATION, COLNUMBER, DATATYPE, DATASIZE, DATASCALE, INCLUDESQL, UNIVOBJECT, UNIVCLASS, COUNTERTYPE, COUNTERPROCESS, DATAID, FOLLOWJOHN ) values ( 'DC_E_AFG:((13)):DC_E_AFG_VIRTUAL_GATEWAY', 'vgPeakTransTransPerTimeInterval_actual', 'Peak value of the number of processed transactions per usage capacity time interval during the sampling interval. This value is an absolute value.', 'AVG', 'AVG', '', 6, 'numeric', 24, 4, 1, 'vgPeakTransTransPerTimeInterval_actual', '', 'GAUGE', 'GAUGE', 'vgPeakTransTransPerTimeInterval.actual', null );
insert into Measurementcounter ( TYPEID, DATANAME, DESCRIPTION, TIMEAGGREGATION, GROUPAGGREGATION, COUNTAGGREGATION, COLNUMBER, DATATYPE, DATASIZE, DATASCALE, INCLUDESQL, UNIVOBJECT, UNIVCLASS, COUNTERTYPE, COUNTERPROCESS, DATAID, FOLLOWJOHN ) values ( 'DC_E_AFG:((13)):DC_E_AFG_VIRTUAL_GATEWAY', 'vgPeakTransTransPerTimeInterval_max', 'Peak value of the number of processed transactions per usage capacity time interval during the sampling interval. This value is an absolute value.', 'MAX', 'AVG', '', 8, 'numeric', 24, 4, 1, 'vgPeakTransTransPerTimeInterval_max', '', 'GAUGE', 'GAUGE', 'vgPeakTransTransPerTimeInterval.max', null );
insert into Measurementcounter ( TYPEID, DATANAME, DESCRIPTION, TIMEAGGREGATION, GROUPAGGREGATION, COUNTAGGREGATION, COLNUMBER, DATATYPE, DATASIZE, DATASCALE, INCLUDESQL, UNIVOBJECT, UNIVCLASS, COUNTERTYPE, COUNTERPROCESS, DATAID, FOLLOWJOHN ) values ( 'DC_E_AFG:((13)):DC_E_AFG_VIRTUAL_GATEWAY', 'vgPeakTransTransPerTimeInterval_min', 'Peak value of the number of processed transactions per usage capacity time interval during the sampling interval. This value is an absolute value.', 'MIN', 'AVG', '', 7, 'numeric', 24, 4, 1, 'vgPeakTransTransPerTimeInterval_min', '', 'GAUGE', 'GAUGE', 'vgPeakTransTransPerTimeInterval.min', null );
insert into Measurementcounter ( TYPEID, DATANAME, DESCRIPTION, TIMEAGGREGATION, GROUPAGGREGATION, COUNTAGGREGATION, COLNUMBER, DATATYPE, DATASIZE, DATASCALE, INCLUDESQL, UNIVOBJECT, UNIVCLASS, COUNTERTYPE, COUNTERPROCESS, DATAID, FOLLOWJOHN ) values ( 'DC_E_AFG:((13)):DC_E_AFG_VIRTUAL_GATEWAY', 'vgRejectedReq_actual', 'Number of rejected requests during the period specified by the configuration parameter ''apsCheckCapacityUsageInterval''.', 'SUM', 'SUM', '', 9, 'numeric', 20, 0, 1, 'vgRejectedReq_actual', '', 'PEG', 'PEG', 'vgRejectedReq.actual', null );
insert into Measurementkey ( TYPEID, DATANAME, DESCRIPTION, ISELEMENT, UNIQUEKEY, COLNUMBER, DATATYPE, DATASIZE, DATASCALE, UNIQUEVALUE, NULLABLE, INDEXES, INCLUDESQL, UNIVOBJECT, JOINABLE, DATAID, ROPGRPCELL ) values ( 'DC_E_AFG:((13)):DC_E_AFG_AFGBH', 'NODE_NAME', 'Node Name', 1, 1, 2, 'varchar', 50, 0, 255, 1, 'HG', 1, 'NODE_NAME', 0, '', 0 );
insert into Measurementkey ( TYPEID, DATANAME, DESCRIPTION, ISELEMENT, UNIQUEKEY, COLNUMBER, DATATYPE, DATASIZE, DATASCALE, UNIQUEVALUE, NULLABLE, INDEXES, INCLUDESQL, UNIVOBJECT, JOINABLE, DATAID, ROPGRPCELL ) values ( 'DC_E_AFG:((13)):DC_E_AFG_AFGBH', 'OSS_ID', 'OSS Id', 0, 1, 1, 'varchar', 50, 0, 255, 1, 'HG', 1, 'OSS_ID', 0, '', 0 );
insert into Measurementkey ( TYPEID, DATANAME, DESCRIPTION, ISELEMENT, UNIQUEKEY, COLNUMBER, DATATYPE, DATASIZE, DATASCALE, UNIQUEVALUE, NULLABLE, INDEXES, INCLUDESQL, UNIVOBJECT, JOINABLE, DATAID, ROPGRPCELL ) values ( 'DC_E_AFG:((13)):DC_E_AFG_AGG_PROXY', 'NODE_NAME', 'Node Name', 1, 1, 2, 'varchar', 50, 0, 255, 1, 'HG', 1, 'NODE_NAME', 0, 'NODE_NAME', 0 );
insert into Measurementkey ( TYPEID, DATANAME, DESCRIPTION, ISELEMENT, UNIQUEKEY, COLNUMBER, DATATYPE, DATASIZE, DATASCALE, UNIQUEVALUE, NULLABLE, INDEXES, INCLUDESQL, UNIVOBJECT, JOINABLE, DATAID, ROPGRPCELL ) values ( 'DC_E_AFG:((13)):DC_E_AFG_AGG_PROXY', 'OSS_ID', 'OSS Id', 0, 1, 1, 'varchar', 50, 0, 255, 1, 'HG', 1, 'OSS_ID', 0, 'OSS_ID', 0 );
insert into Measurementkey ( TYPEID, DATANAME, DESCRIPTION, ISELEMENT, UNIQUEKEY, COLNUMBER, DATATYPE, DATASIZE, DATASCALE, UNIQUEVALUE, NULLABLE, INDEXES, INCLUDESQL, UNIVOBJECT, JOINABLE, DATAID, ROPGRPCELL ) values ( 'DC_E_AFG:((13)):DC_E_AFG_BOOTSTRAP_FUNC', 'NODE_NAME', 'Node Name', 1, 1, 2, 'varchar', 50, 0, 255, 1, 'HG', 1, 'NODE_NAME', 0, 'NODE_NAME', 0 );
insert into Measurementkey ( TYPEID, DATANAME, DESCRIPTION, ISELEMENT, UNIQUEKEY, COLNUMBER, DATATYPE, DATASIZE, DATASCALE, UNIQUEVALUE, NULLABLE, INDEXES, INCLUDESQL, UNIVOBJECT, JOINABLE, DATAID, ROPGRPCELL ) values ( 'DC_E_AFG:((13)):DC_E_AFG_BOOTSTRAP_FUNC', 'OSS_ID', 'OSS Id', 0, 1, 1, 'varchar', 50, 0, 255, 1, 'HG', 1, 'OSS_ID', 0, 'OSS_ID', 0 );
insert into Measurementkey ( TYPEID, DATANAME, DESCRIPTION, ISELEMENT, UNIQUEKEY, COLNUMBER, DATATYPE, DATASIZE, DATASCALE, UNIQUEVALUE, NULLABLE, INDEXES, INCLUDESQL, UNIVOBJECT, JOINABLE, DATAID, ROPGRPCELL ) values ( 'DC_E_AFG:((13)):DC_E_AFG_DIAMETER', 'NODE_NAME', 'Node Name', 1, 1, 2, 'varchar', 50, 0, 255, 1, 'HG', 1, 'NODE_NAME', 0, 'NODE_NAME', 0 );
insert into Measurementkey ( TYPEID, DATANAME, DESCRIPTION, ISELEMENT, UNIQUEKEY, COLNUMBER, DATATYPE, DATASIZE, DATASCALE, UNIQUEVALUE, NULLABLE, INDEXES, INCLUDESQL, UNIVOBJECT, JOINABLE, DATAID, ROPGRPCELL ) values ( 'DC_E_AFG:((13)):DC_E_AFG_DIAMETER', 'OSS_ID', 'OSS Id', 0, 1, 1, 'varchar', 50, 0, 255, 1, 'HG', 1, 'OSS_ID', 0, 'OSS_ID', 0 );
insert into Measurementkey ( TYPEID, DATANAME, DESCRIPTION, ISELEMENT, UNIQUEKEY, COLNUMBER, DATATYPE, DATASIZE, DATASCALE, UNIQUEVALUE, NULLABLE, INDEXES, INCLUDESQL, UNIVOBJECT, JOINABLE, DATAID, ROPGRPCELL ) values ( 'DC_E_AFG:((13)):DC_E_AFG_OPENID_CONN', 'NODE_NAME', 'Node Name', 1, 1, 2, 'varchar', 50, 0, 255, 1, 'HG', 1, 'NODE_NAME', 0, 'NODE_NAME', 0 );
insert into Measurementkey ( TYPEID, DATANAME, DESCRIPTION, ISELEMENT, UNIQUEKEY, COLNUMBER, DATATYPE, DATASIZE, DATASCALE, UNIQUEVALUE, NULLABLE, INDEXES, INCLUDESQL, UNIVOBJECT, JOINABLE, DATAID, ROPGRPCELL ) values ( 'DC_E_AFG:((13)):DC_E_AFG_OPENID_CONN', 'OSS_ID', 'OSS Id', 0, 1, 1, 'varchar', 50, 0, 255, 1, 'HG', 1, 'OSS_ID', 0, 'OSS_ID', 0 );
insert into Measurementkey ( TYPEID, DATANAME, DESCRIPTION, ISELEMENT, UNIQUEKEY, COLNUMBER, DATATYPE, DATASIZE, DATASCALE, UNIQUEVALUE, NULLABLE, INDEXES, INCLUDESQL, UNIVOBJECT, JOINABLE, DATAID, ROPGRPCELL ) values ( 'DC_E_AFG:((13)):DC_E_AFG_SYSTEM', 'NODE_NAME', 'Node Name', 1, 1, 2, 'varchar', 50, 0, 255, 1, 'HG', 1, 'NODE_NAME', 0, 'NODE_NAME', 0 );
insert into Measurementkey ( TYPEID, DATANAME, DESCRIPTION, ISELEMENT, UNIQUEKEY, COLNUMBER, DATATYPE, DATASIZE, DATASCALE, UNIQUEVALUE, NULLABLE, INDEXES, INCLUDESQL, UNIVOBJECT, JOINABLE, DATAID, ROPGRPCELL ) values ( 'DC_E_AFG:((13)):DC_E_AFG_SYSTEM', 'OSS_ID', 'OSS Id', 0, 1, 1, 'varchar', 50, 0, 255, 1, 'HG', 1, 'OSS_ID', 0, 'OSS_ID', 0 );
insert into Measurementkey ( TYPEID, DATANAME, DESCRIPTION, ISELEMENT, UNIQUEKEY, COLNUMBER, DATATYPE, DATASIZE, DATASCALE, UNIQUEVALUE, NULLABLE, INDEXES, INCLUDESQL, UNIVOBJECT, JOINABLE, DATAID, ROPGRPCELL ) values ( 'DC_E_AFG:((13)):DC_E_AFG_TRUSTEDPROXY', 'NODE_NAME', 'Node Name', 1, 1, 2, 'varchar', 50, 0, 255, 1, 'HG', 1, 'NODE_NAME', 0, 'NODE_NAME', 0 );
insert into Measurementkey ( TYPEID, DATANAME, DESCRIPTION, ISELEMENT, UNIQUEKEY, COLNUMBER, DATATYPE, DATASIZE, DATASCALE, UNIQUEVALUE, NULLABLE, INDEXES, INCLUDESQL, UNIVOBJECT, JOINABLE, DATAID, ROPGRPCELL ) values ( 'DC_E_AFG:((13)):DC_E_AFG_TRUSTEDPROXY', 'OSS_ID', 'OSS Id', 0, 1, 1, 'varchar', 50, 0, 255, 1, 'HG', 1, 'OSS_ID', 0, 'OSS_ID', 0 );
insert into Measurementkey ( TYPEID, DATANAME, DESCRIPTION, ISELEMENT, UNIQUEKEY, COLNUMBER, DATATYPE, DATASIZE, DATASCALE, UNIQUEVALUE, NULLABLE, INDEXES, INCLUDESQL, UNIVOBJECT, JOINABLE, DATAID, ROPGRPCELL ) values ( 'DC_E_AFG:((13)):DC_E_AFG_VIRTUAL_GATEWAY', 'NODE_NAME', 'Node Name', 1, 1, 2, 'varchar', 50, 0, 255, 1, 'HG', 1, 'NODE_NAME', 0, 'NODE_NAME', 0 );
insert into Measurementkey ( TYPEID, DATANAME, DESCRIPTION, ISELEMENT, UNIQUEKEY, COLNUMBER, DATATYPE, DATASIZE, DATASCALE, UNIQUEVALUE, NULLABLE, INDEXES, INCLUDESQL, UNIVOBJECT, JOINABLE, DATAID, ROPGRPCELL ) values ( 'DC_E_AFG:((13)):DC_E_AFG_VIRTUAL_GATEWAY', 'OSS_ID', 'OSS Id', 0, 1, 1, 'varchar', 50, 0, 255, 1, 'HG', 1, 'OSS_ID', 0, 'OSS_ID', 0 );
insert into Measurementkey ( TYPEID, DATANAME, DESCRIPTION, ISELEMENT, UNIQUEKEY, COLNUMBER, DATATYPE, DATASIZE, DATASCALE, UNIQUEVALUE, NULLABLE, INDEXES, INCLUDESQL, UNIVOBJECT, JOINABLE, DATAID, ROPGRPCELL ) values ( 'DC_E_AFG:((13)):DC_E_AFG_VIRTUAL_GATEWAY', 'VIRTUAL_GATEWAY', 'Virtual gateway', 0, 1, 3, 'varchar', 35, 0, 255, 1, 'HG', 1, 'VIRTUAL_GATEWAY', 0, 'VIRTUAL_GATEWAY', 0 );
insert into Measurementobjbhsupport ( TYPEID, OBJBHSUPPORT ) values ( 'DC_E_AFG:((13)):DC_E_AFG_AFGBH', 'AFG' );
insert into Measurementobjbhsupport ( TYPEID, OBJBHSUPPORT ) values ( 'DC_E_AFG:((13)):DC_E_AFG_AGG_PROXY', 'AFG' );
insert into Measurementobjbhsupport ( TYPEID, OBJBHSUPPORT ) values ( 'DC_E_AFG:((13)):DC_E_AFG_BOOTSTRAP_FUNC', 'AFG' );
insert into Measurementobjbhsupport ( TYPEID, OBJBHSUPPORT ) values ( 'DC_E_AFG:((13)):DC_E_AFG_DIAMETER', 'AFG' );
insert into Measurementobjbhsupport ( TYPEID, OBJBHSUPPORT ) values ( 'DC_E_AFG:((13)):DC_E_AFG_OPENID_CONN', 'AFG' );
insert into Measurementobjbhsupport ( TYPEID, OBJBHSUPPORT ) values ( 'DC_E_AFG:((13)):DC_E_AFG_SYSTEM', 'AFG' );
insert into Measurementobjbhsupport ( TYPEID, OBJBHSUPPORT ) values ( 'DC_E_AFG:((13)):DC_E_AFG_TRUSTEDPROXY', 'AFG' );
insert into Measurementobjbhsupport ( TYPEID, OBJBHSUPPORT ) values ( 'DC_E_AFG:((13)):DC_E_AFG_VIRTUAL_GATEWAY', 'AFG' );
insert into Measurementtable ( MTABLEID, TABLELEVEL, TYPEID, BASETABLENAME, DEFAULT_TEMPLATE, PARTITIONPLAN ) values ( 'DC_E_AFG:((13)):DC_E_AFG_AFGBH:RANKBH', 'RANKBH', 'DC_E_AFG:((13)):DC_E_AFG_AFGBH', 'DC_E_AFG_AFGBH_RANKBH', null, 'medium_rankbh' );
insert into Measurementtable ( MTABLEID, TABLELEVEL, TYPEID, BASETABLENAME, DEFAULT_TEMPLATE, PARTITIONPLAN ) values ( 'DC_E_AFG:((13)):DC_E_AFG_AGG_PROXY:DAY', 'DAY', 'DC_E_AFG:((13)):DC_E_AFG_AGG_PROXY', 'DC_E_AFG_AGG_PROXY_DAY', null, 'medium_day' );
insert into Measurementtable ( MTABLEID, TABLELEVEL, TYPEID, BASETABLENAME, DEFAULT_TEMPLATE, PARTITIONPLAN ) values ( 'DC_E_AFG:((13)):DC_E_AFG_AGG_PROXY:DAYBH', 'DAYBH', 'DC_E_AFG:((13)):DC_E_AFG_AGG_PROXY', 'DC_E_AFG_AGG_PROXY_DAYBH', null, 'medium_daybh' );
insert into Measurementtable ( MTABLEID, TABLELEVEL, TYPEID, BASETABLENAME, DEFAULT_TEMPLATE, PARTITIONPLAN ) values ( 'DC_E_AFG:((13)):DC_E_AFG_AGG_PROXY:RAW', 'RAW', 'DC_E_AFG:((13)):DC_E_AFG_AGG_PROXY', 'DC_E_AFG_AGG_PROXY_RAW', null, 'medium_raw' );
insert into Measurementtable ( MTABLEID, TABLELEVEL, TYPEID, BASETABLENAME, DEFAULT_TEMPLATE, PARTITIONPLAN ) values ( 'DC_E_AFG:((13)):DC_E_AFG_BOOTSTRAP_FUNC:DAY', 'DAY', 'DC_E_AFG:((13)):DC_E_AFG_BOOTSTRAP_FUNC', 'DC_E_AFG_BOOTSTRAP_FUNC_DAY', null, 'medium_day' );
insert into Measurementtable ( MTABLEID, TABLELEVEL, TYPEID, BASETABLENAME, DEFAULT_TEMPLATE, PARTITIONPLAN ) values ( 'DC_E_AFG:((13)):DC_E_AFG_BOOTSTRAP_FUNC:DAYBH', 'DAYBH', 'DC_E_AFG:((13)):DC_E_AFG_BOOTSTRAP_FUNC', 'DC_E_AFG_BOOTSTRAP_FUNC_DAYBH', null, 'medium_daybh' );
insert into Measurementtable ( MTABLEID, TABLELEVEL, TYPEID, BASETABLENAME, DEFAULT_TEMPLATE, PARTITIONPLAN ) values ( 'DC_E_AFG:((13)):DC_E_AFG_BOOTSTRAP_FUNC:RAW', 'RAW', 'DC_E_AFG:((13)):DC_E_AFG_BOOTSTRAP_FUNC', 'DC_E_AFG_BOOTSTRAP_FUNC_RAW', null, 'medium_raw' );
insert into Measurementtable ( MTABLEID, TABLELEVEL, TYPEID, BASETABLENAME, DEFAULT_TEMPLATE, PARTITIONPLAN ) values ( 'DC_E_AFG:((13)):DC_E_AFG_DIAMETER:DAY', 'DAY', 'DC_E_AFG:((13)):DC_E_AFG_DIAMETER', 'DC_E_AFG_DIAMETER_DAY', null, 'medium_day' );
insert into Measurementtable ( MTABLEID, TABLELEVEL, TYPEID, BASETABLENAME, DEFAULT_TEMPLATE, PARTITIONPLAN ) values ( 'DC_E_AFG:((13)):DC_E_AFG_DIAMETER:DAYBH', 'DAYBH', 'DC_E_AFG:((13)):DC_E_AFG_DIAMETER', 'DC_E_AFG_DIAMETER_DAYBH', null, 'medium_daybh' );
insert into Measurementtable ( MTABLEID, TABLELEVEL, TYPEID, BASETABLENAME, DEFAULT_TEMPLATE, PARTITIONPLAN ) values ( 'DC_E_AFG:((13)):DC_E_AFG_DIAMETER:RAW', 'RAW', 'DC_E_AFG:((13)):DC_E_AFG_DIAMETER', 'DC_E_AFG_DIAMETER_RAW', null, 'medium_raw' );
insert into Measurementtable ( MTABLEID, TABLELEVEL, TYPEID, BASETABLENAME, DEFAULT_TEMPLATE, PARTITIONPLAN ) values ( 'DC_E_AFG:((13)):DC_E_AFG_OPENID_CONN:DAY', 'DAY', 'DC_E_AFG:((13)):DC_E_AFG_OPENID_CONN', 'DC_E_AFG_OPENID_CONN_DAY', null, 'medium_day' );
insert into Measurementtable ( MTABLEID, TABLELEVEL, TYPEID, BASETABLENAME, DEFAULT_TEMPLATE, PARTITIONPLAN ) values ( 'DC_E_AFG:((13)):DC_E_AFG_OPENID_CONN:DAYBH', 'DAYBH', 'DC_E_AFG:((13)):DC_E_AFG_OPENID_CONN', 'DC_E_AFG_OPENID_CONN_DAYBH', null, 'medium_daybh' );
insert into Measurementtable ( MTABLEID, TABLELEVEL, TYPEID, BASETABLENAME, DEFAULT_TEMPLATE, PARTITIONPLAN ) values ( 'DC_E_AFG:((13)):DC_E_AFG_OPENID_CONN:RAW', 'RAW', 'DC_E_AFG:((13)):DC_E_AFG_OPENID_CONN', 'DC_E_AFG_OPENID_CONN_RAW', null, 'medium_raw' );
insert into Measurementtable ( MTABLEID, TABLELEVEL, TYPEID, BASETABLENAME, DEFAULT_TEMPLATE, PARTITIONPLAN ) values ( 'DC_E_AFG:((13)):DC_E_AFG_SYSTEM:DAY', 'DAY', 'DC_E_AFG:((13)):DC_E_AFG_SYSTEM', 'DC_E_AFG_SYSTEM_DAY', null, 'medium_day' );
insert into Measurementtable ( MTABLEID, TABLELEVEL, TYPEID, BASETABLENAME, DEFAULT_TEMPLATE, PARTITIONPLAN ) values ( 'DC_E_AFG:((13)):DC_E_AFG_SYSTEM:DAYBH', 'DAYBH', 'DC_E_AFG:((13)):DC_E_AFG_SYSTEM', 'DC_E_AFG_SYSTEM_DAYBH', null, 'medium_daybh' );
insert into Measurementtable ( MTABLEID, TABLELEVEL, TYPEID, BASETABLENAME, DEFAULT_TEMPLATE, PARTITIONPLAN ) values ( 'DC_E_AFG:((13)):DC_E_AFG_SYSTEM:RAW', 'RAW', 'DC_E_AFG:((13)):DC_E_AFG_SYSTEM', 'DC_E_AFG_SYSTEM_RAW', null, 'medium_raw' );
insert into Measurementtable ( MTABLEID, TABLELEVEL, TYPEID, BASETABLENAME, DEFAULT_TEMPLATE, PARTITIONPLAN ) values ( 'DC_E_AFG:((13)):DC_E_AFG_TRUSTEDPROXY:DAY', 'DAY', 'DC_E_AFG:((13)):DC_E_AFG_TRUSTEDPROXY', 'DC_E_AFG_TRUSTEDPROXY_DAY', null, 'medium_day' );
insert into Measurementtable ( MTABLEID, TABLELEVEL, TYPEID, BASETABLENAME, DEFAULT_TEMPLATE, PARTITIONPLAN ) values ( 'DC_E_AFG:((13)):DC_E_AFG_TRUSTEDPROXY:DAYBH', 'DAYBH', 'DC_E_AFG:((13)):DC_E_AFG_TRUSTEDPROXY', 'DC_E_AFG_TRUSTEDPROXY_DAYBH', null, 'medium_daybh' );
insert into Measurementtable ( MTABLEID, TABLELEVEL, TYPEID, BASETABLENAME, DEFAULT_TEMPLATE, PARTITIONPLAN ) values ( 'DC_E_AFG:((13)):DC_E_AFG_TRUSTEDPROXY:RAW', 'RAW', 'DC_E_AFG:((13)):DC_E_AFG_TRUSTEDPROXY', 'DC_E_AFG_TRUSTEDPROXY_RAW', null, 'medium_raw' );
insert into Measurementtable ( MTABLEID, TABLELEVEL, TYPEID, BASETABLENAME, DEFAULT_TEMPLATE, PARTITIONPLAN ) values ( 'DC_E_AFG:((13)):DC_E_AFG_VIRTUAL_GATEWAY:DAY', 'DAY', 'DC_E_AFG:((13)):DC_E_AFG_VIRTUAL_GATEWAY', 'DC_E_AFG_VIRTUAL_GATEWAY_DAY', null, 'medium_day' );
insert into Measurementtable ( MTABLEID, TABLELEVEL, TYPEID, BASETABLENAME, DEFAULT_TEMPLATE, PARTITIONPLAN ) values ( 'DC_E_AFG:((13)):DC_E_AFG_VIRTUAL_GATEWAY:DAYBH', 'DAYBH', 'DC_E_AFG:((13)):DC_E_AFG_VIRTUAL_GATEWAY', 'DC_E_AFG_VIRTUAL_GATEWAY_DAYBH', null, 'medium_daybh' );
insert into Measurementtable ( MTABLEID, TABLELEVEL, TYPEID, BASETABLENAME, DEFAULT_TEMPLATE, PARTITIONPLAN ) values ( 'DC_E_AFG:((13)):DC_E_AFG_VIRTUAL_GATEWAY:RAW', 'RAW', 'DC_E_AFG:((13)):DC_E_AFG_VIRTUAL_GATEWAY', 'DC_E_AFG_VIRTUAL_GATEWAY_RAW', null, 'medium_raw' );
insert into Measurementcolumn ( MTABLEID, DATANAME, COLNUMBER, DATATYPE, DATASIZE, DATASCALE, UNIQUEVALUE, NULLABLE, INDEXES, DESCRIPTION, DATAID, RELEASEID, UNIQUEKEY, INCLUDESQL, COLTYPE, FOLLOWJOHN ) values ( 'DC_E_AFG:((13)):DC_E_AFG_AFGBH:RANKBH', 'BATCH_ID', 14, 'smallint', 0, 0, 255, 1, '', '', 'BATCH_ID', 'BASE_TP_090421', 0, 0, 'PUBLICKEY', null );
insert into Measurementcolumn ( MTABLEID, DATANAME, COLNUMBER, DATATYPE, DATASIZE, DATASCALE, UNIQUEVALUE, NULLABLE, INDEXES, DESCRIPTION, DATAID, RELEASEID, UNIQUEKEY, INCLUDESQL, COLTYPE, FOLLOWJOHN ) values ( 'DC_E_AFG:((13)):DC_E_AFG_AFGBH:RANKBH', 'BHCLASS', 6, 'tinyint', 0, 0, 10, 1, 'LF', '', 'BHCLASS', 'BASE_TP_090421', 0, 0, 'PUBLICKEY', null );
insert into Measurementcolumn ( MTABLEID, DATANAME, COLNUMBER, DATATYPE, DATASIZE, DATASCALE, UNIQUEVALUE, NULLABLE, INDEXES, DESCRIPTION, DATAID, RELEASEID, UNIQUEKEY, INCLUDESQL, COLTYPE, FOLLOWJOHN ) values ( 'DC_E_AFG:((13)):DC_E_AFG_AFGBH:RANKBH', 'BHOBJECT', 23, 'varchar', 30, 0, 2, 1, 'LF', '', 'BHOBJECT', 'BASE_TP_20101117', 0, 0, 'PUBLICKEY', null );
insert into Measurementcolumn ( MTABLEID, DATANAME, COLNUMBER, DATATYPE, DATASIZE, DATASCALE, UNIQUEVALUE, NULLABLE, INDEXES, DESCRIPTION, DATAID, RELEASEID, UNIQUEKEY, INCLUDESQL, COLTYPE, FOLLOWJOHN ) values ( 'DC_E_AFG:((13)):DC_E_AFG_AFGBH:RANKBH', 'BHTYPE', 4, 'varchar', 50, 0, 20, 1, 'LF', '', 'BHTYPE', 'BASE_TP_090421', 1, 0, 'PUBLICKEY', null );
insert into Measurementcolumn ( MTABLEID, DATANAME, COLNUMBER, DATATYPE, DATASIZE, DATASCALE, UNIQUEVALUE, NULLABLE, INDEXES, DESCRIPTION, DATAID, RELEASEID, UNIQUEKEY, INCLUDESQL, COLTYPE, FOLLOWJOHN ) values ( 'DC_E_AFG:((13)):DC_E_AFG_AFGBH:RANKBH', 'BHVALUE', 5, 'numeric', 28, 8, 255, 1, 'HNG', '', 'BHVALUE', 'BASE_TP_090421', 0, 0, 'PUBLICKEY', null );
insert into Measurementcolumn ( MTABLEID, DATANAME, COLNUMBER, DATATYPE, DATASIZE, DATASCALE, UNIQUEVALUE, NULLABLE, INDEXES, DESCRIPTION, DATAID, RELEASEID, UNIQUEKEY, INCLUDESQL, COLTYPE, FOLLOWJOHN ) values ( 'DC_E_AFG:((13)):DC_E_AFG_AFGBH:RANKBH', 'BH_ID', 20, 'unsigned int', 0, 0, 255, 1, 'LF', '', 'BH_ID', 'BASE_TP_20101117', 0, 0, 'PUBLICKEY', null );
insert into Measurementcolumn ( MTABLEID, DATANAME, COLNUMBER, DATATYPE, DATASIZE, DATASCALE, UNIQUEVALUE, NULLABLE, INDEXES, DESCRIPTION, DATAID, RELEASEID, UNIQUEKEY, INCLUDESQL, COLTYPE, FOLLOWJOHN ) values ( 'DC_E_AFG:((13)):DC_E_AFG_AFGBH:RANKBH', 'BUSYHOUR', 9, 'tinyint', 0, 0, 24, 1, 'LF', '', 'BUSYHOUR', 'BASE_TP_090421', 0, 0, 'PUBLICKEY', null );
insert into Measurementcolumn ( MTABLEID, DATANAME, COLNUMBER, DATATYPE, DATASIZE, DATASCALE, UNIQUEVALUE, NULLABLE, INDEXES, DESCRIPTION, DATAID, RELEASEID, UNIQUEKEY, INCLUDESQL, COLTYPE, FOLLOWJOHN ) values ( 'DC_E_AFG:((13)):DC_E_AFG_AFGBH:RANKBH', 'DATACOVERAGE', 10, 'unsigned int', 0, 0, 255, 1, '', '', 'DATACOVERAGE', 'BASE_TP_090421', 0, 1, 'PUBLICKEY', null );
insert into Measurementcolumn ( MTABLEID, DATANAME, COLNUMBER, DATATYPE, DATASIZE, DATASCALE, UNIQUEVALUE, NULLABLE, INDEXES, DESCRIPTION, DATAID, RELEASEID, UNIQUEKEY, INCLUDESQL, COLTYPE, FOLLOWJOHN ) values ( 'DC_E_AFG:((13)):DC_E_AFG_AFGBH:RANKBH', 'DATE_ID', 3, 'date', 0, 0, 255, 1, 'LF', '', 'DATE_ID', 'BASE_TP_090421', 1, 0, 'PUBLICKEY', null );
insert into Measurementcolumn ( MTABLEID, DATANAME, COLNUMBER, DATATYPE, DATASIZE, DATASCALE, UNIQUEVALUE, NULLABLE, INDEXES, DESCRIPTION, DATAID, RELEASEID, UNIQUEKEY, INCLUDESQL, COLTYPE, FOLLOWJOHN ) values ( 'DC_E_AFG:((13)):DC_E_AFG_AFGBH:RANKBH', 'DC_RELEASE', 16, 'varchar', 16, 0, 2, 1, 'LF', '', 'DC_RELEASE', 'BASE_TP_090421', 0, 1, 'PUBLICKEY', null );
insert into Measurementcolumn ( MTABLEID, DATANAME, COLNUMBER, DATATYPE, DATASIZE, DATASCALE, UNIQUEVALUE, NULLABLE, INDEXES, DESCRIPTION, DATAID, RELEASEID, UNIQUEKEY, INCLUDESQL, COLTYPE, FOLLOWJOHN ) values ( 'DC_E_AFG:((13)):DC_E_AFG_AFGBH:RANKBH', 'DC_SOURCE', 17, 'varchar', 16, 0, 2, 1, 'LF', '', 'DC_SOURCE', 'BASE_TP_090421', 0, 1, 'PUBLICKEY', null );
insert into Measurementcolumn ( MTABLEID, DATANAME, COLNUMBER, DATATYPE, DATASIZE, DATASCALE, UNIQUEVALUE, NULLABLE, INDEXES, DESCRIPTION, DATAID, RELEASEID, UNIQUEKEY, INCLUDESQL, COLTYPE, FOLLOWJOHN ) values ( 'DC_E_AFG:((13)):DC_E_AFG_AFGBH:RANKBH', 'DC_SUSPECTFLAG', 19, 'int', 0, 0, 2, 1, 'LF', '', 'DC_SUSPECTFLAG', 'BASE_TP_090421', 0, 1, 'PUBLICKEY', null );
insert into Measurementcolumn ( MTABLEID, DATANAME, COLNUMBER, DATATYPE, DATASIZE, DATASCALE, UNIQUEVALUE, NULLABLE, INDEXES, DESCRIPTION, DATAID, RELEASEID, UNIQUEKEY, INCLUDESQL, COLTYPE, FOLLOWJOHN ) values ( 'DC_E_AFG:((13)):DC_E_AFG_AFGBH:RANKBH', 'DC_TIMEZONE', 18, 'varchar', 16, 0, 2, 1, 'LF', '', 'DC_TIMEZONE', 'BASE_TP_090421', 0, 1, 'PUBLICKEY', null );
insert into Measurementcolumn ( MTABLEID, DATANAME, COLNUMBER, DATATYPE, DATASIZE, DATASCALE, UNIQUEVALUE, NULLABLE, INDEXES, DESCRIPTION, DATAID, RELEASEID, UNIQUEKEY, INCLUDESQL, COLTYPE, FOLLOWJOHN ) values ( 'DC_E_AFG:((13)):DC_E_AFG_AFGBH:RANKBH', 'MONTHBH', 8, 'tinyint', 0, 0, 2, 1, 'LF', '', 'MONTHBH', 'BASE_TP_090421', 0, 0, 'PUBLICKEY', null );
insert into Measurementcolumn ( MTABLEID, DATANAME, COLNUMBER, DATATYPE, DATASIZE, DATASCALE, UNIQUEVALUE, NULLABLE, INDEXES, DESCRIPTION, DATAID, RELEASEID, UNIQUEKEY, INCLUDESQL, COLTYPE, FOLLOWJOHN ) values ( 'DC_E_AFG:((13)):DC_E_AFG_AFGBH:RANKBH', 'NODE_NAME', 2, 'varchar', 50, 0, 255, 1, 'HG', 'Node Name', 'NODE_NAME', 'DC_E_AFG:((13))', 1, 1, 'KEY', null );
insert into Measurementcolumn ( MTABLEID, DATANAME, COLNUMBER, DATATYPE, DATASIZE, DATASCALE, UNIQUEVALUE, NULLABLE, INDEXES, DESCRIPTION, DATAID, RELEASEID, UNIQUEKEY, INCLUDESQL, COLTYPE, FOLLOWJOHN ) values ( 'DC_E_AFG:((13)):DC_E_AFG_AFGBH:RANKBH', 'OFFSET', 22, 'unsigned int', 0, 0, 255, 1, '', '', 'OFFSET', 'BASE_TP_20101117', 0, 0, 'PUBLICKEY', null );
insert into Measurementcolumn ( MTABLEID, DATANAME, COLNUMBER, DATATYPE, DATASIZE, DATASCALE, UNIQUEVALUE, NULLABLE, INDEXES, DESCRIPTION, DATAID, RELEASEID, UNIQUEKEY, INCLUDESQL, COLTYPE, FOLLOWJOHN ) values ( 'DC_E_AFG:((13)):DC_E_AFG_AFGBH:RANKBH', 'OSS_ID', 1, 'varchar', 50, 0, 255, 1, 'HG', 'OSS Id', 'OSS_ID', 'DC_E_AFG:((13))', 1, 1, 'KEY', null );
insert into Measurementcolumn ( MTABLEID, DATANAME, COLNUMBER, DATATYPE, DATASIZE, DATASCALE, UNIQUEVALUE, NULLABLE, INDEXES, DESCRIPTION, DATAID, RELEASEID, UNIQUEKEY, INCLUDESQL, COLTYPE, FOLLOWJOHN ) values ( 'DC_E_AFG:((13)):DC_E_AFG_AFGBH:RANKBH', 'PERIOD_DURATION', 11, 'unsigned int', 0, 0, 10, 1, '', '', 'PERIOD_DURATION', 'BASE_TP_090421', 0, 1, 'PUBLICKEY', null );
insert into Measurementcolumn ( MTABLEID, DATANAME, COLNUMBER, DATATYPE, DATASIZE, DATASCALE, UNIQUEVALUE, NULLABLE, INDEXES, DESCRIPTION, DATAID, RELEASEID, UNIQUEKEY, INCLUDESQL, COLTYPE, FOLLOWJOHN ) values ( 'DC_E_AFG:((13)):DC_E_AFG_AFGBH:RANKBH', 'ROWSTATUS', 15, 'varchar', 16, 0, 10, 1, '', '', 'ROWSTATUS', 'BASE_TP_090421', 0, 1, 'PUBLICKEY', null );
insert into Measurementcolumn ( MTABLEID, DATANAME, COLNUMBER, DATATYPE, DATASIZE, DATASCALE, UNIQUEVALUE, NULLABLE, INDEXES, DESCRIPTION, DATAID, RELEASEID, UNIQUEKEY, INCLUDESQL, COLTYPE, FOLLOWJOHN ) values ( 'DC_E_AFG:((13)):DC_E_AFG_AFGBH:RANKBH', 'SESSION_ID', 13, 'unsigned int', 0, 0, 255, 1, '', '', 'SESSION_ID', 'BASE_TP_090421', 0, 0, 'PUBLICKEY', null );
insert into Measurementcolumn ( MTABLEID, DATANAME, COLNUMBER, DATATYPE, DATASIZE, DATASCALE, UNIQUEVALUE, NULLABLE, INDEXES, DESCRIPTION, DATAID, RELEASEID, UNIQUEKEY, INCLUDESQL, COLTYPE, FOLLOWJOHN ) values ( 'DC_E_AFG:((13)):DC_E_AFG_AFGBH:RANKBH', 'TIMELEVEL', 12, 'varchar', 10, 0, 10, 1, 'LF', '', 'TIMELEVEL', 'BASE_TP_090421', 0, 0, 'PUBLICKEY', null );
insert into Measurementcolumn ( MTABLEID, DATANAME, COLNUMBER, DATATYPE, DATASIZE, DATASCALE, UNIQUEVALUE, NULLABLE, INDEXES, DESCRIPTION, DATAID, RELEASEID, UNIQUEKEY, INCLUDESQL, COLTYPE, FOLLOWJOHN ) values ( 'DC_E_AFG:((13)):DC_E_AFG_AFGBH:RANKBH', 'WEEKBH', 7, 'tinyint', 0, 0, 2, 1, 'LF', '', 'WEEKBH', 'BASE_TP_090421', 0, 0, 'PUBLICKEY', null );
insert into Measurementcolumn ( MTABLEID, DATANAME, COLNUMBER, DATATYPE, DATASIZE, DATASCALE, UNIQUEVALUE, NULLABLE, INDEXES, DESCRIPTION, DATAID, RELEASEID, UNIQUEKEY, INCLUDESQL, COLTYPE, FOLLOWJOHN ) values ( 'DC_E_AFG:((13)):DC_E_AFG_AFGBH:RANKBH', 'WINDOWSIZE', 21, 'unsigned int', 0, 0, 255, 1, '', '', 'WINDOWSIZE', 'BASE_TP_20101117', 0, 0, 'PUBLICKEY', null );
insert into Measurementcolumn ( MTABLEID, DATANAME, COLNUMBER, DATATYPE, DATASIZE, DATASCALE, UNIQUEVALUE, NULLABLE, INDEXES, DESCRIPTION, DATAID, RELEASEID, UNIQUEKEY, INCLUDESQL, COLTYPE, FOLLOWJOHN ) values ( 'DC_E_AFG:((13)):DC_E_AFG_AGG_PROXY:DAY', 'AGG_COUNT', 9, 'smallint', 0, 0, 255, 1, '', '', 'AGG_COUNT', 'BASE_TP_090421', 0, 0, 'PUBLICKEY', null );
insert into Measurementcolumn ( MTABLEID, DATANAME, COLNUMBER, DATATYPE, DATASIZE, DATASCALE, UNIQUEVALUE, NULLABLE, INDEXES, DESCRIPTION, DATAID, RELEASEID, UNIQUEKEY, INCLUDESQL, COLTYPE, FOLLOWJOHN ) values ( 'DC_E_AFG:((13)):DC_E_AFG_AGG_PROXY:DAY', 'BATCH_ID', 12, 'smallint', 0, 0, 255, 1, '', '', 'BATCH_ID', 'BASE_TP_090421', 0, 0, 'PUBLICKEY', null );
insert into Measurementcolumn ( MTABLEID, DATANAME, COLNUMBER, DATATYPE, DATASIZE, DATASCALE, UNIQUEVALUE, NULLABLE, INDEXES, DESCRIPTION, DATAID, RELEASEID, UNIQUEKEY, INCLUDESQL, COLTYPE, FOLLOWJOHN ) values ( 'DC_E_AFG:((13)):DC_E_AFG_AGG_PROXY:DAY', 'DATACOVERAGE', 8, 'unsigned int', 0, 0, 255, 1, '', '', 'DATACOVERAGE', 'BASE_TP_090421', 0, 1, 'PUBLICKEY', null );
insert into Measurementcolumn ( MTABLEID, DATANAME, COLNUMBER, DATATYPE, DATASIZE, DATASCALE, UNIQUEVALUE, NULLABLE, INDEXES, DESCRIPTION, DATAID, RELEASEID, UNIQUEKEY, INCLUDESQL, COLTYPE, FOLLOWJOHN ) values ( 'DC_E_AFG:((13)):DC_E_AFG_AGG_PROXY:DAY', 'DATE_ID', 3, 'date', 0, 0, 255, 1, 'LF', '', 'DATE_ID', 'BASE_TP_090421', 1, 1, 'PUBLICKEY', null );
insert into Measurementcolumn ( MTABLEID, DATANAME, COLNUMBER, DATATYPE, DATASIZE, DATASCALE, UNIQUEVALUE, NULLABLE, INDEXES, DESCRIPTION, DATAID, RELEASEID, UNIQUEKEY, INCLUDESQL, COLTYPE, FOLLOWJOHN ) values ( 'DC_E_AFG:((13)):DC_E_AFG_AGG_PROXY:DAY', 'DAY_ID', 6, 'tinyint', 0, 0, 31, 1, 'LF', '', 'DAY_ID', 'BASE_TP_090421', 0, 0, 'PUBLICKEY', null );
insert into Measurementcolumn ( MTABLEID, DATANAME, COLNUMBER, DATATYPE, DATASIZE, DATASCALE, UNIQUEVALUE, NULLABLE, INDEXES, DESCRIPTION, DATAID, RELEASEID, UNIQUEKEY, INCLUDESQL, COLTYPE, FOLLOWJOHN ) values ( 'DC_E_AFG:((13)):DC_E_AFG_AGG_PROXY:DAY', 'DC_RELEASE', 15, 'varchar', 16, 0, 2, 1, 'LF', '', 'DC_RELEASE', 'BASE_TP_090421', 1, 1, 'PUBLICKEY', null );
insert into Measurementcolumn ( MTABLEID, DATANAME, COLNUMBER, DATATYPE, DATASIZE, DATASCALE, UNIQUEVALUE, NULLABLE, INDEXES, DESCRIPTION, DATAID, RELEASEID, UNIQUEKEY, INCLUDESQL, COLTYPE, FOLLOWJOHN ) values ( 'DC_E_AFG:((13)):DC_E_AFG_AGG_PROXY:DAY', 'DC_SOURCE', 16, 'varchar', 16, 0, 2, 1, 'LF', '', 'DC_SOURCE', 'BASE_TP_090421', 0, 1, 'PUBLICKEY', null );
insert into Measurementcolumn ( MTABLEID, DATANAME, COLNUMBER, DATATYPE, DATASIZE, DATASCALE, UNIQUEVALUE, NULLABLE, INDEXES, DESCRIPTION, DATAID, RELEASEID, UNIQUEKEY, INCLUDESQL, COLTYPE, FOLLOWJOHN ) values ( 'DC_E_AFG:((13)):DC_E_AFG_AGG_PROXY:DAY', 'DC_SUSPECTFLAG', 18, 'int', 0, 0, 2, 1, 'LF', '', 'DC_SUSPECTFLAG', 'BASE_TP_090421', 0, 1, 'PUBLICKEY', null );
insert into Measurementcolumn ( MTABLEID, DATANAME, COLNUMBER, DATATYPE, DATASIZE, DATASCALE, UNIQUEVALUE, NULLABLE, INDEXES, DESCRIPTION, DATAID, RELEASEID, UNIQUEKEY, INCLUDESQL, COLTYPE, FOLLOWJOHN ) values ( 'DC_E_AFG:((13)):DC_E_AFG_AGG_PROXY:DAY', 'DC_TIMEZONE', 17, 'varchar', 16, 0, 2, 1, 'LF', '', 'DC_TIMEZONE', 'BASE_TP_090421', 0, 1, 'PUBLICKEY', null );
insert into Measurementcolumn ( MTABLEID, DATANAME, COLNUMBER, DATATYPE, DATASIZE, DATASCALE, UNIQUEVALUE, NULLABLE, INDEXES, DESCRIPTION, DATAID, RELEASEID, UNIQUEKEY, INCLUDESQL, COLTYPE, FOLLOWJOHN ) values ( 'DC_E_AFG:((13)):DC_E_AFG_AGG_PROXY:DAY', 'MONTH_ID', 5, 'tinyint', 0, 0, 12, 1, 'LF', '', 'MONTH_ID', 'BASE_TP_090421', 0, 0, 'PUBLICKEY', null );
insert into Measurementcolumn ( MTABLEID, DATANAME, COLNUMBER, DATATYPE, DATASIZE, DATASCALE, UNIQUEVALUE, NULLABLE, INDEXES, DESCRIPTION, DATAID, RELEASEID, UNIQUEKEY, INCLUDESQL, COLTYPE, FOLLOWJOHN ) values ( 'DC_E_AFG:((13)):DC_E_AFG_AGG_PROXY:DAY', 'NODE_NAME', 2, 'varchar', 50, 0, 255, 1, 'HG', 'Node Name', 'NODE_NAME', 'DC_E_AFG:((13))', 1, 1, 'KEY', null );
insert into Measurementcolumn ( MTABLEID, DATANAME, COLNUMBER, DATATYPE, DATASIZE, DATASCALE, UNIQUEVALUE, NULLABLE, INDEXES, DESCRIPTION, DATAID, RELEASEID, UNIQUEKEY, INCLUDESQL, COLTYPE, FOLLOWJOHN ) values ( 'DC_E_AFG:((13)):DC_E_AFG_AGG_PROXY:DAY', 'OSS_ID', 1, 'varchar', 50, 0, 255, 1, 'HG', 'OSS Id', 'OSS_ID', 'DC_E_AFG:((13))', 1, 1, 'KEY', null );
insert into Measurementcolumn ( MTABLEID, DATANAME, COLNUMBER, DATATYPE, DATASIZE, DATASCALE, UNIQUEVALUE, NULLABLE, INDEXES, DESCRIPTION, DATAID, RELEASEID, UNIQUEKEY, INCLUDESQL, COLTYPE, FOLLOWJOHN ) values ( 'DC_E_AFG:((13)):DC_E_AFG_AGG_PROXY:DAY', 'PERIOD_DURATION', 13, 'unsigned int', 0, 0, 10, 1, '', '', 'PERIOD_DURATION', 'BASE_TP_090421', 0, 1, 'PUBLICKEY', null );
insert into Measurementcolumn ( MTABLEID, DATANAME, COLNUMBER, DATATYPE, DATASIZE, DATASCALE, UNIQUEVALUE, NULLABLE, INDEXES, DESCRIPTION, DATAID, RELEASEID, UNIQUEKEY, INCLUDESQL, COLTYPE, FOLLOWJOHN ) values ( 'DC_E_AFG:((13)):DC_E_AFG_AGG_PROXY:DAY', 'ROWSTATUS', 14, 'varchar', 16, 0, 10, 1, '', '', 'ROWSTATUS', 'BASE_TP_090421', 0, 1, 'PUBLICKEY', null );
insert into Measurementcolumn ( MTABLEID, DATANAME, COLNUMBER, DATATYPE, DATASIZE, DATASCALE, UNIQUEVALUE, NULLABLE, INDEXES, DESCRIPTION, DATAID, RELEASEID, UNIQUEKEY, INCLUDESQL, COLTYPE, FOLLOWJOHN ) values ( 'DC_E_AFG:((13)):DC_E_AFG_AGG_PROXY:DAY', 'SESSION_ID', 11, 'unsigned int', 0, 0, 255, 1, '', '', 'SESSION_ID', 'BASE_TP_090421', 0, 0, 'PUBLICKEY', null );
insert into Measurementcolumn ( MTABLEID, DATANAME, COLNUMBER, DATATYPE, DATASIZE, DATASCALE, UNIQUEVALUE, NULLABLE, INDEXES, DESCRIPTION, DATAID, RELEASEID, UNIQUEKEY, INCLUDESQL, COLTYPE, FOLLOWJOHN ) values ( 'DC_E_AFG:((13)):DC_E_AFG_AGG_PROXY:DAY', 'TIMELEVEL', 10, 'varchar', 10, 0, 10, 1, 'LF', '', 'TIMELEVEL', 'BASE_TP_090421', 0, 0, 'PUBLICKEY', null );
insert into Measurementcolumn ( MTABLEID, DATANAME, COLNUMBER, DATATYPE, DATASIZE, DATASCALE, UNIQUEVALUE, NULLABLE, INDEXES, DESCRIPTION, DATAID, RELEASEID, UNIQUEKEY, INCLUDESQL, COLTYPE, FOLLOWJOHN ) values ( 'DC_E_AFG:((13)):DC_E_AFG_AGG_PROXY:DAY', 'WEEK_ID', 7, 'tinyint', 0, 0, 53, 1, 'LF', '', 'WEEK_ID', 'BASE_TP_090421', 0, 0, 'PUBLICKEY', null );
insert into Measurementcolumn ( MTABLEID, DATANAME, COLNUMBER, DATATYPE, DATASIZE, DATASCALE, UNIQUEVALUE, NULLABLE, INDEXES, DESCRIPTION, DATAID, RELEASEID, UNIQUEKEY, INCLUDESQL, COLTYPE, FOLLOWJOHN ) values ( 'DC_E_AFG:((13)):DC_E_AFG_AGG_PROXY:DAY', 'YEAR_ID', 4, 'smallint', 0, 0, 20, 1, 'LF', '', 'YEAR_ID', 'BASE_TP_090421', 0, 0, 'PUBLICKEY', null );
insert into Measurementcolumn ( MTABLEID, DATANAME, COLNUMBER, DATATYPE, DATASIZE, DATASCALE, UNIQUEVALUE, NULLABLE, INDEXES, DESCRIPTION, DATAID, RELEASEID, UNIQUEKEY, INCLUDESQL, COLTYPE, FOLLOWJOHN ) values ( 'DC_E_AFG:((13)):DC_E_AFG_AGG_PROXY:DAY', 'apSubCntSsoVpActSubCount_actual', 19, 'numeric', 24, 4, 255, 1, '', 'Number of active subscribers using the Aggregation Proxy Auth Pkg VP', 'apSubCntSsoVpActSubCount.actual', 'DC_E_AFG:((13))', 0, 1, 'COUNTER', null );
insert into Measurementcolumn ( MTABLEID, DATANAME, COLNUMBER, DATATYPE, DATASIZE, DATASCALE, UNIQUEVALUE, NULLABLE, INDEXES, DESCRIPTION, DATAID, RELEASEID, UNIQUEKEY, INCLUDESQL, COLTYPE, FOLLOWJOHN ) values ( 'DC_E_AFG:((13)):DC_E_AFG_AGG_PROXY:DAY', 'apSubCntSsoVpActSubCount_max', 21, 'numeric', 24, 4, 255, 1, '', 'Number of active subscribers using the Aggregation Proxy Auth Pkg VP', 'apSubCntSsoVpActSubCount.max', 'DC_E_AFG:((13))', 0, 1, 'COUNTER', null );
insert into Measurementcolumn ( MTABLEID, DATANAME, COLNUMBER, DATATYPE, DATASIZE, DATASCALE, UNIQUEVALUE, NULLABLE, INDEXES, DESCRIPTION, DATAID, RELEASEID, UNIQUEKEY, INCLUDESQL, COLTYPE, FOLLOWJOHN ) values ( 'DC_E_AFG:((13)):DC_E_AFG_AGG_PROXY:DAY', 'apSubCntSsoVpActSubCount_min', 20, 'numeric', 24, 4, 255, 1, '', 'Number of active subscribers using the Aggregation Proxy Auth Pkg VP', 'apSubCntSsoVpActSubCount.min', 'DC_E_AFG:((13))', 0, 1, 'COUNTER', null );
insert into Measurementcolumn ( MTABLEID, DATANAME, COLNUMBER, DATATYPE, DATASIZE, DATASCALE, UNIQUEVALUE, NULLABLE, INDEXES, DESCRIPTION, DATAID, RELEASEID, UNIQUEKEY, INCLUDESQL, COLTYPE, FOLLOWJOHN ) values ( 'DC_E_AFG:((13)):DC_E_AFG_AGG_PROXY:DAY', 'apSubCntSsoVpMaxSubCount_actual', 22, 'numeric', 20, 0, 255, 1, '', 'Maximum number of active subscribers allowed to use the Aggregation Proxy Auth Pkg VP according to the license available', 'apSubCntSsoVpMaxSubCount.actual', 'DC_E_AFG:((13))', 0, 1, 'COUNTER', null );
insert into Measurementcolumn ( MTABLEID, DATANAME, COLNUMBER, DATATYPE, DATASIZE, DATASCALE, UNIQUEVALUE, NULLABLE, INDEXES, DESCRIPTION, DATAID, RELEASEID, UNIQUEKEY, INCLUDESQL, COLTYPE, FOLLOWJOHN ) values ( 'DC_E_AFG:((13)):DC_E_AFG_AGG_PROXY:DAY', 'apSubCntSsoVpMaxSubCount_delta', 23, 'numeric', 20, 0, 255, 1, '', 'Maximum number of active subscribers allowed to use the Aggregation Proxy Auth Pkg VP according to the license available', 'apSubCntSsoVpMaxSubCount.delta', 'DC_E_AFG:((13))', 0, 1, 'COUNTER', null );
insert into Measurementcolumn ( MTABLEID, DATANAME, COLNUMBER, DATATYPE, DATASIZE, DATASCALE, UNIQUEVALUE, NULLABLE, INDEXES, DESCRIPTION, DATAID, RELEASEID, UNIQUEKEY, INCLUDESQL, COLTYPE, FOLLOWJOHN ) values ( 'DC_E_AFG:((13)):DC_E_AFG_AGG_PROXY:DAY', 'cnpCntInboundReqFailed403_actual', 26, 'numeric', 20, 0, 255, 1, '', 'Total number of failed inbound requests handled by Terminating CNP with error code 403.', 'cnpCntInboundReqFailed403.actual', 'DC_E_AFG:((13))', 0, 1, 'COUNTER', null );
insert into Measurementcolumn ( MTABLEID, DATANAME, COLNUMBER, DATATYPE, DATASIZE, DATASCALE, UNIQUEVALUE, NULLABLE, INDEXES, DESCRIPTION, DATAID, RELEASEID, UNIQUEKEY, INCLUDESQL, COLTYPE, FOLLOWJOHN ) values ( 'DC_E_AFG:((13)):DC_E_AFG_AGG_PROXY:DAY', 'cnpCntInboundReqFailed403_delta', 27, 'numeric', 20, 0, 255, 1, '', 'Total number of failed inbound requests handled by Terminating CNP with error code 403.', 'cnpCntInboundReqFailed403.delta', 'DC_E_AFG:((13))', 0, 1, 'COUNTER', null );
insert into Measurementcolumn ( MTABLEID, DATANAME, COLNUMBER, DATATYPE, DATASIZE, DATASCALE, UNIQUEVALUE, NULLABLE, INDEXES, DESCRIPTION, DATAID, RELEASEID, UNIQUEKEY, INCLUDESQL, COLTYPE, FOLLOWJOHN ) values ( 'DC_E_AFG:((13)):DC_E_AFG_AGG_PROXY:DAY', 'cnpCntInboundReqFailed404_actual', 28, 'numeric', 20, 0, 255, 1, '', 'Total number of failed inbound requests handled by Terminating CNP with error code 404.', 'cnpCntInboundReqFailed404.actual', 'DC_E_AFG:((13))', 0, 1, 'COUNTER', null );
insert into Measurementcolumn ( MTABLEID, DATANAME, COLNUMBER, DATATYPE, DATASIZE, DATASCALE, UNIQUEVALUE, NULLABLE, INDEXES, DESCRIPTION, DATAID, RELEASEID, UNIQUEKEY, INCLUDESQL, COLTYPE, FOLLOWJOHN ) values ( 'DC_E_AFG:((13)):DC_E_AFG_AGG_PROXY:DAY', 'cnpCntInboundReqFailed404_delta', 29, 'numeric', 20, 0, 255, 1, '', 'Total number of failed inbound requests handled by Terminating CNP with error code 404.', 'cnpCntInboundReqFailed404.delta', 'DC_E_AFG:((13))', 0, 1, 'COUNTER', null );
insert into Measurementcolumn ( MTABLEID, DATANAME, COLNUMBER, DATATYPE, DATASIZE, DATASCALE, UNIQUEVALUE, NULLABLE, INDEXES, DESCRIPTION, DATAID, RELEASEID, UNIQUEKEY, INCLUDESQL, COLTYPE, FOLLOWJOHN ) values ( 'DC_E_AFG:((13)):DC_E_AFG_AGG_PROXY:DAY', 'cnpCntInboundReqFailedOthers_actual', 30, 'numeric', 20, 0, 255, 1, '', 'Total number of failed inbound requests handled by Terminating CNP other than error code 403 or 404.', 'cnpCntInboundReqFailedOthers.actual', 'DC_E_AFG:((13))', 0, 1, 'COUNTER', null );
insert into Measurementcolumn ( MTABLEID, DATANAME, COLNUMBER, DATATYPE, DATASIZE, DATASCALE, UNIQUEVALUE, NULLABLE, INDEXES, DESCRIPTION, DATAID, RELEASEID, UNIQUEKEY, INCLUDESQL, COLTYPE, FOLLOWJOHN ) values ( 'DC_E_AFG:((13)):DC_E_AFG_AGG_PROXY:DAY', 'cnpCntInboundReqFailedOthers_delta', 31, 'numeric', 20, 0, 255, 1, '', 'Total number of failed inbound requests handled by Terminating CNP other than error code 403 or 404.', 'cnpCntInboundReqFailedOthers.delta', 'DC_E_AFG:((13))', 0, 1, 'COUNTER', null );
insert into Measurementcolumn ( MTABLEID, DATANAME, COLNUMBER, DATATYPE, DATASIZE, DATASCALE, UNIQUEVALUE, NULLABLE, INDEXES, DESCRIPTION, DATAID, RELEASEID, UNIQUEKEY, INCLUDESQL, COLTYPE, FOLLOWJOHN ) values ( 'DC_E_AFG:((13)):DC_E_AFG_AGG_PROXY:DAY', 'cnpCntInboundReq_actual', 24, 'numeric', 20, 0, 255, 1, '', 'Total number of all inbound requests received by Terminating CNP.', 'cnpCntInboundReq.actual', 'DC_E_AFG:((13))', 0, 1, 'COUNTER', null );
insert into Measurementcolumn ( MTABLEID, DATANAME, COLNUMBER, DATATYPE, DATASIZE, DATASCALE, UNIQUEVALUE, NULLABLE, INDEXES, DESCRIPTION, DATAID, RELEASEID, UNIQUEKEY, INCLUDESQL, COLTYPE, FOLLOWJOHN ) values ( 'DC_E_AFG:((13)):DC_E_AFG_AGG_PROXY:DAY', 'cnpCntInboundReq_delta', 25, 'numeric', 20, 0, 255, 1, '', 'Total number of all inbound requests received by Terminating CNP.', 'cnpCntInboundReq.delta', 'DC_E_AFG:((13))', 0, 1, 'COUNTER', null );
insert into Measurementcolumn ( MTABLEID, DATANAME, COLNUMBER, DATATYPE, DATASIZE, DATASCALE, UNIQUEVALUE, NULLABLE, INDEXES, DESCRIPTION, DATAID, RELEASEID, UNIQUEKEY, INCLUDESQL, COLTYPE, FOLLOWJOHN ) values ( 'DC_E_AFG:((13)):DC_E_AFG_AGG_PROXY:DAY', 'cnpCntOutboundReqFailed404_actual', 34, 'numeric', 20, 0, 255, 1, '', 'Total number of failed outbound requests handled by Originating CNP with error code 404.', 'cnpCntOutboundReqFailed404.actual', 'DC_E_AFG:((13))', 0, 1, 'COUNTER', null );
insert into Measurementcolumn ( MTABLEID, DATANAME, COLNUMBER, DATATYPE, DATASIZE, DATASCALE, UNIQUEVALUE, NULLABLE, INDEXES, DESCRIPTION, DATAID, RELEASEID, UNIQUEKEY, INCLUDESQL, COLTYPE, FOLLOWJOHN ) values ( 'DC_E_AFG:((13)):DC_E_AFG_AGG_PROXY:DAY', 'cnpCntOutboundReqFailed404_delta', 35, 'numeric', 20, 0, 255, 1, '', 'Total number of failed outbound requests handled by Originating CNP with error code 404.', 'cnpCntOutboundReqFailed404.delta', 'DC_E_AFG:((13))', 0, 1, 'COUNTER', null );
insert into Measurementcolumn ( MTABLEID, DATANAME, COLNUMBER, DATATYPE, DATASIZE, DATASCALE, UNIQUEVALUE, NULLABLE, INDEXES, DESCRIPTION, DATAID, RELEASEID, UNIQUEKEY, INCLUDESQL, COLTYPE, FOLLOWJOHN ) values ( 'DC_E_AFG:((13)):DC_E_AFG_AGG_PROXY:DAY', 'cnpCntOutboundReqFailedOthers_actual', 36, 'numeric', 20, 0, 255, 1, '', 'Total number of failed outbound requests handled by Originating CNP other than error code 404.', 'cnpCntOutboundReqFailedOthers.actual', 'DC_E_AFG:((13))', 0, 1, 'COUNTER', null );
insert into Measurementcolumn ( MTABLEID, DATANAME, COLNUMBER, DATATYPE, DATASIZE, DATASCALE, UNIQUEVALUE, NULLABLE, INDEXES, DESCRIPTION, DATAID, RELEASEID, UNIQUEKEY, INCLUDESQL, COLTYPE, FOLLOWJOHN ) values ( 'DC_E_AFG:((13)):DC_E_AFG_AGG_PROXY:DAY', 'cnpCntOutboundReqFailedOthers_delta', 37, 'numeric', 20, 0, 255, 1, '', 'Total number of failed outbound requests handled by Originating CNP other than error code 404.', 'cnpCntOutboundReqFailedOthers.delta', 'DC_E_AFG:((13))', 0, 1, 'COUNTER', null );
insert into Measurementcolumn ( MTABLEID, DATANAME, COLNUMBER, DATATYPE, DATASIZE, DATASCALE, UNIQUEVALUE, NULLABLE, INDEXES, DESCRIPTION, DATAID, RELEASEID, UNIQUEKEY, INCLUDESQL, COLTYPE, FOLLOWJOHN ) values ( 'DC_E_AFG:((13)):DC_E_AFG_AGG_PROXY:DAY', 'cnpCntOutboundReq_actual', 32, 'numeric', 20, 0, 255, 1, '', 'Total number of requests received by the Originating CNP', 'cnpCntOutboundReq.actual', 'DC_E_AFG:((13))', 0, 1, 'COUNTER', null );
insert into Measurementcolumn ( MTABLEID, DATANAME, COLNUMBER, DATATYPE, DATASIZE, DATASCALE, UNIQUEVALUE, NULLABLE, INDEXES, DESCRIPTION, DATAID, RELEASEID, UNIQUEKEY, INCLUDESQL, COLTYPE, FOLLOWJOHN ) values ( 'DC_E_AFG:((13)):DC_E_AFG_AGG_PROXY:DAY', 'cnpCntOutboundReq_delta', 33, 'numeric', 20, 0, 255, 1, '', 'Total number of requests received by the Originating CNP', 'cnpCntOutboundReq.delta', 'DC_E_AFG:((13))', 0, 1, 'COUNTER', null );
insert into Measurementcolumn ( MTABLEID, DATANAME, COLNUMBER, DATATYPE, DATASIZE, DATASCALE, UNIQUEVALUE, NULLABLE, INDEXES, DESCRIPTION, DATAID, RELEASEID, UNIQUEKEY, INCLUDESQL, COLTYPE, FOLLOWJOHN ) values ( 'DC_E_AFG:((13)):DC_E_AFG_AGG_PROXY:DAY', 'mediaCntAuthFailed_actual', 38, 'numeric', 20, 0, 255, 1, '', 'Number of all failed Media authentication request.', 'mediaCntAuthFailed.actual', 'DC_E_AFG:((13))', 0, 1, 'COUNTER', null );
insert into Measurementcolumn ( MTABLEID, DATANAME, COLNUMBER, DATATYPE, DATASIZE, DATASCALE, UNIQUEVALUE, NULLABLE, INDEXES, DESCRIPTION, DATAID, RELEASEID, UNIQUEKEY, INCLUDESQL, COLTYPE, FOLLOWJOHN ) values ( 'DC_E_AFG:((13)):DC_E_AFG_AGG_PROXY:DAY', 'mediaCntAuthFailed_delta', 39, 'numeric', 20, 0, 255, 1, '', 'Number of all failed Media authentication request.', 'mediaCntAuthFailed.delta', 'DC_E_AFG:((13))', 0, 1, 'COUNTER', null );
insert into Measurementcolumn ( MTABLEID, DATANAME, COLNUMBER, DATATYPE, DATASIZE, DATASCALE, UNIQUEVALUE, NULLABLE, INDEXES, DESCRIPTION, DATAID, RELEASEID, UNIQUEKEY, INCLUDESQL, COLTYPE, FOLLOWJOHN ) values ( 'DC_E_AFG:((13)):DC_E_AFG_AGG_PROXY:DAY', 'mediaCntAuthGbaMeReq_actual', 40, 'numeric', 20, 0, 255, 1, '', 'Number of Media ME-based GBA authentication requests (GBA_ME and GBA_U).', 'mediaCntAuthGbaMeReq.actual', 'DC_E_AFG:((13))', 0, 1, 'COUNTER', null );
insert into Measurementcolumn ( MTABLEID, DATANAME, COLNUMBER, DATATYPE, DATASIZE, DATASCALE, UNIQUEVALUE, NULLABLE, INDEXES, DESCRIPTION, DATAID, RELEASEID, UNIQUEKEY, INCLUDESQL, COLTYPE, FOLLOWJOHN ) values ( 'DC_E_AFG:((13)):DC_E_AFG_AGG_PROXY:DAY', 'mediaCntAuthGbaMeReq_delta', 41, 'numeric', 20, 0, 255, 1, '', 'Number of Media ME-based GBA authentication requests (GBA_ME and GBA_U).', 'mediaCntAuthGbaMeReq.delta', 'DC_E_AFG:((13))', 0, 1, 'COUNTER', null );
insert into Measurementcolumn ( MTABLEID, DATANAME, COLNUMBER, DATATYPE, DATASIZE, DATASCALE, UNIQUEVALUE, NULLABLE, INDEXES, DESCRIPTION, DATAID, RELEASEID, UNIQUEKEY, INCLUDESQL, COLTYPE, FOLLOWJOHN ) values ( 'DC_E_AFG:((13)):DC_E_AFG_AGG_PROXY:DAY', 'mediaCntAuthGbaReq_actual', 42, 'numeric', 20, 0, 255, 1, '', 'Number of Media GBA authentication requests.', 'mediaCntAuthGbaReq.actual', 'DC_E_AFG:((13))', 0, 1, 'COUNTER', null );
insert into Measurementcolumn ( MTABLEID, DATANAME, COLNUMBER, DATATYPE, DATASIZE, DATASCALE, UNIQUEVALUE, NULLABLE, INDEXES, DESCRIPTION, DATAID, RELEASEID, UNIQUEKEY, INCLUDESQL, COLTYPE, FOLLOWJOHN ) values ( 'DC_E_AFG:((13)):DC_E_AFG_AGG_PROXY:DAY', 'mediaCntAuthGbaReq_delta', 43, 'numeric', 20, 0, 255, 1, '', 'Number of Media GBA authentication requests.', 'mediaCntAuthGbaReq.delta', 'DC_E_AFG:((13))', 0, 1, 'COUNTER', null );
insert into Measurementcolumn ( MTABLEID, DATANAME, COLNUMBER, DATATYPE, DATASIZE, DATASCALE, UNIQUEVALUE, NULLABLE, INDEXES, DESCRIPTION, DATAID, RELEASEID, UNIQUEKEY, INCLUDESQL, COLTYPE, FOLLOWJOHN ) values ( 'DC_E_AFG:((13)):DC_E_AFG_AGG_PROXY:DAY', 'mediaCntAuthReqFailed403_actual', 46, 'numeric', 20, 0, 255, 1, '', 'Number of failed Media authentications responses indicated by HTTP 403-Forbidden status code.', 'mediaCntAuthReqFailed403.actual', 'DC_E_AFG:((13))', 0, 1, 'COUNTER', null );
insert into Measurementcolumn ( MTABLEID, DATANAME, COLNUMBER, DATATYPE, DATASIZE, DATASCALE, UNIQUEVALUE, NULLABLE, INDEXES, DESCRIPTION, DATAID, RELEASEID, UNIQUEKEY, INCLUDESQL, COLTYPE, FOLLOWJOHN ) values ( 'DC_E_AFG:((13)):DC_E_AFG_AGG_PROXY:DAY', 'mediaCntAuthReqFailed403_delta', 47, 'numeric', 20, 0, 255, 1, '', 'Number of failed Media authentications responses indicated by HTTP 403-Forbidden status code.', 'mediaCntAuthReqFailed403.delta', 'DC_E_AFG:((13))', 0, 1, 'COUNTER', null );
insert into Measurementcolumn ( MTABLEID, DATANAME, COLNUMBER, DATATYPE, DATASIZE, DATASCALE, UNIQUEVALUE, NULLABLE, INDEXES, DESCRIPTION, DATAID, RELEASEID, UNIQUEKEY, INCLUDESQL, COLTYPE, FOLLOWJOHN ) values ( 'DC_E_AFG:((13)):DC_E_AFG_AGG_PROXY:DAY', 'mediaCntAuthReq_actual', 44, 'numeric', 20, 0, 255, 1, '', 'Total number of Media Authentication requests attempts.', 'mediaCntAuthReq.actual', 'DC_E_AFG:((13))', 0, 1, 'COUNTER', null );
insert into Measurementcolumn ( MTABLEID, DATANAME, COLNUMBER, DATATYPE, DATASIZE, DATASCALE, UNIQUEVALUE, NULLABLE, INDEXES, DESCRIPTION, DATAID, RELEASEID, UNIQUEKEY, INCLUDESQL, COLTYPE, FOLLOWJOHN ) values ( 'DC_E_AFG:((13)):DC_E_AFG_AGG_PROXY:DAY', 'mediaCntAuthReq_delta', 45, 'numeric', 20, 0, 255, 1, '', 'Total number of Media Authentication requests attempts.', 'mediaCntAuthReq.delta', 'DC_E_AFG:((13))', 0, 1, 'COUNTER', null );
insert into Measurementcolumn ( MTABLEID, DATANAME, COLNUMBER, DATATYPE, DATASIZE, DATASCALE, UNIQUEVALUE, NULLABLE, INDEXES, DESCRIPTION, DATAID, RELEASEID, UNIQUEKEY, INCLUDESQL, COLTYPE, FOLLOWJOHN ) values ( 'DC_E_AFG:((13)):DC_E_AFG_AGG_PROXY:DAY', 'mediaCntAuthResp_actual', 48, 'numeric', 20, 0, 255, 1, '', 'Number of NAF Media Authentication responses.', 'mediaCntAuthResp.actual', 'DC_E_AFG:((13))', 0, 1, 'COUNTER', null );
insert into Measurementcolumn ( MTABLEID, DATANAME, COLNUMBER, DATATYPE, DATASIZE, DATASCALE, UNIQUEVALUE, NULLABLE, INDEXES, DESCRIPTION, DATAID, RELEASEID, UNIQUEKEY, INCLUDESQL, COLTYPE, FOLLOWJOHN ) values ( 'DC_E_AFG:((13)):DC_E_AFG_AGG_PROXY:DAY', 'mediaCntAuthResp_delta', 49, 'numeric', 20, 0, 255, 1, '', 'Number of NAF Media Authentication responses.', 'mediaCntAuthResp.delta', 'DC_E_AFG:((13))', 0, 1, 'COUNTER', null );
insert into Measurementcolumn ( MTABLEID, DATANAME, COLNUMBER, DATATYPE, DATASIZE, DATASCALE, UNIQUEVALUE, NULLABLE, INDEXES, DESCRIPTION, DATAID, RELEASEID, UNIQUEKEY, INCLUDESQL, COLTYPE, FOLLOWJOHN ) values ( 'DC_E_AFG:((13)):DC_E_AFG_AGG_PROXY:DAY', 'mediaCntReq_actual', 50, 'numeric', 20, 0, 255, 1, '', 'Number of Media requests.', 'mediaCntReq.actual', 'DC_E_AFG:((13))', 0, 1, 'COUNTER', null );
insert into Measurementcolumn ( MTABLEID, DATANAME, COLNUMBER, DATATYPE, DATASIZE, DATASCALE, UNIQUEVALUE, NULLABLE, INDEXES, DESCRIPTION, DATAID, RELEASEID, UNIQUEKEY, INCLUDESQL, COLTYPE, FOLLOWJOHN ) values ( 'DC_E_AFG:((13)):DC_E_AFG_AGG_PROXY:DAY', 'mediaCntReq_delta', 51, 'numeric', 20, 0, 255, 1, '', 'Number of Media requests.', 'mediaCntReq.delta', 'DC_E_AFG:((13))', 0, 1, 'COUNTER', null );
insert into Measurementcolumn ( MTABLEID, DATANAME, COLNUMBER, DATATYPE, DATASIZE, DATASCALE, UNIQUEVALUE, NULLABLE, INDEXES, DESCRIPTION, DATAID, RELEASEID, UNIQUEKEY, INCLUDESQL, COLTYPE, FOLLOWJOHN ) values ( 'DC_E_AFG:((13)):DC_E_AFG_AGG_PROXY:DAY', 'mediaCntUnsuccessfulReq_actual', 52, 'numeric', 20, 0, 255, 1, '', 'Number of unsuccessful Media requests.', 'mediaCntUnsuccessfulReq.actual', 'DC_E_AFG:((13))', 0, 1, 'COUNTER', null );
insert into Measurementcolumn ( MTABLEID, DATANAME, COLNUMBER, DATATYPE, DATASIZE, DATASCALE, UNIQUEVALUE, NULLABLE, INDEXES, DESCRIPTION, DATAID, RELEASEID, UNIQUEKEY, INCLUDESQL, COLTYPE, FOLLOWJOHN ) values ( 'DC_E_AFG:((13)):DC_E_AFG_AGG_PROXY:DAY', 'mediaCntUnsuccessfulReq_delta', 53, 'numeric', 20, 0, 255, 1, '', 'Number of unsuccessful Media requests.', 'mediaCntUnsuccessfulReq.delta', 'DC_E_AFG:((13))', 0, 1, 'COUNTER', null );
insert into Measurementcolumn ( MTABLEID, DATANAME, COLNUMBER, DATATYPE, DATASIZE, DATASCALE, UNIQUEVALUE, NULLABLE, INDEXES, DESCRIPTION, DATAID, RELEASEID, UNIQUEKEY, INCLUDESQL, COLTYPE, FOLLOWJOHN ) values ( 'DC_E_AFG:((13)):DC_E_AFG_AGG_PROXY:DAY', 'mediaCntZnReq_actual', 54, 'numeric', 20, 0, 255, 1, '', 'Number of Media Zn requests to BSF.', 'mediaCntZnReq.actual', 'DC_E_AFG:((13))', 0, 1, 'COUNTER', null );
insert into Measurementcolumn ( MTABLEID, DATANAME, COLNUMBER, DATATYPE, DATASIZE, DATASCALE, UNIQUEVALUE, NULLABLE, INDEXES, DESCRIPTION, DATAID, RELEASEID, UNIQUEKEY, INCLUDESQL, COLTYPE, FOLLOWJOHN ) values ( 'DC_E_AFG:((13)):DC_E_AFG_AGG_PROXY:DAY', 'mediaCntZnReq_delta', 55, 'numeric', 20, 0, 255, 1, '', 'Number of Media Zn requests to BSF.', 'mediaCntZnReq.delta', 'DC_E_AFG:((13))', 0, 1, 'COUNTER', null );
insert into Measurementcolumn ( MTABLEID, DATANAME, COLNUMBER, DATATYPE, DATASIZE, DATASCALE, UNIQUEVALUE, NULLABLE, INDEXES, DESCRIPTION, DATAID, RELEASEID, UNIQUEKEY, INCLUDESQL, COLTYPE, FOLLOWJOHN ) values ( 'DC_E_AFG:((13)):DC_E_AFG_AGG_PROXY:DAY', 'xRpCntAuthFailed403_actual', 58, 'numeric', 20, 0, 255, 1, '', 'Number of failed authentication responses indicated by HTTP 403- Forbidden status code.', 'xRpCntAuthFailed403.actual', 'DC_E_AFG:((13))', 0, 1, 'COUNTER', null );
insert into Measurementcolumn ( MTABLEID, DATANAME, COLNUMBER, DATATYPE, DATASIZE, DATASCALE, UNIQUEVALUE, NULLABLE, INDEXES, DESCRIPTION, DATAID, RELEASEID, UNIQUEKEY, INCLUDESQL, COLTYPE, FOLLOWJOHN ) values ( 'DC_E_AFG:((13)):DC_E_AFG_AGG_PROXY:DAY', 'xRpCntAuthFailed403_delta', 59, 'numeric', 20, 0, 255, 1, '', 'Number of failed authentication responses indicated by HTTP 403- Forbidden status code.', 'xRpCntAuthFailed403.delta', 'DC_E_AFG:((13))', 0, 1, 'COUNTER', null );
insert into Measurementcolumn ( MTABLEID, DATANAME, COLNUMBER, DATATYPE, DATASIZE, DATASCALE, UNIQUEVALUE, NULLABLE, INDEXES, DESCRIPTION, DATAID, RELEASEID, UNIQUEKEY, INCLUDESQL, COLTYPE, FOLLOWJOHN ) values ( 'DC_E_AFG:((13)):DC_E_AFG_AGG_PROXY:DAY', 'xRpCntAuthFailed_actual', 56, 'numeric', 20, 0, 255, 1, '', 'Number of all failed authentication responses.', 'xRpCntAuthFailed.actual', 'DC_E_AFG:((13))', 0, 1, 'COUNTER', null );
insert into Measurementcolumn ( MTABLEID, DATANAME, COLNUMBER, DATATYPE, DATASIZE, DATASCALE, UNIQUEVALUE, NULLABLE, INDEXES, DESCRIPTION, DATAID, RELEASEID, UNIQUEKEY, INCLUDESQL, COLTYPE, FOLLOWJOHN ) values ( 'DC_E_AFG:((13)):DC_E_AFG_AGG_PROXY:DAY', 'xRpCntAuthFailed_delta', 57, 'numeric', 20, 0, 255, 1, '', 'Number of all failed authentication responses.', 'xRpCntAuthFailed.delta', 'DC_E_AFG:((13))', 0, 1, 'COUNTER', null );
insert into Measurementcolumn ( MTABLEID, DATANAME, COLNUMBER, DATATYPE, DATASIZE, DATASCALE, UNIQUEVALUE, NULLABLE, INDEXES, DESCRIPTION, DATAID, RELEASEID, UNIQUEKEY, INCLUDESQL, COLTYPE, FOLLOWJOHN ) values ( 'DC_E_AFG:((13)):DC_E_AFG_AGG_PROXY:DAY', 'xRpCntAuthResp_actual', 60, 'numeric', 20, 0, 255, 1, '', 'Total number of all authentication responses.', 'xRpCntAuthResp.actual', 'DC_E_AFG:((13))', 0, 1, 'COUNTER', null );
insert into Measurementcolumn ( MTABLEID, DATANAME, COLNUMBER, DATATYPE, DATASIZE, DATASCALE, UNIQUEVALUE, NULLABLE, INDEXES, DESCRIPTION, DATAID, RELEASEID, UNIQUEKEY, INCLUDESQL, COLTYPE, FOLLOWJOHN ) values ( 'DC_E_AFG:((13)):DC_E_AFG_AGG_PROXY:DAY', 'xRpCntAuthResp_delta', 61, 'numeric', 20, 0, 255, 1, '', 'Total number of all authentication responses.', 'xRpCntAuthResp.delta', 'DC_E_AFG:((13))', 0, 1, 'COUNTER', null );
insert into Measurementcolumn ( MTABLEID, DATANAME, COLNUMBER, DATATYPE, DATASIZE, DATASCALE, UNIQUEVALUE, NULLABLE, INDEXES, DESCRIPTION, DATAID, RELEASEID, UNIQUEKEY, INCLUDESQL, COLTYPE, FOLLOWJOHN ) values ( 'DC_E_AFG:((13)):DC_E_AFG_AGG_PROXY:DAY', 'xRpCntTrustGwFailed_actual', 62, 'numeric', 20, 0, 255, 1, '', 'Number of failed requests to the Trusted Gateway port.', 'xRpCntTrustGwFailed.actual', 'DC_E_AFG:((13))', 0, 1, 'COUNTER', null );
insert into Measurementcolumn ( MTABLEID, DATANAME, COLNUMBER, DATATYPE, DATASIZE, DATASCALE, UNIQUEVALUE, NULLABLE, INDEXES, DESCRIPTION, DATAID, RELEASEID, UNIQUEKEY, INCLUDESQL, COLTYPE, FOLLOWJOHN ) values ( 'DC_E_AFG:((13)):DC_E_AFG_AGG_PROXY:DAY', 'xRpCntTrustGwFailed_delta', 63, 'numeric', 20, 0, 255, 1, '', 'Number of failed requests to the Trusted Gateway port.', 'xRpCntTrustGwFailed.delta', 'DC_E_AFG:((13))', 0, 1, 'COUNTER', null );
insert into Measurementcolumn ( MTABLEID, DATANAME, COLNUMBER, DATATYPE, DATASIZE, DATASCALE, UNIQUEVALUE, NULLABLE, INDEXES, DESCRIPTION, DATAID, RELEASEID, UNIQUEKEY, INCLUDESQL, COLTYPE, FOLLOWJOHN ) values ( 'DC_E_AFG:((13)):DC_E_AFG_AGG_PROXY:DAY', 'xRpCntTrustGwResp_actual', 64, 'numeric', 20, 0, 255, 1, '', 'Total number of responses to Trusted Gateway(s).', 'xRpCntTrustGwResp.actual', 'DC_E_AFG:((13))', 0, 1, 'COUNTER', null );
insert into Measurementcolumn ( MTABLEID, DATANAME, COLNUMBER, DATATYPE, DATASIZE, DATASCALE, UNIQUEVALUE, NULLABLE, INDEXES, DESCRIPTION, DATAID, RELEASEID, UNIQUEKEY, INCLUDESQL, COLTYPE, FOLLOWJOHN ) values ( 'DC_E_AFG:((13)):DC_E_AFG_AGG_PROXY:DAY', 'xRpCntTrustGwResp_delta', 65, 'numeric', 20, 0, 255, 1, '', 'Total number of responses to Trusted Gateway(s).', 'xRpCntTrustGwResp.delta', 'DC_E_AFG:((13))', 0, 1, 'COUNTER', null );
insert into Measurementcolumn ( MTABLEID, DATANAME, COLNUMBER, DATATYPE, DATASIZE, DATASCALE, UNIQUEVALUE, NULLABLE, INDEXES, DESCRIPTION, DATAID, RELEASEID, UNIQUEKEY, INCLUDESQL, COLTYPE, FOLLOWJOHN ) values ( 'DC_E_AFG:((13)):DC_E_AFG_AGG_PROXY:DAY', 'xRqCntAuthDigestReq_actual', 66, 'numeric', 20, 0, 255, 1, '', 'Number of Digest authentication requests.', 'xRqCntAuthDigestReq.actual', 'DC_E_AFG:((13))', 0, 1, 'COUNTER', null );
insert into Measurementcolumn ( MTABLEID, DATANAME, COLNUMBER, DATATYPE, DATASIZE, DATASCALE, UNIQUEVALUE, NULLABLE, INDEXES, DESCRIPTION, DATAID, RELEASEID, UNIQUEKEY, INCLUDESQL, COLTYPE, FOLLOWJOHN ) values ( 'DC_E_AFG:((13)):DC_E_AFG_AGG_PROXY:DAY', 'xRqCntAuthDigestReq_delta', 67, 'numeric', 20, 0, 255, 1, '', 'Number of Digest authentication requests.', 'xRqCntAuthDigestReq.delta', 'DC_E_AFG:((13))', 0, 1, 'COUNTER', null );
insert into Measurementcolumn ( MTABLEID, DATANAME, COLNUMBER, DATATYPE, DATASIZE, DATASCALE, UNIQUEVALUE, NULLABLE, INDEXES, DESCRIPTION, DATAID, RELEASEID, UNIQUEKEY, INCLUDESQL, COLTYPE, FOLLOWJOHN ) values ( 'DC_E_AFG:((13)):DC_E_AFG_AGG_PROXY:DAY', 'xRqCntAuthGbaDigestReq_actual', 68, 'numeric', 20, 0, 255, 1, '', 'Number of GBA_Digest authentication requests.', 'xRqCntAuthGbaDigestReq.actual', 'DC_E_AFG:((13))', 0, 1, 'COUNTER', null );
insert into Measurementcolumn ( MTABLEID, DATANAME, COLNUMBER, DATATYPE, DATASIZE, DATASCALE, UNIQUEVALUE, NULLABLE, INDEXES, DESCRIPTION, DATAID, RELEASEID, UNIQUEKEY, INCLUDESQL, COLTYPE, FOLLOWJOHN ) values ( 'DC_E_AFG:((13)):DC_E_AFG_AGG_PROXY:DAY', 'xRqCntAuthGbaDigestReq_delta', 69, 'numeric', 20, 0, 255, 1, '', 'Number of GBA_Digest authentication requests.', 'xRqCntAuthGbaDigestReq.delta', 'DC_E_AFG:((13))', 0, 1, 'COUNTER', null );
insert into Measurementcolumn ( MTABLEID, DATANAME, COLNUMBER, DATATYPE, DATASIZE, DATASCALE, UNIQUEVALUE, NULLABLE, INDEXES, DESCRIPTION, DATAID, RELEASEID, UNIQUEKEY, INCLUDESQL, COLTYPE, FOLLOWJOHN ) values ( 'DC_E_AFG:((13)):DC_E_AFG_AGG_PROXY:DAY', 'xRqCntAuthGbaMeReq_actual', 70, 'numeric', 20, 0, 255, 1, '', 'Number of ME-based GBA authentication requests (GBA_ME and GBA_U).', 'xRqCntAuthGbaMeReq.actual', 'DC_E_AFG:((13))', 0, 1, 'COUNTER', null );
insert into Measurementcolumn ( MTABLEID, DATANAME, COLNUMBER, DATATYPE, DATASIZE, DATASCALE, UNIQUEVALUE, NULLABLE, INDEXES, DESCRIPTION, DATAID, RELEASEID, UNIQUEKEY, INCLUDESQL, COLTYPE, FOLLOWJOHN ) values ( 'DC_E_AFG:((13)):DC_E_AFG_AGG_PROXY:DAY', 'xRqCntAuthGbaMeReq_delta', 71, 'numeric', 20, 0, 255, 1, '', 'Number of ME-based GBA authentication requests (GBA_ME and GBA_U).', 'xRqCntAuthGbaMeReq.delta', 'DC_E_AFG:((13))', 0, 1, 'COUNTER', null );
insert into Measurementcolumn ( MTABLEID, DATANAME, COLNUMBER, DATATYPE, DATASIZE, DATASCALE, UNIQUEVALUE, NULLABLE, INDEXES, DESCRIPTION, DATAID, RELEASEID, UNIQUEKEY, INCLUDESQL, COLTYPE, FOLLOWJOHN ) values ( 'DC_E_AFG:((13)):DC_E_AFG_AGG_PROXY:DAY', 'xRqCntAuthGbaReq_actual', 72, 'numeric', 20, 0, 255, 1, '', 'Number of GBA authentication requests.', 'xRqCntAuthGbaReq.actual', 'DC_E_AFG:((13))', 0, 1, 'COUNTER', null );
insert into Measurementcolumn ( MTABLEID, DATANAME, COLNUMBER, DATATYPE, DATASIZE, DATASCALE, UNIQUEVALUE, NULLABLE, INDEXES, DESCRIPTION, DATAID, RELEASEID, UNIQUEKEY, INCLUDESQL, COLTYPE, FOLLOWJOHN ) values ( 'DC_E_AFG:((13)):DC_E_AFG_AGG_PROXY:DAY', 'xRqCntAuthGbaReq_delta', 73, 'numeric', 20, 0, 255, 1, '', 'Number of GBA authentication requests.', 'xRqCntAuthGbaReq.delta', 'DC_E_AFG:((13))', 0, 1, 'COUNTER', null );
insert into Measurementcolumn ( MTABLEID, DATANAME, COLNUMBER, DATATYPE, DATASIZE, DATASCALE, UNIQUEVALUE, NULLABLE, INDEXES, DESCRIPTION, DATAID, RELEASEID, UNIQUEKEY, INCLUDESQL, COLTYPE, FOLLOWJOHN ) values ( 'DC_E_AFG:((13)):DC_E_AFG_AGG_PROXY:DAY', 'xRqCntAuthGibaReq_actual', 74, 'numeric', 20, 0, 255, 1, '', 'Number of GIBA authentication requests.', 'xRqCntAuthGibaReq.actual', 'DC_E_AFG:((13))', 0, 1, 'COUNTER', null );
insert into Measurementcolumn ( MTABLEID, DATANAME, COLNUMBER, DATATYPE, DATASIZE, DATASCALE, UNIQUEVALUE, NULLABLE, INDEXES, DESCRIPTION, DATAID, RELEASEID, UNIQUEKEY, INCLUDESQL, COLTYPE, FOLLOWJOHN ) values ( 'DC_E_AFG:((13)):DC_E_AFG_AGG_PROXY:DAY', 'xRqCntAuthGibaReq_delta', 75, 'numeric', 20, 0, 255, 1, '', 'Number of GIBA authentication requests.', 'xRqCntAuthGibaReq.delta', 'DC_E_AFG:((13))', 0, 1, 'COUNTER', null );
insert into Measurementcolumn ( MTABLEID, DATANAME, COLNUMBER, DATATYPE, DATASIZE, DATASCALE, UNIQUEVALUE, NULLABLE, INDEXES, DESCRIPTION, DATAID, RELEASEID, UNIQUEKEY, INCLUDESQL, COLTYPE, FOLLOWJOHN ) values ( 'DC_E_AFG:((13)):DC_E_AFG_AGG_PROXY:DAY', 'xRqCntAuthReq_actual', 76, 'numeric', 20, 0, 255, 1, '', 'Total number of Digest, GBA (Digest, U, ME), SSO and GIBA Authentication requests attempts. Note that the original authentication request may trigger multiple subsequent requests of different types. As such, the AuthDigestReq, AuthGbaReq, AuthSsoReq and AuthGibaReq counters may not total to AuthReq.', 'xRqCntAuthReq.actual', 'DC_E_AFG:((13))', 0, 1, 'COUNTER', null );
insert into Measurementcolumn ( MTABLEID, DATANAME, COLNUMBER, DATATYPE, DATASIZE, DATASCALE, UNIQUEVALUE, NULLABLE, INDEXES, DESCRIPTION, DATAID, RELEASEID, UNIQUEKEY, INCLUDESQL, COLTYPE, FOLLOWJOHN ) values ( 'DC_E_AFG:((13)):DC_E_AFG_AGG_PROXY:DAY', 'xRqCntAuthReq_delta', 77, 'numeric', 20, 0, 255, 1, '', 'Total number of Digest, GBA (Digest, U, ME), SSO and GIBA Authentication requests attempts. Note that the original authentication request may trigger multiple subsequent requests of different types. As such, the AuthDigestReq, AuthGbaReq, AuthSsoReq and AuthGibaReq counters may not total to AuthReq.', 'xRqCntAuthReq.delta', 'DC_E_AFG:((13))', 0, 1, 'COUNTER', null );
insert into Measurementcolumn ( MTABLEID, DATANAME, COLNUMBER, DATATYPE, DATASIZE, DATASCALE, UNIQUEVALUE, NULLABLE, INDEXES, DESCRIPTION, DATAID, RELEASEID, UNIQUEKEY, INCLUDESQL, COLTYPE, FOLLOWJOHN ) values ( 'DC_E_AFG:((13)):DC_E_AFG_AGG_PROXY:DAY', 'xRqCntAuthSsoReq_actual', 78, 'numeric', 20, 0, 255, 1, '', 'Number of SSO authentication requests.', 'xRqCntAuthSsoReq.actual', 'DC_E_AFG:((13))', 0, 1, 'COUNTER', null );
insert into Measurementcolumn ( MTABLEID, DATANAME, COLNUMBER, DATATYPE, DATASIZE, DATASCALE, UNIQUEVALUE, NULLABLE, INDEXES, DESCRIPTION, DATAID, RELEASEID, UNIQUEKEY, INCLUDESQL, COLTYPE, FOLLOWJOHN ) values ( 'DC_E_AFG:((13)):DC_E_AFG_AGG_PROXY:DAY', 'xRqCntAuthSsoReq_delta', 79, 'numeric', 20, 0, 255, 1, '', 'Number of SSO authentication requests.', 'xRqCntAuthSsoReq.delta', 'DC_E_AFG:((13))', 0, 1, 'COUNTER', null );
insert into Measurementcolumn ( MTABLEID, DATANAME, COLNUMBER, DATATYPE, DATASIZE, DATASCALE, UNIQUEVALUE, NULLABLE, INDEXES, DESCRIPTION, DATAID, RELEASEID, UNIQUEKEY, INCLUDESQL, COLTYPE, FOLLOWJOHN ) values ( 'DC_E_AFG:((13)):DC_E_AFG_AGG_PROXY:DAY', 'xRqCntTrustGwReq_actual', 80, 'numeric', 20, 0, 255, 1, '', 'Number of requests incoming to the Trusted Port.', 'xRqCntTrustGwReq.actual', 'DC_E_AFG:((13))', 0, 1, 'COUNTER', null );
insert into Measurementcolumn ( MTABLEID, DATANAME, COLNUMBER, DATATYPE, DATASIZE, DATASCALE, UNIQUEVALUE, NULLABLE, INDEXES, DESCRIPTION, DATAID, RELEASEID, UNIQUEKEY, INCLUDESQL, COLTYPE, FOLLOWJOHN ) values ( 'DC_E_AFG:((13)):DC_E_AFG_AGG_PROXY:DAY', 'xRqCntTrustGwReq_delta', 81, 'numeric', 20, 0, 255, 1, '', 'Number of requests incoming to the Trusted Port.', 'xRqCntTrustGwReq.delta', 'DC_E_AFG:((13))', 0, 1, 'COUNTER', null );
insert into Measurementcolumn ( MTABLEID, DATANAME, COLNUMBER, DATATYPE, DATASIZE, DATASCALE, UNIQUEVALUE, NULLABLE, INDEXES, DESCRIPTION, DATAID, RELEASEID, UNIQUEKEY, INCLUDESQL, COLTYPE, FOLLOWJOHN ) values ( 'DC_E_AFG:((13)):DC_E_AFG_AGG_PROXY:DAY', 'xRqCntXcapCapReq_actual', 82, 'numeric', 20, 0, 255, 1, '', 'Total number of XCAP Capability requests.', 'xRqCntXcapCapReq.actual', 'DC_E_AFG:((13))', 0, 1, 'COUNTER', null );
insert into Measurementcolumn ( MTABLEID, DATANAME, COLNUMBER, DATATYPE, DATASIZE, DATASCALE, UNIQUEVALUE, NULLABLE, INDEXES, DESCRIPTION, DATAID, RELEASEID, UNIQUEKEY, INCLUDESQL, COLTYPE, FOLLOWJOHN ) values ( 'DC_E_AFG:((13)):DC_E_AFG_AGG_PROXY:DAY', 'xRqCntXcapCapReq_delta', 83, 'numeric', 20, 0, 255, 1, '', 'Total number of XCAP Capability requests.', 'xRqCntXcapCapReq.delta', 'DC_E_AFG:((13))', 0, 1, 'COUNTER', null );
insert into Measurementcolumn ( MTABLEID, DATANAME, COLNUMBER, DATATYPE, DATASIZE, DATASCALE, UNIQUEVALUE, NULLABLE, INDEXES, DESCRIPTION, DATAID, RELEASEID, UNIQUEKEY, INCLUDESQL, COLTYPE, FOLLOWJOHN ) values ( 'DC_E_AFG:((13)):DC_E_AFG_AGG_PROXY:DAY', 'xRqCntXcapDelReq_actual', 84, 'numeric', 20, 0, 255, 1, '', 'Total number of XCAP DELETE requests.', 'xRqCntXcapDelReq.actual', 'DC_E_AFG:((13))', 0, 1, 'COUNTER', null );
insert into Measurementcolumn ( MTABLEID, DATANAME, COLNUMBER, DATATYPE, DATASIZE, DATASCALE, UNIQUEVALUE, NULLABLE, INDEXES, DESCRIPTION, DATAID, RELEASEID, UNIQUEKEY, INCLUDESQL, COLTYPE, FOLLOWJOHN ) values ( 'DC_E_AFG:((13)):DC_E_AFG_AGG_PROXY:DAY', 'xRqCntXcapDelReq_delta', 85, 'numeric', 20, 0, 255, 1, '', 'Total number of XCAP DELETE requests.', 'xRqCntXcapDelReq.delta', 'DC_E_AFG:((13))', 0, 1, 'COUNTER', null );
insert into Measurementcolumn ( MTABLEID, DATANAME, COLNUMBER, DATATYPE, DATASIZE, DATASCALE, UNIQUEVALUE, NULLABLE, INDEXES, DESCRIPTION, DATAID, RELEASEID, UNIQUEKEY, INCLUDESQL, COLTYPE, FOLLOWJOHN ) values ( 'DC_E_AFG:((13)):DC_E_AFG_AGG_PROXY:DAY', 'xRqCntXcapDirReq_actual', 86, 'numeric', 20, 0, 255, 1, '', 'Total number of XCAP Directory requests.', 'xRqCntXcapDirReq.actual', 'DC_E_AFG:((13))', 0, 1, 'COUNTER', null );
insert into Measurementcolumn ( MTABLEID, DATANAME, COLNUMBER, DATATYPE, DATASIZE, DATASCALE, UNIQUEVALUE, NULLABLE, INDEXES, DESCRIPTION, DATAID, RELEASEID, UNIQUEKEY, INCLUDESQL, COLTYPE, FOLLOWJOHN ) values ( 'DC_E_AFG:((13)):DC_E_AFG_AGG_PROXY:DAY', 'xRqCntXcapDirReq_delta', 87, 'numeric', 20, 0, 255, 1, '', 'Total number of XCAP Directory requests.', 'xRqCntXcapDirReq.delta', 'DC_E_AFG:((13))', 0, 1, 'COUNTER', null );
insert into Measurementcolumn ( MTABLEID, DATANAME, COLNUMBER, DATATYPE, DATASIZE, DATASCALE, UNIQUEVALUE, NULLABLE, INDEXES, DESCRIPTION, DATAID, RELEASEID, UNIQUEKEY, INCLUDESQL, COLTYPE, FOLLOWJOHN ) values ( 'DC_E_AFG:((13)):DC_E_AFG_AGG_PROXY:DAY', 'xRqCntXcapGetReq_actual', 88, 'numeric', 20, 0, 255, 1, '', 'Total number of XCAP GET requests.', 'xRqCntXcapGetReq.actual', 'DC_E_AFG:((13))', 0, 1, 'COUNTER', null );
insert into Measurementcolumn ( MTABLEID, DATANAME, COLNUMBER, DATATYPE, DATASIZE, DATASCALE, UNIQUEVALUE, NULLABLE, INDEXES, DESCRIPTION, DATAID, RELEASEID, UNIQUEKEY, INCLUDESQL, COLTYPE, FOLLOWJOHN ) values ( 'DC_E_AFG:((13)):DC_E_AFG_AGG_PROXY:DAY', 'xRqCntXcapGetReq_delta', 89, 'numeric', 20, 0, 255, 1, '', 'Total number of XCAP GET requests.', 'xRqCntXcapGetReq.delta', 'DC_E_AFG:((13))', 0, 1, 'COUNTER', null );
insert into Measurementcolumn ( MTABLEID, DATANAME, COLNUMBER, DATATYPE, DATASIZE, DATASCALE, UNIQUEVALUE, NULLABLE, INDEXES, DESCRIPTION, DATAID, RELEASEID, UNIQUEKEY, INCLUDESQL, COLTYPE, FOLLOWJOHN ) values ( 'DC_E_AFG:((13)):DC_E_AFG_AGG_PROXY:DAY', 'xRqCntXcapPutReq_actual', 90, 'numeric', 20, 0, 255, 1, '', 'Total number of XCAP PUT requests.', 'xRqCntXcapPutReq.actual', 'DC_E_AFG:((13))', 0, 1, 'COUNTER', null );
insert into Measurementcolumn ( MTABLEID, DATANAME, COLNUMBER, DATATYPE, DATASIZE, DATASCALE, UNIQUEVALUE, NULLABLE, INDEXES, DESCRIPTION, DATAID, RELEASEID, UNIQUEKEY, INCLUDESQL, COLTYPE, FOLLOWJOHN ) values ( 'DC_E_AFG:((13)):DC_E_AFG_AGG_PROXY:DAY', 'xRqCntXcapPutReq_delta', 91, 'numeric', 20, 0, 255, 1, '', 'Total number of XCAP PUT requests.', 'xRqCntXcapPutReq.delta', 'DC_E_AFG:((13))', 0, 1, 'COUNTER', null );
insert into Measurementcolumn ( MTABLEID, DATANAME, COLNUMBER, DATATYPE, DATASIZE, DATASCALE, UNIQUEVALUE, NULLABLE, INDEXES, DESCRIPTION, DATAID, RELEASEID, UNIQUEKEY, INCLUDESQL, COLTYPE, FOLLOWJOHN ) values ( 'DC_E_AFG:((13)):DC_E_AFG_AGG_PROXY:DAY', 'xRqCntXcapReqUnsuccessful_actual', 92, 'numeric', 20, 0, 255, 1, '', 'Total number of unsuccessful XCAP requests.', 'xRqCntXcapReqUnsuccessful.actual', 'DC_E_AFG:((13))', 0, 1, 'COUNTER', null );
insert into Measurementcolumn ( MTABLEID, DATANAME, COLNUMBER, DATATYPE, DATASIZE, DATASCALE, UNIQUEVALUE, NULLABLE, INDEXES, DESCRIPTION, DATAID, RELEASEID, UNIQUEKEY, INCLUDESQL, COLTYPE, FOLLOWJOHN ) values ( 'DC_E_AFG:((13)):DC_E_AFG_AGG_PROXY:DAY', 'xRqCntXcapReqUnsuccessful_delta', 93, 'numeric', 20, 0, 255, 1, '', 'Total number of unsuccessful XCAP requests.', 'xRqCntXcapReqUnsuccessful.delta', 'DC_E_AFG:((13))', 0, 1, 'COUNTER', null );
insert into Measurementcolumn ( MTABLEID, DATANAME, COLNUMBER, DATATYPE, DATASIZE, DATASCALE, UNIQUEVALUE, NULLABLE, INDEXES, DESCRIPTION, DATAID, RELEASEID, UNIQUEKEY, INCLUDESQL, COLTYPE, FOLLOWJOHN ) values ( 'DC_E_AFG:((13)):DC_E_AFG_AGG_PROXY:DAY', 'xRqCntZnReq_actual', 94, 'numeric', 20, 0, 255, 1, '', 'Number of Zn requests to BSF.', 'xRqCntZnReq.actual', 'DC_E_AFG:((13))', 0, 1, 'COUNTER', null );
insert into Measurementcolumn ( MTABLEID, DATANAME, COLNUMBER, DATATYPE, DATASIZE, DATASCALE, UNIQUEVALUE, NULLABLE, INDEXES, DESCRIPTION, DATAID, RELEASEID, UNIQUEKEY, INCLUDESQL, COLTYPE, FOLLOWJOHN ) values ( 'DC_E_AFG:((13)):DC_E_AFG_AGG_PROXY:DAY', 'xRqCntZnReq_delta', 95, 'numeric', 20, 0, 255, 1, '', 'Number of Zn requests to BSF.', 'xRqCntZnReq.delta', 'DC_E_AFG:((13))', 0, 1, 'COUNTER', null );
insert into Measurementcolumn ( MTABLEID, DATANAME, COLNUMBER, DATATYPE, DATASIZE, DATASCALE, UNIQUEVALUE, NULLABLE, INDEXES, DESCRIPTION, DATAID, RELEASEID, UNIQUEKEY, INCLUDESQL, COLTYPE, FOLLOWJOHN ) values ( 'DC_E_AFG:((13)):DC_E_AFG_AGG_PROXY:DAYBH', 'BATCH_ID', 13, 'smallint', 0, 0, 255, 1, '', '', 'BATCH_ID', 'BASE_TP_090421', 0, 0, 'PUBLICKEY', null );
insert into Measurementcolumn ( MTABLEID, DATANAME, COLNUMBER, DATATYPE, DATASIZE, DATASCALE, UNIQUEVALUE, NULLABLE, INDEXES, DESCRIPTION, DATAID, RELEASEID, UNIQUEKEY, INCLUDESQL, COLTYPE, FOLLOWJOHN ) values ( 'DC_E_AFG:((13)):DC_E_AFG_AGG_PROXY:DAYBH', 'BHCLASS', 10, 'smallint', 0, 0, 10, 1, 'LF', '', 'BHCLASS', 'BASE_TP_090421', 0, 1, 'PUBLICKEY', null );
insert into Measurementcolumn ( MTABLEID, DATANAME, COLNUMBER, DATATYPE, DATASIZE, DATASCALE, UNIQUEVALUE, NULLABLE, INDEXES, DESCRIPTION, DATAID, RELEASEID, UNIQUEKEY, INCLUDESQL, COLTYPE, FOLLOWJOHN ) values ( 'DC_E_AFG:((13)):DC_E_AFG_AGG_PROXY:DAYBH', 'BHTYPE', 8, 'varchar', 50, 0, 20, 1, 'LF', '', 'BHTYPE', 'BASE_TP_090421', 1, 1, 'PUBLICKEY', null );
insert into Measurementcolumn ( MTABLEID, DATANAME, COLNUMBER, DATATYPE, DATASIZE, DATASCALE, UNIQUEVALUE, NULLABLE, INDEXES, DESCRIPTION, DATAID, RELEASEID, UNIQUEKEY, INCLUDESQL, COLTYPE, FOLLOWJOHN ) values ( 'DC_E_AFG:((13)):DC_E_AFG_AGG_PROXY:DAYBH', 'BH_ID', 20, 'unsigned int', 0, 0, 255, 1, '', '', 'BH_ID', 'BASE_TP_20100318', 0, 0, 'PUBLICKEY', null );
insert into Measurementcolumn ( MTABLEID, DATANAME, COLNUMBER, DATATYPE, DATASIZE, DATASCALE, UNIQUEVALUE, NULLABLE, INDEXES, DESCRIPTION, DATAID, RELEASEID, UNIQUEKEY, INCLUDESQL, COLTYPE, FOLLOWJOHN ) values ( 'DC_E_AFG:((13)):DC_E_AFG_AGG_PROXY:DAYBH', 'BUSYHOUR', 9, 'tinyint', 0, 0, 24, 1, 'LF', '', 'BUSYHOUR', 'BASE_TP_090421', 0, 1, 'PUBLICKEY', null );
insert into Measurementcolumn ( MTABLEID, DATANAME, COLNUMBER, DATATYPE, DATASIZE, DATASCALE, UNIQUEVALUE, NULLABLE, INDEXES, DESCRIPTION, DATAID, RELEASEID, UNIQUEKEY, INCLUDESQL, COLTYPE, FOLLOWJOHN ) values ( 'DC_E_AFG:((13)):DC_E_AFG_AGG_PROXY:DAYBH', 'DATE_ID', 3, 'date', 0, 0, 255, 1, 'LF', '', 'DATE_ID', 'BASE_TP_090421', 1, 1, 'PUBLICKEY', null );
insert into Measurementcolumn ( MTABLEID, DATANAME, COLNUMBER, DATATYPE, DATASIZE, DATASCALE, UNIQUEVALUE, NULLABLE, INDEXES, DESCRIPTION, DATAID, RELEASEID, UNIQUEKEY, INCLUDESQL, COLTYPE, FOLLOWJOHN ) values ( 'DC_E_AFG:((13)):DC_E_AFG_AGG_PROXY:DAYBH', 'DAY_ID', 6, 'tinyint', 0, 0, 31, 1, 'LF', '', 'DAY_ID', 'BASE_TP_090421', 0, 0, 'PUBLICKEY', null );
insert into Measurementcolumn ( MTABLEID, DATANAME, COLNUMBER, DATATYPE, DATASIZE, DATASCALE, UNIQUEVALUE, NULLABLE, INDEXES, DESCRIPTION, DATAID, RELEASEID, UNIQUEKEY, INCLUDESQL, COLTYPE, FOLLOWJOHN ) values ( 'DC_E_AFG:((13)):DC_E_AFG_AGG_PROXY:DAYBH', 'DC_RELEASE', 16, 'varchar', 16, 0, 2, 1, 'LF', '', 'DC_RELEASE', 'BASE_TP_090421', 0, 1, 'PUBLICKEY', null );
insert into Measurementcolumn ( MTABLEID, DATANAME, COLNUMBER, DATATYPE, DATASIZE, DATASCALE, UNIQUEVALUE, NULLABLE, INDEXES, DESCRIPTION, DATAID, RELEASEID, UNIQUEKEY, INCLUDESQL, COLTYPE, FOLLOWJOHN ) values ( 'DC_E_AFG:((13)):DC_E_AFG_AGG_PROXY:DAYBH', 'DC_SOURCE', 17, 'varchar', 16, 0, 2, 1, 'LF', '', 'DC_SOURCE', 'BASE_TP_090421', 0, 1, 'PUBLICKEY', null );
insert into Measurementcolumn ( MTABLEID, DATANAME, COLNUMBER, DATATYPE, DATASIZE, DATASCALE, UNIQUEVALUE, NULLABLE, INDEXES, DESCRIPTION, DATAID, RELEASEID, UNIQUEKEY, INCLUDESQL, COLTYPE, FOLLOWJOHN ) values ( 'DC_E_AFG:((13)):DC_E_AFG_AGG_PROXY:DAYBH', 'DC_SUSPECTFLAG', 19, 'int', 0, 0, 2, 1, 'LF', '', 'DC_SUSPECTFLAG', 'BASE_TP_090421', 0, 1, 'PUBLICKEY', null );
insert into Measurementcolumn ( MTABLEID, DATANAME, COLNUMBER, DATATYPE, DATASIZE, DATASCALE, UNIQUEVALUE, NULLABLE, INDEXES, DESCRIPTION, DATAID, RELEASEID, UNIQUEKEY, INCLUDESQL, COLTYPE, FOLLOWJOHN ) values ( 'DC_E_AFG:((13)):DC_E_AFG_AGG_PROXY:DAYBH', 'DC_TIMEZONE', 18, 'varchar', 16, 0, 2, 1, 'LF', '', 'DC_TIMEZONE', 'BASE_TP_090421', 0, 1, 'PUBLICKEY', null );
insert into Measurementcolumn ( MTABLEID, DATANAME, COLNUMBER, DATATYPE, DATASIZE, DATASCALE, UNIQUEVALUE, NULLABLE, INDEXES, DESCRIPTION, DATAID, RELEASEID, UNIQUEKEY, INCLUDESQL, COLTYPE, FOLLOWJOHN ) values ( 'DC_E_AFG:((13)):DC_E_AFG_AGG_PROXY:DAYBH', 'MIN_ID', 7, 'tinyint', 0, 0, 60, 1, 'LF', '', 'MIN_ID', 'BASE_TP_090421', 1, 1, 'PUBLICKEY', null );
insert into Measurementcolumn ( MTABLEID, DATANAME, COLNUMBER, DATATYPE, DATASIZE, DATASCALE, UNIQUEVALUE, NULLABLE, INDEXES, DESCRIPTION, DATAID, RELEASEID, UNIQUEKEY, INCLUDESQL, COLTYPE, FOLLOWJOHN ) values ( 'DC_E_AFG:((13)):DC_E_AFG_AGG_PROXY:DAYBH', 'MONTH_ID', 5, 'tinyint', 0, 0, 12, 1, 'LF', '', 'MONTH_ID', 'BASE_TP_090421', 0, 0, 'PUBLICKEY', null );
insert into Measurementcolumn ( MTABLEID, DATANAME, COLNUMBER, DATATYPE, DATASIZE, DATASCALE, UNIQUEVALUE, NULLABLE, INDEXES, DESCRIPTION, DATAID, RELEASEID, UNIQUEKEY, INCLUDESQL, COLTYPE, FOLLOWJOHN ) values ( 'DC_E_AFG:((13)):DC_E_AFG_AGG_PROXY:DAYBH', 'NODE_NAME', 2, 'varchar', 50, 0, 255, 1, 'HG', 'Node Name', 'NODE_NAME', 'DC_E_AFG:((13))', 1, 1, 'KEY', null );
insert into Measurementcolumn ( MTABLEID, DATANAME, COLNUMBER, DATATYPE, DATASIZE, DATASCALE, UNIQUEVALUE, NULLABLE, INDEXES, DESCRIPTION, DATAID, RELEASEID, UNIQUEKEY, INCLUDESQL, COLTYPE, FOLLOWJOHN ) values ( 'DC_E_AFG:((13)):DC_E_AFG_AGG_PROXY:DAYBH', 'OFFSET', 21, 'unsigned int', 0, 0, 255, 1, '', '', 'OFFSET', 'BASE_TP_20100318', 0, 0, 'PUBLICKEY', null );
insert into Measurementcolumn ( MTABLEID, DATANAME, COLNUMBER, DATATYPE, DATASIZE, DATASCALE, UNIQUEVALUE, NULLABLE, INDEXES, DESCRIPTION, DATAID, RELEASEID, UNIQUEKEY, INCLUDESQL, COLTYPE, FOLLOWJOHN ) values ( 'DC_E_AFG:((13)):DC_E_AFG_AGG_PROXY:DAYBH', 'OSS_ID', 1, 'varchar', 50, 0, 255, 1, 'HG', 'OSS Id', 'OSS_ID', 'DC_E_AFG:((13))', 1, 1, 'KEY', null );
insert into Measurementcolumn ( MTABLEID, DATANAME, COLNUMBER, DATATYPE, DATASIZE, DATASCALE, UNIQUEVALUE, NULLABLE, INDEXES, DESCRIPTION, DATAID, RELEASEID, UNIQUEKEY, INCLUDESQL, COLTYPE, FOLLOWJOHN ) values ( 'DC_E_AFG:((13)):DC_E_AFG_AGG_PROXY:DAYBH', 'PERIOD_DURATION', 14, 'unsigned int', 0, 0, 10, 1, '', '', 'PERIOD_DURATION', 'BASE_TP_090421', 0, 1, 'PUBLICKEY', null );
insert into Measurementcolumn ( MTABLEID, DATANAME, COLNUMBER, DATATYPE, DATASIZE, DATASCALE, UNIQUEVALUE, NULLABLE, INDEXES, DESCRIPTION, DATAID, RELEASEID, UNIQUEKEY, INCLUDESQL, COLTYPE, FOLLOWJOHN ) values ( 'DC_E_AFG:((13)):DC_E_AFG_AGG_PROXY:DAYBH', 'ROWSTATUS', 15, 'varchar', 16, 0, 10, 1, '', '', 'ROWSTATUS', 'BASE_TP_090421', 0, 1, 'PUBLICKEY', null );
insert into Measurementcolumn ( MTABLEID, DATANAME, COLNUMBER, DATATYPE, DATASIZE, DATASCALE, UNIQUEVALUE, NULLABLE, INDEXES, DESCRIPTION, DATAID, RELEASEID, UNIQUEKEY, INCLUDESQL, COLTYPE, FOLLOWJOHN ) values ( 'DC_E_AFG:((13)):DC_E_AFG_AGG_PROXY:DAYBH', 'SESSION_ID', 12, 'unsigned int', 0, 0, 255, 1, '', '', 'SESSION_ID', 'BASE_TP_090421', 0, 0, 'PUBLICKEY', null );
insert into Measurementcolumn ( MTABLEID, DATANAME, COLNUMBER, DATATYPE, DATASIZE, DATASCALE, UNIQUEVALUE, NULLABLE, INDEXES, DESCRIPTION, DATAID, RELEASEID, UNIQUEKEY, INCLUDESQL, COLTYPE, FOLLOWJOHN ) values ( 'DC_E_AFG:((13)):DC_E_AFG_AGG_PROXY:DAYBH', 'TIMELEVEL', 11, 'varchar', 10, 0, 10, 1, 'LF', '', 'TIMELEVEL', 'BASE_TP_090421', 0, 0, 'PUBLICKEY', null );
insert into Measurementcolumn ( MTABLEID, DATANAME, COLNUMBER, DATATYPE, DATASIZE, DATASCALE, UNIQUEVALUE, NULLABLE, INDEXES, DESCRIPTION, DATAID, RELEASEID, UNIQUEKEY, INCLUDESQL, COLTYPE, FOLLOWJOHN ) values ( 'DC_E_AFG:((13)):DC_E_AFG_AGG_PROXY:DAYBH', 'YEAR_ID', 4, 'smallint', 0, 0, 20, 1, 'LF', '', 'YEAR_ID', 'BASE_TP_090421', 0, 0, 'PUBLICKEY', null );
insert into Measurementcolumn ( MTABLEID, DATANAME, COLNUMBER, DATATYPE, DATASIZE, DATASCALE, UNIQUEVALUE, NULLABLE, INDEXES, DESCRIPTION, DATAID, RELEASEID, UNIQUEKEY, INCLUDESQL, COLTYPE, FOLLOWJOHN ) values ( 'DC_E_AFG:((13)):DC_E_AFG_AGG_PROXY:DAYBH', 'apSubCntSsoVpActSubCount_actual', 22, 'numeric', 24, 4, 255, 1, '', 'Number of active subscribers using the Aggregation Proxy Auth Pkg VP', 'apSubCntSsoVpActSubCount.actual', 'DC_E_AFG:((13))', 0, 1, 'COUNTER', null );
insert into Measurementcolumn ( MTABLEID, DATANAME, COLNUMBER, DATATYPE, DATASIZE, DATASCALE, UNIQUEVALUE, NULLABLE, INDEXES, DESCRIPTION, DATAID, RELEASEID, UNIQUEKEY, INCLUDESQL, COLTYPE, FOLLOWJOHN ) values ( 'DC_E_AFG:((13)):DC_E_AFG_AGG_PROXY:DAYBH', 'apSubCntSsoVpActSubCount_max', 24, 'numeric', 24, 4, 255, 1, '', 'Number of active subscribers using the Aggregation Proxy Auth Pkg VP', 'apSubCntSsoVpActSubCount.max', 'DC_E_AFG:((13))', 0, 1, 'COUNTER', null );
insert into Measurementcolumn ( MTABLEID, DATANAME, COLNUMBER, DATATYPE, DATASIZE, DATASCALE, UNIQUEVALUE, NULLABLE, INDEXES, DESCRIPTION, DATAID, RELEASEID, UNIQUEKEY, INCLUDESQL, COLTYPE, FOLLOWJOHN ) values ( 'DC_E_AFG:((13)):DC_E_AFG_AGG_PROXY:DAYBH', 'apSubCntSsoVpActSubCount_min', 23, 'numeric', 24, 4, 255, 1, '', 'Number of active subscribers using the Aggregation Proxy Auth Pkg VP', 'apSubCntSsoVpActSubCount.min', 'DC_E_AFG:((13))', 0, 1, 'COUNTER', null );
insert into Measurementcolumn ( MTABLEID, DATANAME, COLNUMBER, DATATYPE, DATASIZE, DATASCALE, UNIQUEVALUE, NULLABLE, INDEXES, DESCRIPTION, DATAID, RELEASEID, UNIQUEKEY, INCLUDESQL, COLTYPE, FOLLOWJOHN ) values ( 'DC_E_AFG:((13)):DC_E_AFG_AGG_PROXY:DAYBH', 'apSubCntSsoVpMaxSubCount_actual', 25, 'numeric', 20, 0, 255, 1, '', 'Maximum number of active subscribers allowed to use the Aggregation Proxy Auth Pkg VP according to the license available', 'apSubCntSsoVpMaxSubCount.actual', 'DC_E_AFG:((13))', 0, 1, 'COUNTER', null );
insert into Measurementcolumn ( MTABLEID, DATANAME, COLNUMBER, DATATYPE, DATASIZE, DATASCALE, UNIQUEVALUE, NULLABLE, INDEXES, DESCRIPTION, DATAID, RELEASEID, UNIQUEKEY, INCLUDESQL, COLTYPE, FOLLOWJOHN ) values ( 'DC_E_AFG:((13)):DC_E_AFG_AGG_PROXY:DAYBH', 'apSubCntSsoVpMaxSubCount_delta', 26, 'numeric', 20, 0, 255, 1, '', 'Maximum number of active subscribers allowed to use the Aggregation Proxy Auth Pkg VP according to the license available', 'apSubCntSsoVpMaxSubCount.delta', 'DC_E_AFG:((13))', 0, 1, 'COUNTER', null );
insert into Measurementcolumn ( MTABLEID, DATANAME, COLNUMBER, DATATYPE, DATASIZE, DATASCALE, UNIQUEVALUE, NULLABLE, INDEXES, DESCRIPTION, DATAID, RELEASEID, UNIQUEKEY, INCLUDESQL, COLTYPE, FOLLOWJOHN ) values ( 'DC_E_AFG:((13)):DC_E_AFG_AGG_PROXY:DAYBH', 'cnpCntInboundReqFailed403_actual', 29, 'numeric', 20, 0, 255, 1, '', 'Total number of failed inbound requests handled by Terminating CNP with error code 403.', 'cnpCntInboundReqFailed403.actual', 'DC_E_AFG:((13))', 0, 1, 'COUNTER', null );
insert into Measurementcolumn ( MTABLEID, DATANAME, COLNUMBER, DATATYPE, DATASIZE, DATASCALE, UNIQUEVALUE, NULLABLE, INDEXES, DESCRIPTION, DATAID, RELEASEID, UNIQUEKEY, INCLUDESQL, COLTYPE, FOLLOWJOHN ) values ( 'DC_E_AFG:((13)):DC_E_AFG_AGG_PROXY:DAYBH', 'cnpCntInboundReqFailed403_delta', 30, 'numeric', 20, 0, 255, 1, '', 'Total number of failed inbound requests handled by Terminating CNP with error code 403.', 'cnpCntInboundReqFailed403.delta', 'DC_E_AFG:((13))', 0, 1, 'COUNTER', null );
insert into Measurementcolumn ( MTABLEID, DATANAME, COLNUMBER, DATATYPE, DATASIZE, DATASCALE, UNIQUEVALUE, NULLABLE, INDEXES, DESCRIPTION, DATAID, RELEASEID, UNIQUEKEY, INCLUDESQL, COLTYPE, FOLLOWJOHN ) values ( 'DC_E_AFG:((13)):DC_E_AFG_AGG_PROXY:DAYBH', 'cnpCntInboundReqFailed404_actual', 31, 'numeric', 20, 0, 255, 1, '', 'Total number of failed inbound requests handled by Terminating CNP with error code 404.', 'cnpCntInboundReqFailed404.actual', 'DC_E_AFG:((13))', 0, 1, 'COUNTER', null );
insert into Measurementcolumn ( MTABLEID, DATANAME, COLNUMBER, DATATYPE, DATASIZE, DATASCALE, UNIQUEVALUE, NULLABLE, INDEXES, DESCRIPTION, DATAID, RELEASEID, UNIQUEKEY, INCLUDESQL, COLTYPE, FOLLOWJOHN ) values ( 'DC_E_AFG:((13)):DC_E_AFG_AGG_PROXY:DAYBH', 'cnpCntInboundReqFailed404_delta', 32, 'numeric', 20, 0, 255, 1, '', 'Total number of failed inbound requests handled by Terminating CNP with error code 404.', 'cnpCntInboundReqFailed404.delta', 'DC_E_AFG:((13))', 0, 1, 'COUNTER', null );
insert into Measurementcolumn ( MTABLEID, DATANAME, COLNUMBER, DATATYPE, DATASIZE, DATASCALE, UNIQUEVALUE, NULLABLE, INDEXES, DESCRIPTION, DATAID, RELEASEID, UNIQUEKEY, INCLUDESQL, COLTYPE, FOLLOWJOHN ) values ( 'DC_E_AFG:((13)):DC_E_AFG_AGG_PROXY:DAYBH', 'cnpCntInboundReqFailedOthers_actual', 33, 'numeric', 20, 0, 255, 1, '', 'Total number of failed inbound requests handled by Terminating CNP other than error code 403 or 404.', 'cnpCntInboundReqFailedOthers.actual', 'DC_E_AFG:((13))', 0, 1, 'COUNTER', null );
insert into Measurementcolumn ( MTABLEID, DATANAME, COLNUMBER, DATATYPE, DATASIZE, DATASCALE, UNIQUEVALUE, NULLABLE, INDEXES, DESCRIPTION, DATAID, RELEASEID, UNIQUEKEY, INCLUDESQL, COLTYPE, FOLLOWJOHN ) values ( 'DC_E_AFG:((13)):DC_E_AFG_AGG_PROXY:DAYBH', 'cnpCntInboundReqFailedOthers_delta', 34, 'numeric', 20, 0, 255, 1, '', 'Total number of failed inbound requests handled by Terminating CNP other than error code 403 or 404.', 'cnpCntInboundReqFailedOthers.delta', 'DC_E_AFG:((13))', 0, 1, 'COUNTER', null );
insert into Measurementcolumn ( MTABLEID, DATANAME, COLNUMBER, DATATYPE, DATASIZE, DATASCALE, UNIQUEVALUE, NULLABLE, INDEXES, DESCRIPTION, DATAID, RELEASEID, UNIQUEKEY, INCLUDESQL, COLTYPE, FOLLOWJOHN ) values ( 'DC_E_AFG:((13)):DC_E_AFG_AGG_PROXY:DAYBH', 'cnpCntInboundReq_actual', 27, 'numeric', 20, 0, 255, 1, '', 'Total number of all inbound requests received by Terminating CNP.', 'cnpCntInboundReq.actual', 'DC_E_AFG:((13))', 0, 1, 'COUNTER', null );
insert into Measurementcolumn ( MTABLEID, DATANAME, COLNUMBER, DATATYPE, DATASIZE, DATASCALE, UNIQUEVALUE, NULLABLE, INDEXES, DESCRIPTION, DATAID, RELEASEID, UNIQUEKEY, INCLUDESQL, COLTYPE, FOLLOWJOHN ) values ( 'DC_E_AFG:((13)):DC_E_AFG_AGG_PROXY:DAYBH', 'cnpCntInboundReq_delta', 28, 'numeric', 20, 0, 255, 1, '', 'Total number of all inbound requests received by Terminating CNP.', 'cnpCntInboundReq.delta', 'DC_E_AFG:((13))', 0, 1, 'COUNTER', null );
insert into Measurementcolumn ( MTABLEID, DATANAME, COLNUMBER, DATATYPE, DATASIZE, DATASCALE, UNIQUEVALUE, NULLABLE, INDEXES, DESCRIPTION, DATAID, RELEASEID, UNIQUEKEY, INCLUDESQL, COLTYPE, FOLLOWJOHN ) values ( 'DC_E_AFG:((13)):DC_E_AFG_AGG_PROXY:DAYBH', 'cnpCntOutboundReqFailed404_actual', 37, 'numeric', 20, 0, 255, 1, '', 'Total number of failed outbound requests handled by Originating CNP with error code 404.', 'cnpCntOutboundReqFailed404.actual', 'DC_E_AFG:((13))', 0, 1, 'COUNTER', null );
insert into Measurementcolumn ( MTABLEID, DATANAME, COLNUMBER, DATATYPE, DATASIZE, DATASCALE, UNIQUEVALUE, NULLABLE, INDEXES, DESCRIPTION, DATAID, RELEASEID, UNIQUEKEY, INCLUDESQL, COLTYPE, FOLLOWJOHN ) values ( 'DC_E_AFG:((13)):DC_E_AFG_AGG_PROXY:DAYBH', 'cnpCntOutboundReqFailed404_delta', 38, 'numeric', 20, 0, 255, 1, '', 'Total number of failed outbound requests handled by Originating CNP with error code 404.', 'cnpCntOutboundReqFailed404.delta', 'DC_E_AFG:((13))', 0, 1, 'COUNTER', null );
insert into Measurementcolumn ( MTABLEID, DATANAME, COLNUMBER, DATATYPE, DATASIZE, DATASCALE, UNIQUEVALUE, NULLABLE, INDEXES, DESCRIPTION, DATAID, RELEASEID, UNIQUEKEY, INCLUDESQL, COLTYPE, FOLLOWJOHN ) values ( 'DC_E_AFG:((13)):DC_E_AFG_AGG_PROXY:DAYBH', 'cnpCntOutboundReqFailedOthers_actual', 39, 'numeric', 20, 0, 255, 1, '', 'Total number of failed outbound requests handled by Originating CNP other than error code 404.', 'cnpCntOutboundReqFailedOthers.actual', 'DC_E_AFG:((13))', 0, 1, 'COUNTER', null );
insert into Measurementcolumn ( MTABLEID, DATANAME, COLNUMBER, DATATYPE, DATASIZE, DATASCALE, UNIQUEVALUE, NULLABLE, INDEXES, DESCRIPTION, DATAID, RELEASEID, UNIQUEKEY, INCLUDESQL, COLTYPE, FOLLOWJOHN ) values ( 'DC_E_AFG:((13)):DC_E_AFG_AGG_PROXY:DAYBH', 'cnpCntOutboundReqFailedOthers_delta', 40, 'numeric', 20, 0, 255, 1, '', 'Total number of failed outbound requests handled by Originating CNP other than error code 404.', 'cnpCntOutboundReqFailedOthers.delta', 'DC_E_AFG:((13))', 0, 1, 'COUNTER', null );
insert into Measurementcolumn ( MTABLEID, DATANAME, COLNUMBER, DATATYPE, DATASIZE, DATASCALE, UNIQUEVALUE, NULLABLE, INDEXES, DESCRIPTION, DATAID, RELEASEID, UNIQUEKEY, INCLUDESQL, COLTYPE, FOLLOWJOHN ) values ( 'DC_E_AFG:((13)):DC_E_AFG_AGG_PROXY:DAYBH', 'cnpCntOutboundReq_actual', 35, 'numeric', 20, 0, 255, 1, '', 'Total number of requests received by the Originating CNP', 'cnpCntOutboundReq.actual', 'DC_E_AFG:((13))', 0, 1, 'COUNTER', null );
insert into Measurementcolumn ( MTABLEID, DATANAME, COLNUMBER, DATATYPE, DATASIZE, DATASCALE, UNIQUEVALUE, NULLABLE, INDEXES, DESCRIPTION, DATAID, RELEASEID, UNIQUEKEY, INCLUDESQL, COLTYPE, FOLLOWJOHN ) values ( 'DC_E_AFG:((13)):DC_E_AFG_AGG_PROXY:DAYBH', 'cnpCntOutboundReq_delta', 36, 'numeric', 20, 0, 255, 1, '', 'Total number of requests received by the Originating CNP', 'cnpCntOutboundReq.delta', 'DC_E_AFG:((13))', 0, 1, 'COUNTER', null );
insert into Measurementcolumn ( MTABLEID, DATANAME, COLNUMBER, DATATYPE, DATASIZE, DATASCALE, UNIQUEVALUE, NULLABLE, INDEXES, DESCRIPTION, DATAID, RELEASEID, UNIQUEKEY, INCLUDESQL, COLTYPE, FOLLOWJOHN ) values ( 'DC_E_AFG:((13)):DC_E_AFG_AGG_PROXY:DAYBH', 'mediaCntAuthFailed_actual', 41, 'numeric', 20, 0, 255, 1, '', 'Number of all failed Media authentication request.', 'mediaCntAuthFailed.actual', 'DC_E_AFG:((13))', 0, 1, 'COUNTER', null );
insert into Measurementcolumn ( MTABLEID, DATANAME, COLNUMBER, DATATYPE, DATASIZE, DATASCALE, UNIQUEVALUE, NULLABLE, INDEXES, DESCRIPTION, DATAID, RELEASEID, UNIQUEKEY, INCLUDESQL, COLTYPE, FOLLOWJOHN ) values ( 'DC_E_AFG:((13)):DC_E_AFG_AGG_PROXY:DAYBH', 'mediaCntAuthFailed_delta', 42, 'numeric', 20, 0, 255, 1, '', 'Number of all failed Media authentication request.', 'mediaCntAuthFailed.delta', 'DC_E_AFG:((13))', 0, 1, 'COUNTER', null );
insert into Measurementcolumn ( MTABLEID, DATANAME, COLNUMBER, DATATYPE, DATASIZE, DATASCALE, UNIQUEVALUE, NULLABLE, INDEXES, DESCRIPTION, DATAID, RELEASEID, UNIQUEKEY, INCLUDESQL, COLTYPE, FOLLOWJOHN ) values ( 'DC_E_AFG:((13)):DC_E_AFG_AGG_PROXY:DAYBH', 'mediaCntAuthGbaMeReq_actual', 43, 'numeric', 20, 0, 255, 1, '', 'Number of Media ME-based GBA authentication requests (GBA_ME and GBA_U).', 'mediaCntAuthGbaMeReq.actual', 'DC_E_AFG:((13))', 0, 1, 'COUNTER', null );
insert into Measurementcolumn ( MTABLEID, DATANAME, COLNUMBER, DATATYPE, DATASIZE, DATASCALE, UNIQUEVALUE, NULLABLE, INDEXES, DESCRIPTION, DATAID, RELEASEID, UNIQUEKEY, INCLUDESQL, COLTYPE, FOLLOWJOHN ) values ( 'DC_E_AFG:((13)):DC_E_AFG_AGG_PROXY:DAYBH', 'mediaCntAuthGbaMeReq_delta', 44, 'numeric', 20, 0, 255, 1, '', 'Number of Media ME-based GBA authentication requests (GBA_ME and GBA_U).', 'mediaCntAuthGbaMeReq.delta', 'DC_E_AFG:((13))', 0, 1, 'COUNTER', null );
insert into Measurementcolumn ( MTABLEID, DATANAME, COLNUMBER, DATATYPE, DATASIZE, DATASCALE, UNIQUEVALUE, NULLABLE, INDEXES, DESCRIPTION, DATAID, RELEASEID, UNIQUEKEY, INCLUDESQL, COLTYPE, FOLLOWJOHN ) values ( 'DC_E_AFG:((13)):DC_E_AFG_AGG_PROXY:DAYBH', 'mediaCntAuthGbaReq_actual', 45, 'numeric', 20, 0, 255, 1, '', 'Number of Media GBA authentication requests.', 'mediaCntAuthGbaReq.actual', 'DC_E_AFG:((13))', 0, 1, 'COUNTER', null );
insert into Measurementcolumn ( MTABLEID, DATANAME, COLNUMBER, DATATYPE, DATASIZE, DATASCALE, UNIQUEVALUE, NULLABLE, INDEXES, DESCRIPTION, DATAID, RELEASEID, UNIQUEKEY, INCLUDESQL, COLTYPE, FOLLOWJOHN ) values ( 'DC_E_AFG:((13)):DC_E_AFG_AGG_PROXY:DAYBH', 'mediaCntAuthGbaReq_delta', 46, 'numeric', 20, 0, 255, 1, '', 'Number of Media GBA authentication requests.', 'mediaCntAuthGbaReq.delta', 'DC_E_AFG:((13))', 0, 1, 'COUNTER', null );
insert into Measurementcolumn ( MTABLEID, DATANAME, COLNUMBER, DATATYPE, DATASIZE, DATASCALE, UNIQUEVALUE, NULLABLE, INDEXES, DESCRIPTION, DATAID, RELEASEID, UNIQUEKEY, INCLUDESQL, COLTYPE, FOLLOWJOHN ) values ( 'DC_E_AFG:((13)):DC_E_AFG_AGG_PROXY:DAYBH', 'mediaCntAuthReqFailed403_actual', 49, 'numeric', 20, 0, 255, 1, '', 'Number of failed Media authentications responses indicated by HTTP 403-Forbidden status code.', 'mediaCntAuthReqFailed403.actual', 'DC_E_AFG:((13))', 0, 1, 'COUNTER', null );
insert into Measurementcolumn ( MTABLEID, DATANAME, COLNUMBER, DATATYPE, DATASIZE, DATASCALE, UNIQUEVALUE, NULLABLE, INDEXES, DESCRIPTION, DATAID, RELEASEID, UNIQUEKEY, INCLUDESQL, COLTYPE, FOLLOWJOHN ) values ( 'DC_E_AFG:((13)):DC_E_AFG_AGG_PROXY:DAYBH', 'mediaCntAuthReqFailed403_delta', 50, 'numeric', 20, 0, 255, 1, '', 'Number of failed Media authentications responses indicated by HTTP 403-Forbidden status code.', 'mediaCntAuthReqFailed403.delta', 'DC_E_AFG:((13))', 0, 1, 'COUNTER', null );
insert into Measurementcolumn ( MTABLEID, DATANAME, COLNUMBER, DATATYPE, DATASIZE, DATASCALE, UNIQUEVALUE, NULLABLE, INDEXES, DESCRIPTION, DATAID, RELEASEID, UNIQUEKEY, INCLUDESQL, COLTYPE, FOLLOWJOHN ) values ( 'DC_E_AFG:((13)):DC_E_AFG_AGG_PROXY:DAYBH', 'mediaCntAuthReq_actual', 47, 'numeric', 20, 0, 255, 1, '', 'Total number of Media Authentication requests attempts.', 'mediaCntAuthReq.actual', 'DC_E_AFG:((13))', 0, 1, 'COUNTER', null );
insert into Measurementcolumn ( MTABLEID, DATANAME, COLNUMBER, DATATYPE, DATASIZE, DATASCALE, UNIQUEVALUE, NULLABLE, INDEXES, DESCRIPTION, DATAID, RELEASEID, UNIQUEKEY, INCLUDESQL, COLTYPE, FOLLOWJOHN ) values ( 'DC_E_AFG:((13)):DC_E_AFG_AGG_PROXY:DAYBH', 'mediaCntAuthReq_delta', 48, 'numeric', 20, 0, 255, 1, '', 'Total number of Media Authentication requests attempts.', 'mediaCntAuthReq.delta', 'DC_E_AFG:((13))', 0, 1, 'COUNTER', null );
insert into Measurementcolumn ( MTABLEID, DATANAME, COLNUMBER, DATATYPE, DATASIZE, DATASCALE, UNIQUEVALUE, NULLABLE, INDEXES, DESCRIPTION, DATAID, RELEASEID, UNIQUEKEY, INCLUDESQL, COLTYPE, FOLLOWJOHN ) values ( 'DC_E_AFG:((13)):DC_E_AFG_AGG_PROXY:DAYBH', 'mediaCntAuthResp_actual', 51, 'numeric', 20, 0, 255, 1, '', 'Number of NAF Media Authentication responses.', 'mediaCntAuthResp.actual', 'DC_E_AFG:((13))', 0, 1, 'COUNTER', null );
insert into Measurementcolumn ( MTABLEID, DATANAME, COLNUMBER, DATATYPE, DATASIZE, DATASCALE, UNIQUEVALUE, NULLABLE, INDEXES, DESCRIPTION, DATAID, RELEASEID, UNIQUEKEY, INCLUDESQL, COLTYPE, FOLLOWJOHN ) values ( 'DC_E_AFG:((13)):DC_E_AFG_AGG_PROXY:DAYBH', 'mediaCntAuthResp_delta', 52, 'numeric', 20, 0, 255, 1, '', 'Number of NAF Media Authentication responses.', 'mediaCntAuthResp.delta', 'DC_E_AFG:((13))', 0, 1, 'COUNTER', null );
insert into Measurementcolumn ( MTABLEID, DATANAME, COLNUMBER, DATATYPE, DATASIZE, DATASCALE, UNIQUEVALUE, NULLABLE, INDEXES, DESCRIPTION, DATAID, RELEASEID, UNIQUEKEY, INCLUDESQL, COLTYPE, FOLLOWJOHN ) values ( 'DC_E_AFG:((13)):DC_E_AFG_AGG_PROXY:DAYBH', 'mediaCntReq_actual', 53, 'numeric', 20, 0, 255, 1, '', 'Number of Media requests.', 'mediaCntReq.actual', 'DC_E_AFG:((13))', 0, 1, 'COUNTER', null );
insert into Measurementcolumn ( MTABLEID, DATANAME, COLNUMBER, DATATYPE, DATASIZE, DATASCALE, UNIQUEVALUE, NULLABLE, INDEXES, DESCRIPTION, DATAID, RELEASEID, UNIQUEKEY, INCLUDESQL, COLTYPE, FOLLOWJOHN ) values ( 'DC_E_AFG:((13)):DC_E_AFG_AGG_PROXY:DAYBH', 'mediaCntReq_delta', 54, 'numeric', 20, 0, 255, 1, '', 'Number of Media requests.', 'mediaCntReq.delta', 'DC_E_AFG:((13))', 0, 1, 'COUNTER', null );
insert into Measurementcolumn ( MTABLEID, DATANAME, COLNUMBER, DATATYPE, DATASIZE, DATASCALE, UNIQUEVALUE, NULLABLE, INDEXES, DESCRIPTION, DATAID, RELEASEID, UNIQUEKEY, INCLUDESQL, COLTYPE, FOLLOWJOHN ) values ( 'DC_E_AFG:((13)):DC_E_AFG_AGG_PROXY:DAYBH', 'mediaCntUnsuccessfulReq_actual', 55, 'numeric', 20, 0, 255, 1, '', 'Number of unsuccessful Media requests.', 'mediaCntUnsuccessfulReq.actual', 'DC_E_AFG:((13))', 0, 1, 'COUNTER', null );
insert into Measurementcolumn ( MTABLEID, DATANAME, COLNUMBER, DATATYPE, DATASIZE, DATASCALE, UNIQUEVALUE, NULLABLE, INDEXES, DESCRIPTION, DATAID, RELEASEID, UNIQUEKEY, INCLUDESQL, COLTYPE, FOLLOWJOHN ) values ( 'DC_E_AFG:((13)):DC_E_AFG_AGG_PROXY:DAYBH', 'mediaCntUnsuccessfulReq_delta', 56, 'numeric', 20, 0, 255, 1, '', 'Number of unsuccessful Media requests.', 'mediaCntUnsuccessfulReq.delta', 'DC_E_AFG:((13))', 0, 1, 'COUNTER', null );
insert into Measurementcolumn ( MTABLEID, DATANAME, COLNUMBER, DATATYPE, DATASIZE, DATASCALE, UNIQUEVALUE, NULLABLE, INDEXES, DESCRIPTION, DATAID, RELEASEID, UNIQUEKEY, INCLUDESQL, COLTYPE, FOLLOWJOHN ) values ( 'DC_E_AFG:((13)):DC_E_AFG_AGG_PROXY:DAYBH', 'mediaCntZnReq_actual', 57, 'numeric', 20, 0, 255, 1, '', 'Number of Media Zn requests to BSF.', 'mediaCntZnReq.actual', 'DC_E_AFG:((13))', 0, 1, 'COUNTER', null );
insert into Measurementcolumn ( MTABLEID, DATANAME, COLNUMBER, DATATYPE, DATASIZE, DATASCALE, UNIQUEVALUE, NULLABLE, INDEXES, DESCRIPTION, DATAID, RELEASEID, UNIQUEKEY, INCLUDESQL, COLTYPE, FOLLOWJOHN ) values ( 'DC_E_AFG:((13)):DC_E_AFG_AGG_PROXY:DAYBH', 'mediaCntZnReq_delta', 58, 'numeric', 20, 0, 255, 1, '', 'Number of Media Zn requests to BSF.', 'mediaCntZnReq.delta', 'DC_E_AFG:((13))', 0, 1, 'COUNTER', null );
insert into Measurementcolumn ( MTABLEID, DATANAME, COLNUMBER, DATATYPE, DATASIZE, DATASCALE, UNIQUEVALUE, NULLABLE, INDEXES, DESCRIPTION, DATAID, RELEASEID, UNIQUEKEY, INCLUDESQL, COLTYPE, FOLLOWJOHN ) values ( 'DC_E_AFG:((13)):DC_E_AFG_AGG_PROXY:DAYBH', 'xRpCntAuthFailed403_actual', 61, 'numeric', 20, 0, 255, 1, '', 'Number of failed authentication responses indicated by HTTP 403- Forbidden status code.', 'xRpCntAuthFailed403.actual', 'DC_E_AFG:((13))', 0, 1, 'COUNTER', null );
insert into Measurementcolumn ( MTABLEID, DATANAME, COLNUMBER, DATATYPE, DATASIZE, DATASCALE, UNIQUEVALUE, NULLABLE, INDEXES, DESCRIPTION, DATAID, RELEASEID, UNIQUEKEY, INCLUDESQL, COLTYPE, FOLLOWJOHN ) values ( 'DC_E_AFG:((13)):DC_E_AFG_AGG_PROXY:DAYBH', 'xRpCntAuthFailed403_delta', 62, 'numeric', 20, 0, 255, 1, '', 'Number of failed authentication responses indicated by HTTP 403- Forbidden status code.', 'xRpCntAuthFailed403.delta', 'DC_E_AFG:((13))', 0, 1, 'COUNTER', null );
insert into Measurementcolumn ( MTABLEID, DATANAME, COLNUMBER, DATATYPE, DATASIZE, DATASCALE, UNIQUEVALUE, NULLABLE, INDEXES, DESCRIPTION, DATAID, RELEASEID, UNIQUEKEY, INCLUDESQL, COLTYPE, FOLLOWJOHN ) values ( 'DC_E_AFG:((13)):DC_E_AFG_AGG_PROXY:DAYBH', 'xRpCntAuthFailed_actual', 59, 'numeric', 20, 0, 255, 1, '', 'Number of all failed authentication responses.', 'xRpCntAuthFailed.actual', 'DC_E_AFG:((13))', 0, 1, 'COUNTER', null );
insert into Measurementcolumn ( MTABLEID, DATANAME, COLNUMBER, DATATYPE, DATASIZE, DATASCALE, UNIQUEVALUE, NULLABLE, INDEXES, DESCRIPTION, DATAID, RELEASEID, UNIQUEKEY, INCLUDESQL, COLTYPE, FOLLOWJOHN ) values ( 'DC_E_AFG:((13)):DC_E_AFG_AGG_PROXY:DAYBH', 'xRpCntAuthFailed_delta', 60, 'numeric', 20, 0, 255, 1, '', 'Number of all failed authentication responses.', 'xRpCntAuthFailed.delta', 'DC_E_AFG:((13))', 0, 1, 'COUNTER', null );
insert into Measurementcolumn ( MTABLEID, DATANAME, COLNUMBER, DATATYPE, DATASIZE, DATASCALE, UNIQUEVALUE, NULLABLE, INDEXES, DESCRIPTION, DATAID, RELEASEID, UNIQUEKEY, INCLUDESQL, COLTYPE, FOLLOWJOHN ) values ( 'DC_E_AFG:((13)):DC_E_AFG_AGG_PROXY:DAYBH', 'xRpCntAuthResp_actual', 63, 'numeric', 20, 0, 255, 1, '', 'Total number of all authentication responses.', 'xRpCntAuthResp.actual', 'DC_E_AFG:((13))', 0, 1, 'COUNTER', null );
insert into Measurementcolumn ( MTABLEID, DATANAME, COLNUMBER, DATATYPE, DATASIZE, DATASCALE, UNIQUEVALUE, NULLABLE, INDEXES, DESCRIPTION, DATAID, RELEASEID, UNIQUEKEY, INCLUDESQL, COLTYPE, FOLLOWJOHN ) values ( 'DC_E_AFG:((13)):DC_E_AFG_AGG_PROXY:DAYBH', 'xRpCntAuthResp_delta', 64, 'numeric', 20, 0, 255, 1, '', 'Total number of all authentication responses.', 'xRpCntAuthResp.delta', 'DC_E_AFG:((13))', 0, 1, 'COUNTER', null );
insert into Measurementcolumn ( MTABLEID, DATANAME, COLNUMBER, DATATYPE, DATASIZE, DATASCALE, UNIQUEVALUE, NULLABLE, INDEXES, DESCRIPTION, DATAID, RELEASEID, UNIQUEKEY, INCLUDESQL, COLTYPE, FOLLOWJOHN ) values ( 'DC_E_AFG:((13)):DC_E_AFG_AGG_PROXY:DAYBH', 'xRpCntTrustGwFailed_actual', 65, 'numeric', 20, 0, 255, 1, '', 'Number of failed requests to the Trusted Gateway port.', 'xRpCntTrustGwFailed.actual', 'DC_E_AFG:((13))', 0, 1, 'COUNTER', null );
insert into Measurementcolumn ( MTABLEID, DATANAME, COLNUMBER, DATATYPE, DATASIZE, DATASCALE, UNIQUEVALUE, NULLABLE, INDEXES, DESCRIPTION, DATAID, RELEASEID, UNIQUEKEY, INCLUDESQL, COLTYPE, FOLLOWJOHN ) values ( 'DC_E_AFG:((13)):DC_E_AFG_AGG_PROXY:DAYBH', 'xRpCntTrustGwFailed_delta', 66, 'numeric', 20, 0, 255, 1, '', 'Number of failed requests to the Trusted Gateway port.', 'xRpCntTrustGwFailed.delta', 'DC_E_AFG:((13))', 0, 1, 'COUNTER', null );
insert into Measurementcolumn ( MTABLEID, DATANAME, COLNUMBER, DATATYPE, DATASIZE, DATASCALE, UNIQUEVALUE, NULLABLE, INDEXES, DESCRIPTION, DATAID, RELEASEID, UNIQUEKEY, INCLUDESQL, COLTYPE, FOLLOWJOHN ) values ( 'DC_E_AFG:((13)):DC_E_AFG_AGG_PROXY:DAYBH', 'xRpCntTrustGwResp_actual', 67, 'numeric', 20, 0, 255, 1, '', 'Total number of responses to Trusted Gateway(s).', 'xRpCntTrustGwResp.actual', 'DC_E_AFG:((13))', 0, 1, 'COUNTER', null );
insert into Measurementcolumn ( MTABLEID, DATANAME, COLNUMBER, DATATYPE, DATASIZE, DATASCALE, UNIQUEVALUE, NULLABLE, INDEXES, DESCRIPTION, DATAID, RELEASEID, UNIQUEKEY, INCLUDESQL, COLTYPE, FOLLOWJOHN ) values ( 'DC_E_AFG:((13)):DC_E_AFG_AGG_PROXY:DAYBH', 'xRpCntTrustGwResp_delta', 68, 'numeric', 20, 0, 255, 1, '', 'Total number of responses to Trusted Gateway(s).', 'xRpCntTrustGwResp.delta', 'DC_E_AFG:((13))', 0, 1, 'COUNTER', null );
insert into Measurementcolumn ( MTABLEID, DATANAME, COLNUMBER, DATATYPE, DATASIZE, DATASCALE, UNIQUEVALUE, NULLABLE, INDEXES, DESCRIPTION, DATAID, RELEASEID, UNIQUEKEY, INCLUDESQL, COLTYPE, FOLLOWJOHN ) values ( 'DC_E_AFG:((13)):DC_E_AFG_AGG_PROXY:DAYBH', 'xRqCntAuthDigestReq_actual', 69, 'numeric', 20, 0, 255, 1, '', 'Number of Digest authentication requests.', 'xRqCntAuthDigestReq.actual', 'DC_E_AFG:((13))', 0, 1, 'COUNTER', null );
insert into Measurementcolumn ( MTABLEID, DATANAME, COLNUMBER, DATATYPE, DATASIZE, DATASCALE, UNIQUEVALUE, NULLABLE, INDEXES, DESCRIPTION, DATAID, RELEASEID, UNIQUEKEY, INCLUDESQL, COLTYPE, FOLLOWJOHN ) values ( 'DC_E_AFG:((13)):DC_E_AFG_AGG_PROXY:DAYBH', 'xRqCntAuthDigestReq_delta', 70, 'numeric', 20, 0, 255, 1, '', 'Number of Digest authentication requests.', 'xRqCntAuthDigestReq.delta', 'DC_E_AFG:((13))', 0, 1, 'COUNTER', null );
insert into Measurementcolumn ( MTABLEID, DATANAME, COLNUMBER, DATATYPE, DATASIZE, DATASCALE, UNIQUEVALUE, NULLABLE, INDEXES, DESCRIPTION, DATAID, RELEASEID, UNIQUEKEY, INCLUDESQL, COLTYPE, FOLLOWJOHN ) values ( 'DC_E_AFG:((13)):DC_E_AFG_AGG_PROXY:DAYBH', 'xRqCntAuthGbaDigestReq_actual', 71, 'numeric', 20, 0, 255, 1, '', 'Number of GBA_Digest authentication requests.', 'xRqCntAuthGbaDigestReq.actual', 'DC_E_AFG:((13))', 0, 1, 'COUNTER', null );
insert into Measurementcolumn ( MTABLEID, DATANAME, COLNUMBER, DATATYPE, DATASIZE, DATASCALE, UNIQUEVALUE, NULLABLE, INDEXES, DESCRIPTION, DATAID, RELEASEID, UNIQUEKEY, INCLUDESQL, COLTYPE, FOLLOWJOHN ) values ( 'DC_E_AFG:((13)):DC_E_AFG_AGG_PROXY:DAYBH', 'xRqCntAuthGbaDigestReq_delta', 72, 'numeric', 20, 0, 255, 1, '', 'Number of GBA_Digest authentication requests.', 'xRqCntAuthGbaDigestReq.delta', 'DC_E_AFG:((13))', 0, 1, 'COUNTER', null );
insert into Measurementcolumn ( MTABLEID, DATANAME, COLNUMBER, DATATYPE, DATASIZE, DATASCALE, UNIQUEVALUE, NULLABLE, INDEXES, DESCRIPTION, DATAID, RELEASEID, UNIQUEKEY, INCLUDESQL, COLTYPE, FOLLOWJOHN ) values ( 'DC_E_AFG:((13)):DC_E_AFG_AGG_PROXY:DAYBH', 'xRqCntAuthGbaMeReq_actual', 73, 'numeric', 20, 0, 255, 1, '', 'Number of ME-based GBA authentication requests (GBA_ME and GBA_U).', 'xRqCntAuthGbaMeReq.actual', 'DC_E_AFG:((13))', 0, 1, 'COUNTER', null );
insert into Measurementcolumn ( MTABLEID, DATANAME, COLNUMBER, DATATYPE, DATASIZE, DATASCALE, UNIQUEVALUE, NULLABLE, INDEXES, DESCRIPTION, DATAID, RELEASEID, UNIQUEKEY, INCLUDESQL, COLTYPE, FOLLOWJOHN ) values ( 'DC_E_AFG:((13)):DC_E_AFG_AGG_PROXY:DAYBH', 'xRqCntAuthGbaMeReq_delta', 74, 'numeric', 20, 0, 255, 1, '', 'Number of ME-based GBA authentication requests (GBA_ME and GBA_U).', 'xRqCntAuthGbaMeReq.delta', 'DC_E_AFG:((13))', 0, 1, 'COUNTER', null );
insert into Measurementcolumn ( MTABLEID, DATANAME, COLNUMBER, DATATYPE, DATASIZE, DATASCALE, UNIQUEVALUE, NULLABLE, INDEXES, DESCRIPTION, DATAID, RELEASEID, UNIQUEKEY, INCLUDESQL, COLTYPE, FOLLOWJOHN ) values ( 'DC_E_AFG:((13)):DC_E_AFG_AGG_PROXY:DAYBH', 'xRqCntAuthGbaReq_actual', 75, 'numeric', 20, 0, 255, 1, '', 'Number of GBA authentication requests.', 'xRqCntAuthGbaReq.actual', 'DC_E_AFG:((13))', 0, 1, 'COUNTER', null );
insert into Measurementcolumn ( MTABLEID, DATANAME, COLNUMBER, DATATYPE, DATASIZE, DATASCALE, UNIQUEVALUE, NULLABLE, INDEXES, DESCRIPTION, DATAID, RELEASEID, UNIQUEKEY, INCLUDESQL, COLTYPE, FOLLOWJOHN ) values ( 'DC_E_AFG:((13)):DC_E_AFG_AGG_PROXY:DAYBH', 'xRqCntAuthGbaReq_delta', 76, 'numeric', 20, 0, 255, 1, '', 'Number of GBA authentication requests.', 'xRqCntAuthGbaReq.delta', 'DC_E_AFG:((13))', 0, 1, 'COUNTER', null );
insert into Measurementcolumn ( MTABLEID, DATANAME, COLNUMBER, DATATYPE, DATASIZE, DATASCALE, UNIQUEVALUE, NULLABLE, INDEXES, DESCRIPTION, DATAID, RELEASEID, UNIQUEKEY, INCLUDESQL, COLTYPE, FOLLOWJOHN ) values ( 'DC_E_AFG:((13)):DC_E_AFG_AGG_PROXY:DAYBH', 'xRqCntAuthGibaReq_actual', 77, 'numeric', 20, 0, 255, 1, '', 'Number of GIBA authentication requests.', 'xRqCntAuthGibaReq.actual', 'DC_E_AFG:((13))', 0, 1, 'COUNTER', null );
insert into Measurementcolumn ( MTABLEID, DATANAME, COLNUMBER, DATATYPE, DATASIZE, DATASCALE, UNIQUEVALUE, NULLABLE, INDEXES, DESCRIPTION, DATAID, RELEASEID, UNIQUEKEY, INCLUDESQL, COLTYPE, FOLLOWJOHN ) values ( 'DC_E_AFG:((13)):DC_E_AFG_AGG_PROXY:DAYBH', 'xRqCntAuthGibaReq_delta', 78, 'numeric', 20, 0, 255, 1, '', 'Number of GIBA authentication requests.', 'xRqCntAuthGibaReq.delta', 'DC_E_AFG:((13))', 0, 1, 'COUNTER', null );
insert into Measurementcolumn ( MTABLEID, DATANAME, COLNUMBER, DATATYPE, DATASIZE, DATASCALE, UNIQUEVALUE, NULLABLE, INDEXES, DESCRIPTION, DATAID, RELEASEID, UNIQUEKEY, INCLUDESQL, COLTYPE, FOLLOWJOHN ) values ( 'DC_E_AFG:((13)):DC_E_AFG_AGG_PROXY:DAYBH', 'xRqCntAuthReq_actual', 79, 'numeric', 20, 0, 255, 1, '', 'Total number of Digest, GBA (Digest, U, ME), SSO and GIBA Authentication requests attempts. Note that the original authentication request may trigger multiple subsequent requests of different types. As such, the AuthDigestReq, AuthGbaReq, AuthSsoReq and AuthGibaReq counters may not total to AuthReq.', 'xRqCntAuthReq.actual', 'DC_E_AFG:((13))', 0, 1, 'COUNTER', null );
insert into Measurementcolumn ( MTABLEID, DATANAME, COLNUMBER, DATATYPE, DATASIZE, DATASCALE, UNIQUEVALUE, NULLABLE, INDEXES, DESCRIPTION, DATAID, RELEASEID, UNIQUEKEY, INCLUDESQL, COLTYPE, FOLLOWJOHN ) values ( 'DC_E_AFG:((13)):DC_E_AFG_AGG_PROXY:DAYBH', 'xRqCntAuthReq_delta', 80, 'numeric', 20, 0, 255, 1, '', 'Total number of Digest, GBA (Digest, U, ME), SSO and GIBA Authentication requests attempts. Note that the original authentication request may trigger multiple subsequent requests of different types. As such, the AuthDigestReq, AuthGbaReq, AuthSsoReq and AuthGibaReq counters may not total to AuthReq.', 'xRqCntAuthReq.delta', 'DC_E_AFG:((13))', 0, 1, 'COUNTER', null );
insert into Measurementcolumn ( MTABLEID, DATANAME, COLNUMBER, DATATYPE, DATASIZE, DATASCALE, UNIQUEVALUE, NULLABLE, INDEXES, DESCRIPTION, DATAID, RELEASEID, UNIQUEKEY, INCLUDESQL, COLTYPE, FOLLOWJOHN ) values ( 'DC_E_AFG:((13)):DC_E_AFG_AGG_PROXY:DAYBH', 'xRqCntAuthSsoReq_actual', 81, 'numeric', 20, 0, 255, 1, '', 'Number of SSO authentication requests.', 'xRqCntAuthSsoReq.actual', 'DC_E_AFG:((13))', 0, 1, 'COUNTER', null );
insert into Measurementcolumn ( MTABLEID, DATANAME, COLNUMBER, DATATYPE, DATASIZE, DATASCALE, UNIQUEVALUE, NULLABLE, INDEXES, DESCRIPTION, DATAID, RELEASEID, UNIQUEKEY, INCLUDESQL, COLTYPE, FOLLOWJOHN ) values ( 'DC_E_AFG:((13)):DC_E_AFG_AGG_PROXY:DAYBH', 'xRqCntAuthSsoReq_delta', 82, 'numeric', 20, 0, 255, 1, '', 'Number of SSO authentication requests.', 'xRqCntAuthSsoReq.delta', 'DC_E_AFG:((13))', 0, 1, 'COUNTER', null );
insert into Measurementcolumn ( MTABLEID, DATANAME, COLNUMBER, DATATYPE, DATASIZE, DATASCALE, UNIQUEVALUE, NULLABLE, INDEXES, DESCRIPTION, DATAID, RELEASEID, UNIQUEKEY, INCLUDESQL, COLTYPE, FOLLOWJOHN ) values ( 'DC_E_AFG:((13)):DC_E_AFG_AGG_PROXY:DAYBH', 'xRqCntTrustGwReq_actual', 83, 'numeric', 20, 0, 255, 1, '', 'Number of requests incoming to the Trusted Port.', 'xRqCntTrustGwReq.actual', 'DC_E_AFG:((13))', 0, 1, 'COUNTER', null );
insert into Measurementcolumn ( MTABLEID, DATANAME, COLNUMBER, DATATYPE, DATASIZE, DATASCALE, UNIQUEVALUE, NULLABLE, INDEXES, DESCRIPTION, DATAID, RELEASEID, UNIQUEKEY, INCLUDESQL, COLTYPE, FOLLOWJOHN ) values ( 'DC_E_AFG:((13)):DC_E_AFG_AGG_PROXY:DAYBH', 'xRqCntTrustGwReq_delta', 84, 'numeric', 20, 0, 255, 1, '', 'Number of requests incoming to the Trusted Port.', 'xRqCntTrustGwReq.delta', 'DC_E_AFG:((13))', 0, 1, 'COUNTER', null );
insert into Measurementcolumn ( MTABLEID, DATANAME, COLNUMBER, DATATYPE, DATASIZE, DATASCALE, UNIQUEVALUE, NULLABLE, INDEXES, DESCRIPTION, DATAID, RELEASEID, UNIQUEKEY, INCLUDESQL, COLTYPE, FOLLOWJOHN ) values ( 'DC_E_AFG:((13)):DC_E_AFG_AGG_PROXY:DAYBH', 'xRqCntXcapCapReq_actual', 85, 'numeric', 20, 0, 255, 1, '', 'Total number of XCAP Capability requests.', 'xRqCntXcapCapReq.actual', 'DC_E_AFG:((13))', 0, 1, 'COUNTER', null );
insert into Measurementcolumn ( MTABLEID, DATANAME, COLNUMBER, DATATYPE, DATASIZE, DATASCALE, UNIQUEVALUE, NULLABLE, INDEXES, DESCRIPTION, DATAID, RELEASEID, UNIQUEKEY, INCLUDESQL, COLTYPE, FOLLOWJOHN ) values ( 'DC_E_AFG:((13)):DC_E_AFG_AGG_PROXY:DAYBH', 'xRqCntXcapCapReq_delta', 86, 'numeric', 20, 0, 255, 1, '', 'Total number of XCAP Capability requests.', 'xRqCntXcapCapReq.delta', 'DC_E_AFG:((13))', 0, 1, 'COUNTER', null );
insert into Measurementcolumn ( MTABLEID, DATANAME, COLNUMBER, DATATYPE, DATASIZE, DATASCALE, UNIQUEVALUE, NULLABLE, INDEXES, DESCRIPTION, DATAID, RELEASEID, UNIQUEKEY, INCLUDESQL, COLTYPE, FOLLOWJOHN ) values ( 'DC_E_AFG:((13)):DC_E_AFG_AGG_PROXY:DAYBH', 'xRqCntXcapDelReq_actual', 87, 'numeric', 20, 0, 255, 1, '', 'Total number of XCAP DELETE requests.', 'xRqCntXcapDelReq.actual', 'DC_E_AFG:((13))', 0, 1, 'COUNTER', null );
insert into Measurementcolumn ( MTABLEID, DATANAME, COLNUMBER, DATATYPE, DATASIZE, DATASCALE, UNIQUEVALUE, NULLABLE, INDEXES, DESCRIPTION, DATAID, RELEASEID, UNIQUEKEY, INCLUDESQL, COLTYPE, FOLLOWJOHN ) values ( 'DC_E_AFG:((13)):DC_E_AFG_AGG_PROXY:DAYBH', 'xRqCntXcapDelReq_delta', 88, 'numeric', 20, 0, 255, 1, '', 'Total number of XCAP DELETE requests.', 'xRqCntXcapDelReq.delta', 'DC_E_AFG:((13))', 0, 1, 'COUNTER', null );
insert into Measurementcolumn ( MTABLEID, DATANAME, COLNUMBER, DATATYPE, DATASIZE, DATASCALE, UNIQUEVALUE, NULLABLE, INDEXES, DESCRIPTION, DATAID, RELEASEID, UNIQUEKEY, INCLUDESQL, COLTYPE, FOLLOWJOHN ) values ( 'DC_E_AFG:((13)):DC_E_AFG_AGG_PROXY:DAYBH', 'xRqCntXcapDirReq_actual', 89, 'numeric', 20, 0, 255, 1, '', 'Total number of XCAP Directory requests.', 'xRqCntXcapDirReq.actual', 'DC_E_AFG:((13))', 0, 1, 'COUNTER', null );
insert into Measurementcolumn ( MTABLEID, DATANAME, COLNUMBER, DATATYPE, DATASIZE, DATASCALE, UNIQUEVALUE, NULLABLE, INDEXES, DESCRIPTION, DATAID, RELEASEID, UNIQUEKEY, INCLUDESQL, COLTYPE, FOLLOWJOHN ) values ( 'DC_E_AFG:((13)):DC_E_AFG_AGG_PROXY:DAYBH', 'xRqCntXcapDirReq_delta', 90, 'numeric', 20, 0, 255, 1, '', 'Total number of XCAP Directory requests.', 'xRqCntXcapDirReq.delta', 'DC_E_AFG:((13))', 0, 1, 'COUNTER', null );
insert into Measurementcolumn ( MTABLEID, DATANAME, COLNUMBER, DATATYPE, DATASIZE, DATASCALE, UNIQUEVALUE, NULLABLE, INDEXES, DESCRIPTION, DATAID, RELEASEID, UNIQUEKEY, INCLUDESQL, COLTYPE, FOLLOWJOHN ) values ( 'DC_E_AFG:((13)):DC_E_AFG_AGG_PROXY:DAYBH', 'xRqCntXcapGetReq_actual', 91, 'numeric', 20, 0, 255, 1, '', 'Total number of XCAP GET requests.', 'xRqCntXcapGetReq.actual', 'DC_E_AFG:((13))', 0, 1, 'COUNTER', null );
insert into Measurementcolumn ( MTABLEID, DATANAME, COLNUMBER, DATATYPE, DATASIZE, DATASCALE, UNIQUEVALUE, NULLABLE, INDEXES, DESCRIPTION, DATAID, RELEASEID, UNIQUEKEY, INCLUDESQL, COLTYPE, FOLLOWJOHN ) values ( 'DC_E_AFG:((13)):DC_E_AFG_AGG_PROXY:DAYBH', 'xRqCntXcapGetReq_delta', 92, 'numeric', 20, 0, 255, 1, '', 'Total number of XCAP GET requests.', 'xRqCntXcapGetReq.delta', 'DC_E_AFG:((13))', 0, 1, 'COUNTER', null );
insert into Measurementcolumn ( MTABLEID, DATANAME, COLNUMBER, DATATYPE, DATASIZE, DATASCALE, UNIQUEVALUE, NULLABLE, INDEXES, DESCRIPTION, DATAID, RELEASEID, UNIQUEKEY, INCLUDESQL, COLTYPE, FOLLOWJOHN ) values ( 'DC_E_AFG:((13)):DC_E_AFG_AGG_PROXY:DAYBH', 'xRqCntXcapPutReq_actual', 93, 'numeric', 20, 0, 255, 1, '', 'Total number of XCAP PUT requests.', 'xRqCntXcapPutReq.actual', 'DC_E_AFG:((13))', 0, 1, 'COUNTER', null );
insert into Measurementcolumn ( MTABLEID, DATANAME, COLNUMBER, DATATYPE, DATASIZE, DATASCALE, UNIQUEVALUE, NULLABLE, INDEXES, DESCRIPTION, DATAID, RELEASEID, UNIQUEKEY, INCLUDESQL, COLTYPE, FOLLOWJOHN ) values ( 'DC_E_AFG:((13)):DC_E_AFG_AGG_PROXY:DAYBH', 'xRqCntXcapPutReq_delta', 94, 'numeric', 20, 0, 255, 1, '', 'Total number of XCAP PUT requests.', 'xRqCntXcapPutReq.delta', 'DC_E_AFG:((13))', 0, 1, 'COUNTER', null );
insert into Measurementcolumn ( MTABLEID, DATANAME, COLNUMBER, DATATYPE, DATASIZE, DATASCALE, UNIQUEVALUE, NULLABLE, INDEXES, DESCRIPTION, DATAID, RELEASEID, UNIQUEKEY, INCLUDESQL, COLTYPE, FOLLOWJOHN ) values ( 'DC_E_AFG:((13)):DC_E_AFG_AGG_PROXY:DAYBH', 'xRqCntXcapReqUnsuccessful_actual', 95, 'numeric', 20, 0, 255, 1, '', 'Total number of unsuccessful XCAP requests.', 'xRqCntXcapReqUnsuccessful.actual', 'DC_E_AFG:((13))', 0, 1, 'COUNTER', null );
insert into Measurementcolumn ( MTABLEID, DATANAME, COLNUMBER, DATATYPE, DATASIZE, DATASCALE, UNIQUEVALUE, NULLABLE, INDEXES, DESCRIPTION, DATAID, RELEASEID, UNIQUEKEY, INCLUDESQL, COLTYPE, FOLLOWJOHN ) values ( 'DC_E_AFG:((13)):DC_E_AFG_AGG_PROXY:DAYBH', 'xRqCntXcapReqUnsuccessful_delta', 96, 'numeric', 20, 0, 255, 1, '', 'Total number of unsuccessful XCAP requests.', 'xRqCntXcapReqUnsuccessful.delta', 'DC_E_AFG:((13))', 0, 1, 'COUNTER', null );
insert into Measurementcolumn ( MTABLEID, DATANAME, COLNUMBER, DATATYPE, DATASIZE, DATASCALE, UNIQUEVALUE, NULLABLE, INDEXES, DESCRIPTION, DATAID, RELEASEID, UNIQUEKEY, INCLUDESQL, COLTYPE, FOLLOWJOHN ) values ( 'DC_E_AFG:((13)):DC_E_AFG_AGG_PROXY:DAYBH', 'xRqCntZnReq_actual', 97, 'numeric', 20, 0, 255, 1, '', 'Number of Zn requests to BSF.', 'xRqCntZnReq.actual', 'DC_E_AFG:((13))', 0, 1, 'COUNTER', null );
insert into Measurementcolumn ( MTABLEID, DATANAME, COLNUMBER, DATATYPE, DATASIZE, DATASCALE, UNIQUEVALUE, NULLABLE, INDEXES, DESCRIPTION, DATAID, RELEASEID, UNIQUEKEY, INCLUDESQL, COLTYPE, FOLLOWJOHN ) values ( 'DC_E_AFG:((13)):DC_E_AFG_AGG_PROXY:DAYBH', 'xRqCntZnReq_delta', 98, 'numeric', 20, 0, 255, 1, '', 'Number of Zn requests to BSF.', 'xRqCntZnReq.delta', 'DC_E_AFG:((13))', 0, 1, 'COUNTER', null );
insert into Measurementcolumn ( MTABLEID, DATANAME, COLNUMBER, DATATYPE, DATASIZE, DATASCALE, UNIQUEVALUE, NULLABLE, INDEXES, DESCRIPTION, DATAID, RELEASEID, UNIQUEKEY, INCLUDESQL, COLTYPE, FOLLOWJOHN ) values ( 'DC_E_AFG:((13)):DC_E_AFG_AGG_PROXY:RAW', 'BATCH_ID', 12, 'smallint', 0, 0, 255, 1, '', '', 'BATCH_ID', 'BASE_TP_090421', 0, 0, 'PUBLICKEY', null );
insert into Measurementcolumn ( MTABLEID, DATANAME, COLNUMBER, DATATYPE, DATASIZE, DATASCALE, UNIQUEVALUE, NULLABLE, INDEXES, DESCRIPTION, DATAID, RELEASEID, UNIQUEKEY, INCLUDESQL, COLTYPE, FOLLOWJOHN ) values ( 'DC_E_AFG:((13)):DC_E_AFG_AGG_PROXY:RAW', 'DATETIME_ID', 8, 'datetime', 0, 0, 255, 1, 'HG', '', 'DATETIME_ID', 'BASE_TP_090421', 1, 1, 'PUBLICKEY', null );
insert into Measurementcolumn ( MTABLEID, DATANAME, COLNUMBER, DATATYPE, DATASIZE, DATASCALE, UNIQUEVALUE, NULLABLE, INDEXES, DESCRIPTION, DATAID, RELEASEID, UNIQUEKEY, INCLUDESQL, COLTYPE, FOLLOWJOHN ) values ( 'DC_E_AFG:((13)):DC_E_AFG_AGG_PROXY:RAW', 'DATE_ID', 3, 'date', 0, 0, 255, 1, 'LF', '', 'DATE_ID', 'BASE_TP_090421', 0, 0, 'PUBLICKEY', null );
insert into Measurementcolumn ( MTABLEID, DATANAME, COLNUMBER, DATATYPE, DATASIZE, DATASCALE, UNIQUEVALUE, NULLABLE, INDEXES, DESCRIPTION, DATAID, RELEASEID, UNIQUEKEY, INCLUDESQL, COLTYPE, FOLLOWJOHN ) values ( 'DC_E_AFG:((13)):DC_E_AFG_AGG_PROXY:RAW', 'DAY_ID', 6, 'tinyint', 0, 0, 31, 1, 'LF', '', 'DAY_ID', 'BASE_TP_090421', 0, 0, 'PUBLICKEY', null );
insert into Measurementcolumn ( MTABLEID, DATANAME, COLNUMBER, DATATYPE, DATASIZE, DATASCALE, UNIQUEVALUE, NULLABLE, INDEXES, DESCRIPTION, DATAID, RELEASEID, UNIQUEKEY, INCLUDESQL, COLTYPE, FOLLOWJOHN ) values ( 'DC_E_AFG:((13)):DC_E_AFG_AGG_PROXY:RAW', 'DC_RELEASE', 15, 'varchar', 16, 0, 2, 1, 'LF', '', 'DC_RELEASE', 'BASE_TP_090421', 0, 1, 'PUBLICKEY', null );
insert into Measurementcolumn ( MTABLEID, DATANAME, COLNUMBER, DATATYPE, DATASIZE, DATASCALE, UNIQUEVALUE, NULLABLE, INDEXES, DESCRIPTION, DATAID, RELEASEID, UNIQUEKEY, INCLUDESQL, COLTYPE, FOLLOWJOHN ) values ( 'DC_E_AFG:((13)):DC_E_AFG_AGG_PROXY:RAW', 'DC_SOURCE', 16, 'varchar', 16, 0, 2, 1, 'LF', '', 'DC_SOURCE', 'BASE_TP_090421', 0, 1, 'PUBLICKEY', null );
insert into Measurementcolumn ( MTABLEID, DATANAME, COLNUMBER, DATATYPE, DATASIZE, DATASCALE, UNIQUEVALUE, NULLABLE, INDEXES, DESCRIPTION, DATAID, RELEASEID, UNIQUEKEY, INCLUDESQL, COLTYPE, FOLLOWJOHN ) values ( 'DC_E_AFG:((13)):DC_E_AFG_AGG_PROXY:RAW', 'DC_SUSPECTFLAG', 18, 'int', 0, 0, 2, 1, 'LF', '', 'DC_SUSPECTFLAG', 'BASE_TP_090421', 0, 1, 'PUBLICKEY', null );
insert into Measurementcolumn ( MTABLEID, DATANAME, COLNUMBER, DATATYPE, DATASIZE, DATASCALE, UNIQUEVALUE, NULLABLE, INDEXES, DESCRIPTION, DATAID, RELEASEID, UNIQUEKEY, INCLUDESQL, COLTYPE, FOLLOWJOHN ) values ( 'DC_E_AFG:((13)):DC_E_AFG_AGG_PROXY:RAW', 'DC_TIMEZONE', 17, 'varchar', 16, 0, 2, 1, 'LF', '', 'DC_TIMEZONE', 'BASE_TP_090421', 0, 1, 'PUBLICKEY', null );
insert into Measurementcolumn ( MTABLEID, DATANAME, COLNUMBER, DATATYPE, DATASIZE, DATASCALE, UNIQUEVALUE, NULLABLE, INDEXES, DESCRIPTION, DATAID, RELEASEID, UNIQUEKEY, INCLUDESQL, COLTYPE, FOLLOWJOHN ) values ( 'DC_E_AFG:((13)):DC_E_AFG_AGG_PROXY:RAW', 'HOUR_ID', 7, 'tinyint', 0, 0, 24, 1, 'LF', '', 'HOUR_ID', 'BASE_TP_090421', 0, 0, 'PUBLICKEY', null );
insert into Measurementcolumn ( MTABLEID, DATANAME, COLNUMBER, DATATYPE, DATASIZE, DATASCALE, UNIQUEVALUE, NULLABLE, INDEXES, DESCRIPTION, DATAID, RELEASEID, UNIQUEKEY, INCLUDESQL, COLTYPE, FOLLOWJOHN ) values ( 'DC_E_AFG:((13)):DC_E_AFG_AGG_PROXY:RAW', 'MIN_ID', 9, 'tinyint', 0, 0, 60, 1, 'LF', '', 'MIN_ID', 'BASE_TP_090421', 0, 0, 'PUBLICKEY', null );
insert into Measurementcolumn ( MTABLEID, DATANAME, COLNUMBER, DATATYPE, DATASIZE, DATASCALE, UNIQUEVALUE, NULLABLE, INDEXES, DESCRIPTION, DATAID, RELEASEID, UNIQUEKEY, INCLUDESQL, COLTYPE, FOLLOWJOHN ) values ( 'DC_E_AFG:((13)):DC_E_AFG_AGG_PROXY:RAW', 'MONTH_ID', 5, 'tinyint', 0, 0, 12, 1, 'LF', '', 'MONTH_ID', 'BASE_TP_090421', 0, 0, 'PUBLICKEY', null );
insert into Measurementcolumn ( MTABLEID, DATANAME, COLNUMBER, DATATYPE, DATASIZE, DATASCALE, UNIQUEVALUE, NULLABLE, INDEXES, DESCRIPTION, DATAID, RELEASEID, UNIQUEKEY, INCLUDESQL, COLTYPE, FOLLOWJOHN ) values ( 'DC_E_AFG:((13)):DC_E_AFG_AGG_PROXY:RAW', 'NODE_NAME', 2, 'varchar', 50, 0, 255, 1, 'HG', 'Node Name', 'NODE_NAME', 'DC_E_AFG:((13))', 1, 1, 'KEY', null );
insert into Measurementcolumn ( MTABLEID, DATANAME, COLNUMBER, DATATYPE, DATASIZE, DATASCALE, UNIQUEVALUE, NULLABLE, INDEXES, DESCRIPTION, DATAID, RELEASEID, UNIQUEKEY, INCLUDESQL, COLTYPE, FOLLOWJOHN ) values ( 'DC_E_AFG:((13)):DC_E_AFG_AGG_PROXY:RAW', 'OSS_ID', 1, 'varchar', 50, 0, 255, 1, 'HG', 'OSS Id', 'OSS_ID', 'DC_E_AFG:((13))', 1, 1, 'KEY', null );
insert into Measurementcolumn ( MTABLEID, DATANAME, COLNUMBER, DATATYPE, DATASIZE, DATASCALE, UNIQUEVALUE, NULLABLE, INDEXES, DESCRIPTION, DATAID, RELEASEID, UNIQUEKEY, INCLUDESQL, COLTYPE, FOLLOWJOHN ) values ( 'DC_E_AFG:((13)):DC_E_AFG_AGG_PROXY:RAW', 'PERIOD_DURATION', 13, 'unsigned int', 0, 0, 10, 1, '', '', 'PERIOD_DURATION', 'BASE_TP_090421', 0, 1, 'PUBLICKEY', null );
insert into Measurementcolumn ( MTABLEID, DATANAME, COLNUMBER, DATATYPE, DATASIZE, DATASCALE, UNIQUEVALUE, NULLABLE, INDEXES, DESCRIPTION, DATAID, RELEASEID, UNIQUEKEY, INCLUDESQL, COLTYPE, FOLLOWJOHN ) values ( 'DC_E_AFG:((13)):DC_E_AFG_AGG_PROXY:RAW', 'ROWSTATUS', 14, 'varchar', 16, 0, 10, 1, '', '', 'ROWSTATUS', 'BASE_TP_090421', 0, 1, 'PUBLICKEY', null );
insert into Measurementcolumn ( MTABLEID, DATANAME, COLNUMBER, DATATYPE, DATASIZE, DATASCALE, UNIQUEVALUE, NULLABLE, INDEXES, DESCRIPTION, DATAID, RELEASEID, UNIQUEKEY, INCLUDESQL, COLTYPE, FOLLOWJOHN ) values ( 'DC_E_AFG:((13)):DC_E_AFG_AGG_PROXY:RAW', 'SESSION_ID', 11, 'unsigned int', 0, 0, 255, 1, '', '', 'SESSION_ID', 'BASE_TP_090421', 0, 0, 'PUBLICKEY', null );
insert into Measurementcolumn ( MTABLEID, DATANAME, COLNUMBER, DATATYPE, DATASIZE, DATASCALE, UNIQUEVALUE, NULLABLE, INDEXES, DESCRIPTION, DATAID, RELEASEID, UNIQUEKEY, INCLUDESQL, COLTYPE, FOLLOWJOHN ) values ( 'DC_E_AFG:((13)):DC_E_AFG_AGG_PROXY:RAW', 'TIMELEVEL', 10, 'varchar', 10, 0, 10, 1, 'LF', '', 'TIMELEVEL', 'BASE_TP_090421', 0, 0, 'PUBLICKEY', null );
insert into Measurementcolumn ( MTABLEID, DATANAME, COLNUMBER, DATATYPE, DATASIZE, DATASCALE, UNIQUEVALUE, NULLABLE, INDEXES, DESCRIPTION, DATAID, RELEASEID, UNIQUEKEY, INCLUDESQL, COLTYPE, FOLLOWJOHN ) values ( 'DC_E_AFG:((13)):DC_E_AFG_AGG_PROXY:RAW', 'UTC_DATETIME_ID', 19, 'datetime', 0, 0, 255, 1, 'HG', '', 'UTC_DATETIME_ID', 'BASE_TP_090421', 1, 1, 'PUBLICKEY', null );
insert into Measurementcolumn ( MTABLEID, DATANAME, COLNUMBER, DATATYPE, DATASIZE, DATASCALE, UNIQUEVALUE, NULLABLE, INDEXES, DESCRIPTION, DATAID, RELEASEID, UNIQUEKEY, INCLUDESQL, COLTYPE, FOLLOWJOHN ) values ( 'DC_E_AFG:((13)):DC_E_AFG_AGG_PROXY:RAW', 'YEAR_ID', 4, 'smallint', 0, 0, 20, 1, 'LF', '', 'YEAR_ID', 'BASE_TP_090421', 0, 0, 'PUBLICKEY', null );
insert into Measurementcolumn ( MTABLEID, DATANAME, COLNUMBER, DATATYPE, DATASIZE, DATASCALE, UNIQUEVALUE, NULLABLE, INDEXES, DESCRIPTION, DATAID, RELEASEID, UNIQUEKEY, INCLUDESQL, COLTYPE, FOLLOWJOHN ) values ( 'DC_E_AFG:((13)):DC_E_AFG_AGG_PROXY:RAW', 'apSubCntSsoVpActSubCount_actual', 20, 'numeric', 24, 4, 255, 1, '', 'Number of active subscribers using the Aggregation Proxy Auth Pkg VP', 'apSubCntSsoVpActSubCount.actual', 'DC_E_AFG:((13))', 0, 1, 'COUNTER', null );
insert into Measurementcolumn ( MTABLEID, DATANAME, COLNUMBER, DATATYPE, DATASIZE, DATASCALE, UNIQUEVALUE, NULLABLE, INDEXES, DESCRIPTION, DATAID, RELEASEID, UNIQUEKEY, INCLUDESQL, COLTYPE, FOLLOWJOHN ) values ( 'DC_E_AFG:((13)):DC_E_AFG_AGG_PROXY:RAW', 'apSubCntSsoVpActSubCount_max', 22, 'numeric', 24, 4, 255, 1, '', 'Number of active subscribers using the Aggregation Proxy Auth Pkg VP', 'apSubCntSsoVpActSubCount.max', 'DC_E_AFG:((13))', 0, 1, 'COUNTER', null );
insert into Measurementcolumn ( MTABLEID, DATANAME, COLNUMBER, DATATYPE, DATASIZE, DATASCALE, UNIQUEVALUE, NULLABLE, INDEXES, DESCRIPTION, DATAID, RELEASEID, UNIQUEKEY, INCLUDESQL, COLTYPE, FOLLOWJOHN ) values ( 'DC_E_AFG:((13)):DC_E_AFG_AGG_PROXY:RAW', 'apSubCntSsoVpActSubCount_min', 21, 'numeric', 24, 4, 255, 1, '', 'Number of active subscribers using the Aggregation Proxy Auth Pkg VP', 'apSubCntSsoVpActSubCount.min', 'DC_E_AFG:((13))', 0, 1, 'COUNTER', null );
insert into Measurementcolumn ( MTABLEID, DATANAME, COLNUMBER, DATATYPE, DATASIZE, DATASCALE, UNIQUEVALUE, NULLABLE, INDEXES, DESCRIPTION, DATAID, RELEASEID, UNIQUEKEY, INCLUDESQL, COLTYPE, FOLLOWJOHN ) values ( 'DC_E_AFG:((13)):DC_E_AFG_AGG_PROXY:RAW', 'apSubCntSsoVpMaxSubCount_actual', 23, 'numeric', 20, 0, 255, 1, '', 'Maximum number of active subscribers allowed to use the Aggregation Proxy Auth Pkg VP according to the license available', 'apSubCntSsoVpMaxSubCount.actual', 'DC_E_AFG:((13))', 0, 1, 'COUNTER', null );
insert into Measurementcolumn ( MTABLEID, DATANAME, COLNUMBER, DATATYPE, DATASIZE, DATASCALE, UNIQUEVALUE, NULLABLE, INDEXES, DESCRIPTION, DATAID, RELEASEID, UNIQUEKEY, INCLUDESQL, COLTYPE, FOLLOWJOHN ) values ( 'DC_E_AFG:((13)):DC_E_AFG_AGG_PROXY:RAW', 'apSubCntSsoVpMaxSubCount_delta', 24, 'numeric', 20, 0, 255, 1, '', 'Maximum number of active subscribers allowed to use the Aggregation Proxy Auth Pkg VP according to the license available', 'apSubCntSsoVpMaxSubCount.delta', 'DC_E_AFG:((13))', 0, 1, 'COUNTER', null );
insert into Measurementcolumn ( MTABLEID, DATANAME, COLNUMBER, DATATYPE, DATASIZE, DATASCALE, UNIQUEVALUE, NULLABLE, INDEXES, DESCRIPTION, DATAID, RELEASEID, UNIQUEKEY, INCLUDESQL, COLTYPE, FOLLOWJOHN ) values ( 'DC_E_AFG:((13)):DC_E_AFG_AGG_PROXY:RAW', 'cnpCntInboundReqFailed403_actual', 27, 'numeric', 20, 0, 255, 1, '', 'Total number of failed inbound requests handled by Terminating CNP with error code 403.', 'cnpCntInboundReqFailed403.actual', 'DC_E_AFG:((13))', 0, 1, 'COUNTER', null );
insert into Measurementcolumn ( MTABLEID, DATANAME, COLNUMBER, DATATYPE, DATASIZE, DATASCALE, UNIQUEVALUE, NULLABLE, INDEXES, DESCRIPTION, DATAID, RELEASEID, UNIQUEKEY, INCLUDESQL, COLTYPE, FOLLOWJOHN ) values ( 'DC_E_AFG:((13)):DC_E_AFG_AGG_PROXY:RAW', 'cnpCntInboundReqFailed403_delta', 28, 'numeric', 20, 0, 255, 1, '', 'Total number of failed inbound requests handled by Terminating CNP with error code 403.', 'cnpCntInboundReqFailed403.delta', 'DC_E_AFG:((13))', 0, 1, 'COUNTER', null );
insert into Measurementcolumn ( MTABLEID, DATANAME, COLNUMBER, DATATYPE, DATASIZE, DATASCALE, UNIQUEVALUE, NULLABLE, INDEXES, DESCRIPTION, DATAID, RELEASEID, UNIQUEKEY, INCLUDESQL, COLTYPE, FOLLOWJOHN ) values ( 'DC_E_AFG:((13)):DC_E_AFG_AGG_PROXY:RAW', 'cnpCntInboundReqFailed404_actual', 29, 'numeric', 20, 0, 255, 1, '', 'Total number of failed inbound requests handled by Terminating CNP with error code 404.', 'cnpCntInboundReqFailed404.actual', 'DC_E_AFG:((13))', 0, 1, 'COUNTER', null );
insert into Measurementcolumn ( MTABLEID, DATANAME, COLNUMBER, DATATYPE, DATASIZE, DATASCALE, UNIQUEVALUE, NULLABLE, INDEXES, DESCRIPTION, DATAID, RELEASEID, UNIQUEKEY, INCLUDESQL, COLTYPE, FOLLOWJOHN ) values ( 'DC_E_AFG:((13)):DC_E_AFG_AGG_PROXY:RAW', 'cnpCntInboundReqFailed404_delta', 30, 'numeric', 20, 0, 255, 1, '', 'Total number of failed inbound requests handled by Terminating CNP with error code 404.', 'cnpCntInboundReqFailed404.delta', 'DC_E_AFG:((13))', 0, 1, 'COUNTER', null );
insert into Measurementcolumn ( MTABLEID, DATANAME, COLNUMBER, DATATYPE, DATASIZE, DATASCALE, UNIQUEVALUE, NULLABLE, INDEXES, DESCRIPTION, DATAID, RELEASEID, UNIQUEKEY, INCLUDESQL, COLTYPE, FOLLOWJOHN ) values ( 'DC_E_AFG:((13)):DC_E_AFG_AGG_PROXY:RAW', 'cnpCntInboundReqFailedOthers_actual', 31, 'numeric', 20, 0, 255, 1, '', 'Total number of failed inbound requests handled by Terminating CNP other than error code 403 or 404.', 'cnpCntInboundReqFailedOthers.actual', 'DC_E_AFG:((13))', 0, 1, 'COUNTER', null );
insert into Measurementcolumn ( MTABLEID, DATANAME, COLNUMBER, DATATYPE, DATASIZE, DATASCALE, UNIQUEVALUE, NULLABLE, INDEXES, DESCRIPTION, DATAID, RELEASEID, UNIQUEKEY, INCLUDESQL, COLTYPE, FOLLOWJOHN ) values ( 'DC_E_AFG:((13)):DC_E_AFG_AGG_PROXY:RAW', 'cnpCntInboundReqFailedOthers_delta', 32, 'numeric', 20, 0, 255, 1, '', 'Total number of failed inbound requests handled by Terminating CNP other than error code 403 or 404.', 'cnpCntInboundReqFailedOthers.delta', 'DC_E_AFG:((13))', 0, 1, 'COUNTER', null );
insert into Measurementcolumn ( MTABLEID, DATANAME, COLNUMBER, DATATYPE, DATASIZE, DATASCALE, UNIQUEVALUE, NULLABLE, INDEXES, DESCRIPTION, DATAID, RELEASEID, UNIQUEKEY, INCLUDESQL, COLTYPE, FOLLOWJOHN ) values ( 'DC_E_AFG:((13)):DC_E_AFG_AGG_PROXY:RAW', 'cnpCntInboundReq_actual', 25, 'numeric', 20, 0, 255, 1, '', 'Total number of all inbound requests received by Terminating CNP.', 'cnpCntInboundReq.actual', 'DC_E_AFG:((13))', 0, 1, 'COUNTER', null );
insert into Measurementcolumn ( MTABLEID, DATANAME, COLNUMBER, DATATYPE, DATASIZE, DATASCALE, UNIQUEVALUE, NULLABLE, INDEXES, DESCRIPTION, DATAID, RELEASEID, UNIQUEKEY, INCLUDESQL, COLTYPE, FOLLOWJOHN ) values ( 'DC_E_AFG:((13)):DC_E_AFG_AGG_PROXY:RAW', 'cnpCntInboundReq_delta', 26, 'numeric', 20, 0, 255, 1, '', 'Total number of all inbound requests received by Terminating CNP.', 'cnpCntInboundReq.delta', 'DC_E_AFG:((13))', 0, 1, 'COUNTER', null );
insert into Measurementcolumn ( MTABLEID, DATANAME, COLNUMBER, DATATYPE, DATASIZE, DATASCALE, UNIQUEVALUE, NULLABLE, INDEXES, DESCRIPTION, DATAID, RELEASEID, UNIQUEKEY, INCLUDESQL, COLTYPE, FOLLOWJOHN ) values ( 'DC_E_AFG:((13)):DC_E_AFG_AGG_PROXY:RAW', 'cnpCntOutboundReqFailed404_actual', 35, 'numeric', 20, 0, 255, 1, '', 'Total number of failed outbound requests handled by Originating CNP with error code 404.', 'cnpCntOutboundReqFailed404.actual', 'DC_E_AFG:((13))', 0, 1, 'COUNTER', null );
insert into Measurementcolumn ( MTABLEID, DATANAME, COLNUMBER, DATATYPE, DATASIZE, DATASCALE, UNIQUEVALUE, NULLABLE, INDEXES, DESCRIPTION, DATAID, RELEASEID, UNIQUEKEY, INCLUDESQL, COLTYPE, FOLLOWJOHN ) values ( 'DC_E_AFG:((13)):DC_E_AFG_AGG_PROXY:RAW', 'cnpCntOutboundReqFailed404_delta', 36, 'numeric', 20, 0, 255, 1, '', 'Total number of failed outbound requests handled by Originating CNP with error code 404.', 'cnpCntOutboundReqFailed404.delta', 'DC_E_AFG:((13))', 0, 1, 'COUNTER', null );
insert into Measurementcolumn ( MTABLEID, DATANAME, COLNUMBER, DATATYPE, DATASIZE, DATASCALE, UNIQUEVALUE, NULLABLE, INDEXES, DESCRIPTION, DATAID, RELEASEID, UNIQUEKEY, INCLUDESQL, COLTYPE, FOLLOWJOHN ) values ( 'DC_E_AFG:((13)):DC_E_AFG_AGG_PROXY:RAW', 'cnpCntOutboundReqFailedOthers_actual', 37, 'numeric', 20, 0, 255, 1, '', 'Total number of failed outbound requests handled by Originating CNP other than error code 404.', 'cnpCntOutboundReqFailedOthers.actual', 'DC_E_AFG:((13))', 0, 1, 'COUNTER', null );
insert into Measurementcolumn ( MTABLEID, DATANAME, COLNUMBER, DATATYPE, DATASIZE, DATASCALE, UNIQUEVALUE, NULLABLE, INDEXES, DESCRIPTION, DATAID, RELEASEID, UNIQUEKEY, INCLUDESQL, COLTYPE, FOLLOWJOHN ) values ( 'DC_E_AFG:((13)):DC_E_AFG_AGG_PROXY:RAW', 'cnpCntOutboundReqFailedOthers_delta', 38, 'numeric', 20, 0, 255, 1, '', 'Total number of failed outbound requests handled by Originating CNP other than error code 404.', 'cnpCntOutboundReqFailedOthers.delta', 'DC_E_AFG:((13))', 0, 1, 'COUNTER', null );
insert into Measurementcolumn ( MTABLEID, DATANAME, COLNUMBER, DATATYPE, DATASIZE, DATASCALE, UNIQUEVALUE, NULLABLE, INDEXES, DESCRIPTION, DATAID, RELEASEID, UNIQUEKEY, INCLUDESQL, COLTYPE, FOLLOWJOHN ) values ( 'DC_E_AFG:((13)):DC_E_AFG_AGG_PROXY:RAW', 'cnpCntOutboundReq_actual', 33, 'numeric', 20, 0, 255, 1, '', 'Total number of requests received by the Originating CNP', 'cnpCntOutboundReq.actual', 'DC_E_AFG:((13))', 0, 1, 'COUNTER', null );
insert into Measurementcolumn ( MTABLEID, DATANAME, COLNUMBER, DATATYPE, DATASIZE, DATASCALE, UNIQUEVALUE, NULLABLE, INDEXES, DESCRIPTION, DATAID, RELEASEID, UNIQUEKEY, INCLUDESQL, COLTYPE, FOLLOWJOHN ) values ( 'DC_E_AFG:((13)):DC_E_AFG_AGG_PROXY:RAW', 'cnpCntOutboundReq_delta', 34, 'numeric', 20, 0, 255, 1, '', 'Total number of requests received by the Originating CNP', 'cnpCntOutboundReq.delta', 'DC_E_AFG:((13))', 0, 1, 'COUNTER', null );
insert into Measurementcolumn ( MTABLEID, DATANAME, COLNUMBER, DATATYPE, DATASIZE, DATASCALE, UNIQUEVALUE, NULLABLE, INDEXES, DESCRIPTION, DATAID, RELEASEID, UNIQUEKEY, INCLUDESQL, COLTYPE, FOLLOWJOHN ) values ( 'DC_E_AFG:((13)):DC_E_AFG_AGG_PROXY:RAW', 'mediaCntAuthFailed_actual', 39, 'numeric', 20, 0, 255, 1, '', 'Number of all failed Media authentication request.', 'mediaCntAuthFailed.actual', 'DC_E_AFG:((13))', 0, 1, 'COUNTER', null );
insert into Measurementcolumn ( MTABLEID, DATANAME, COLNUMBER, DATATYPE, DATASIZE, DATASCALE, UNIQUEVALUE, NULLABLE, INDEXES, DESCRIPTION, DATAID, RELEASEID, UNIQUEKEY, INCLUDESQL, COLTYPE, FOLLOWJOHN ) values ( 'DC_E_AFG:((13)):DC_E_AFG_AGG_PROXY:RAW', 'mediaCntAuthFailed_delta', 40, 'numeric', 20, 0, 255, 1, '', 'Number of all failed Media authentication request.', 'mediaCntAuthFailed.delta', 'DC_E_AFG:((13))', 0, 1, 'COUNTER', null );
insert into Measurementcolumn ( MTABLEID, DATANAME, COLNUMBER, DATATYPE, DATASIZE, DATASCALE, UNIQUEVALUE, NULLABLE, INDEXES, DESCRIPTION, DATAID, RELEASEID, UNIQUEKEY, INCLUDESQL, COLTYPE, FOLLOWJOHN ) values ( 'DC_E_AFG:((13)):DC_E_AFG_AGG_PROXY:RAW', 'mediaCntAuthGbaMeReq_actual', 41, 'numeric', 20, 0, 255, 1, '', 'Number of Media ME-based GBA authentication requests (GBA_ME and GBA_U).', 'mediaCntAuthGbaMeReq.actual', 'DC_E_AFG:((13))', 0, 1, 'COUNTER', null );
insert into Measurementcolumn ( MTABLEID, DATANAME, COLNUMBER, DATATYPE, DATASIZE, DATASCALE, UNIQUEVALUE, NULLABLE, INDEXES, DESCRIPTION, DATAID, RELEASEID, UNIQUEKEY, INCLUDESQL, COLTYPE, FOLLOWJOHN ) values ( 'DC_E_AFG:((13)):DC_E_AFG_AGG_PROXY:RAW', 'mediaCntAuthGbaMeReq_delta', 42, 'numeric', 20, 0, 255, 1, '', 'Number of Media ME-based GBA authentication requests (GBA_ME and GBA_U).', 'mediaCntAuthGbaMeReq.delta', 'DC_E_AFG:((13))', 0, 1, 'COUNTER', null );
insert into Measurementcolumn ( MTABLEID, DATANAME, COLNUMBER, DATATYPE, DATASIZE, DATASCALE, UNIQUEVALUE, NULLABLE, INDEXES, DESCRIPTION, DATAID, RELEASEID, UNIQUEKEY, INCLUDESQL, COLTYPE, FOLLOWJOHN ) values ( 'DC_E_AFG:((13)):DC_E_AFG_AGG_PROXY:RAW', 'mediaCntAuthGbaReq_actual', 43, 'numeric', 20, 0, 255, 1, '', 'Number of Media GBA authentication requests.', 'mediaCntAuthGbaReq.actual', 'DC_E_AFG:((13))', 0, 1, 'COUNTER', null );
insert into Measurementcolumn ( MTABLEID, DATANAME, COLNUMBER, DATATYPE, DATASIZE, DATASCALE, UNIQUEVALUE, NULLABLE, INDEXES, DESCRIPTION, DATAID, RELEASEID, UNIQUEKEY, INCLUDESQL, COLTYPE, FOLLOWJOHN ) values ( 'DC_E_AFG:((13)):DC_E_AFG_AGG_PROXY:RAW', 'mediaCntAuthGbaReq_delta', 44, 'numeric', 20, 0, 255, 1, '', 'Number of Media GBA authentication requests.', 'mediaCntAuthGbaReq.delta', 'DC_E_AFG:((13))', 0, 1, 'COUNTER', null );
insert into Measurementcolumn ( MTABLEID, DATANAME, COLNUMBER, DATATYPE, DATASIZE, DATASCALE, UNIQUEVALUE, NULLABLE, INDEXES, DESCRIPTION, DATAID, RELEASEID, UNIQUEKEY, INCLUDESQL, COLTYPE, FOLLOWJOHN ) values ( 'DC_E_AFG:((13)):DC_E_AFG_AGG_PROXY:RAW', 'mediaCntAuthReqFailed403_actual', 47, 'numeric', 20, 0, 255, 1, '', 'Number of failed Media authentications responses indicated by HTTP 403-Forbidden status code.', 'mediaCntAuthReqFailed403.actual', 'DC_E_AFG:((13))', 0, 1, 'COUNTER', null );
insert into Measurementcolumn ( MTABLEID, DATANAME, COLNUMBER, DATATYPE, DATASIZE, DATASCALE, UNIQUEVALUE, NULLABLE, INDEXES, DESCRIPTION, DATAID, RELEASEID, UNIQUEKEY, INCLUDESQL, COLTYPE, FOLLOWJOHN ) values ( 'DC_E_AFG:((13)):DC_E_AFG_AGG_PROXY:RAW', 'mediaCntAuthReqFailed403_delta', 48, 'numeric', 20, 0, 255, 1, '', 'Number of failed Media authentications responses indicated by HTTP 403-Forbidden status code.', 'mediaCntAuthReqFailed403.delta', 'DC_E_AFG:((13))', 0, 1, 'COUNTER', null );
insert into Measurementcolumn ( MTABLEID, DATANAME, COLNUMBER, DATATYPE, DATASIZE, DATASCALE, UNIQUEVALUE, NULLABLE, INDEXES, DESCRIPTION, DATAID, RELEASEID, UNIQUEKEY, INCLUDESQL, COLTYPE, FOLLOWJOHN ) values ( 'DC_E_AFG:((13)):DC_E_AFG_AGG_PROXY:RAW', 'mediaCntAuthReq_actual', 45, 'numeric', 20, 0, 255, 1, '', 'Total number of Media Authentication requests attempts.', 'mediaCntAuthReq.actual', 'DC_E_AFG:((13))', 0, 1, 'COUNTER', null );
insert into Measurementcolumn ( MTABLEID, DATANAME, COLNUMBER, DATATYPE, DATASIZE, DATASCALE, UNIQUEVALUE, NULLABLE, INDEXES, DESCRIPTION, DATAID, RELEASEID, UNIQUEKEY, INCLUDESQL, COLTYPE, FOLLOWJOHN ) values ( 'DC_E_AFG:((13)):DC_E_AFG_AGG_PROXY:RAW', 'mediaCntAuthReq_delta', 46, 'numeric', 20, 0, 255, 1, '', 'Total number of Media Authentication requests attempts.', 'mediaCntAuthReq.delta', 'DC_E_AFG:((13))', 0, 1, 'COUNTER', null );
insert into Measurementcolumn ( MTABLEID, DATANAME, COLNUMBER, DATATYPE, DATASIZE, DATASCALE, UNIQUEVALUE, NULLABLE, INDEXES, DESCRIPTION, DATAID, RELEASEID, UNIQUEKEY, INCLUDESQL, COLTYPE, FOLLOWJOHN ) values ( 'DC_E_AFG:((13)):DC_E_AFG_AGG_PROXY:RAW', 'mediaCntAuthResp_actual', 49, 'numeric', 20, 0, 255, 1, '', 'Number of NAF Media Authentication responses.', 'mediaCntAuthResp.actual', 'DC_E_AFG:((13))', 0, 1, 'COUNTER', null );
insert into Measurementcolumn ( MTABLEID, DATANAME, COLNUMBER, DATATYPE, DATASIZE, DATASCALE, UNIQUEVALUE, NULLABLE, INDEXES, DESCRIPTION, DATAID, RELEASEID, UNIQUEKEY, INCLUDESQL, COLTYPE, FOLLOWJOHN ) values ( 'DC_E_AFG:((13)):DC_E_AFG_AGG_PROXY:RAW', 'mediaCntAuthResp_delta', 50, 'numeric', 20, 0, 255, 1, '', 'Number of NAF Media Authentication responses.', 'mediaCntAuthResp.delta', 'DC_E_AFG:((13))', 0, 1, 'COUNTER', null );
insert into Measurementcolumn ( MTABLEID, DATANAME, COLNUMBER, DATATYPE, DATASIZE, DATASCALE, UNIQUEVALUE, NULLABLE, INDEXES, DESCRIPTION, DATAID, RELEASEID, UNIQUEKEY, INCLUDESQL, COLTYPE, FOLLOWJOHN ) values ( 'DC_E_AFG:((13)):DC_E_AFG_AGG_PROXY:RAW', 'mediaCntReq_actual', 51, 'numeric', 20, 0, 255, 1, '', 'Number of Media requests.', 'mediaCntReq.actual', 'DC_E_AFG:((13))', 0, 1, 'COUNTER', null );
insert into Measurementcolumn ( MTABLEID, DATANAME, COLNUMBER, DATATYPE, DATASIZE, DATASCALE, UNIQUEVALUE, NULLABLE, INDEXES, DESCRIPTION, DATAID, RELEASEID, UNIQUEKEY, INCLUDESQL, COLTYPE, FOLLOWJOHN ) values ( 'DC_E_AFG:((13)):DC_E_AFG_AGG_PROXY:RAW', 'mediaCntReq_delta', 52, 'numeric', 20, 0, 255, 1, '', 'Number of Media requests.', 'mediaCntReq.delta', 'DC_E_AFG:((13))', 0, 1, 'COUNTER', null );
insert into Measurementcolumn ( MTABLEID, DATANAME, COLNUMBER, DATATYPE, DATASIZE, DATASCALE, UNIQUEVALUE, NULLABLE, INDEXES, DESCRIPTION, DATAID, RELEASEID, UNIQUEKEY, INCLUDESQL, COLTYPE, FOLLOWJOHN ) values ( 'DC_E_AFG:((13)):DC_E_AFG_AGG_PROXY:RAW', 'mediaCntUnsuccessfulReq_actual', 53, 'numeric', 20, 0, 255, 1, '', 'Number of unsuccessful Media requests.', 'mediaCntUnsuccessfulReq.actual', 'DC_E_AFG:((13))', 0, 1, 'COUNTER', null );
insert into Measurementcolumn ( MTABLEID, DATANAME, COLNUMBER, DATATYPE, DATASIZE, DATASCALE, UNIQUEVALUE, NULLABLE, INDEXES, DESCRIPTION, DATAID, RELEASEID, UNIQUEKEY, INCLUDESQL, COLTYPE, FOLLOWJOHN ) values ( 'DC_E_AFG:((13)):DC_E_AFG_AGG_PROXY:RAW', 'mediaCntUnsuccessfulReq_delta', 54, 'numeric', 20, 0, 255, 1, '', 'Number of unsuccessful Media requests.', 'mediaCntUnsuccessfulReq.delta', 'DC_E_AFG:((13))', 0, 1, 'COUNTER', null );
insert into Measurementcolumn ( MTABLEID, DATANAME, COLNUMBER, DATATYPE, DATASIZE, DATASCALE, UNIQUEVALUE, NULLABLE, INDEXES, DESCRIPTION, DATAID, RELEASEID, UNIQUEKEY, INCLUDESQL, COLTYPE, FOLLOWJOHN ) values ( 'DC_E_AFG:((13)):DC_E_AFG_AGG_PROXY:RAW', 'mediaCntZnReq_actual', 55, 'numeric', 20, 0, 255, 1, '', 'Number of Media Zn requests to BSF.', 'mediaCntZnReq.actual', 'DC_E_AFG:((13))', 0, 1, 'COUNTER', null );
insert into Measurementcolumn ( MTABLEID, DATANAME, COLNUMBER, DATATYPE, DATASIZE, DATASCALE, UNIQUEVALUE, NULLABLE, INDEXES, DESCRIPTION, DATAID, RELEASEID, UNIQUEKEY, INCLUDESQL, COLTYPE, FOLLOWJOHN ) values ( 'DC_E_AFG:((13)):DC_E_AFG_AGG_PROXY:RAW', 'mediaCntZnReq_delta', 56, 'numeric', 20, 0, 255, 1, '', 'Number of Media Zn requests to BSF.', 'mediaCntZnReq.delta', 'DC_E_AFG:((13))', 0, 1, 'COUNTER', null );
insert into Measurementcolumn ( MTABLEID, DATANAME, COLNUMBER, DATATYPE, DATASIZE, DATASCALE, UNIQUEVALUE, NULLABLE, INDEXES, DESCRIPTION, DATAID, RELEASEID, UNIQUEKEY, INCLUDESQL, COLTYPE, FOLLOWJOHN ) values ( 'DC_E_AFG:((13)):DC_E_AFG_AGG_PROXY:RAW', 'xRpCntAuthFailed403_actual', 59, 'numeric', 20, 0, 255, 1, '', 'Number of failed authentication responses indicated by HTTP 403- Forbidden status code.', 'xRpCntAuthFailed403.actual', 'DC_E_AFG:((13))', 0, 1, 'COUNTER', null );
insert into Measurementcolumn ( MTABLEID, DATANAME, COLNUMBER, DATATYPE, DATASIZE, DATASCALE, UNIQUEVALUE, NULLABLE, INDEXES, DESCRIPTION, DATAID, RELEASEID, UNIQUEKEY, INCLUDESQL, COLTYPE, FOLLOWJOHN ) values ( 'DC_E_AFG:((13)):DC_E_AFG_AGG_PROXY:RAW', 'xRpCntAuthFailed403_delta', 60, 'numeric', 20, 0, 255, 1, '', 'Number of failed authentication responses indicated by HTTP 403- Forbidden status code.', 'xRpCntAuthFailed403.delta', 'DC_E_AFG:((13))', 0, 1, 'COUNTER', null );
insert into Measurementcolumn ( MTABLEID, DATANAME, COLNUMBER, DATATYPE, DATASIZE, DATASCALE, UNIQUEVALUE, NULLABLE, INDEXES, DESCRIPTION, DATAID, RELEASEID, UNIQUEKEY, INCLUDESQL, COLTYPE, FOLLOWJOHN ) values ( 'DC_E_AFG:((13)):DC_E_AFG_AGG_PROXY:RAW', 'xRpCntAuthFailed_actual', 57, 'numeric', 20, 0, 255, 1, '', 'Number of all failed authentication responses.', 'xRpCntAuthFailed.actual', 'DC_E_AFG:((13))', 0, 1, 'COUNTER', null );
insert into Measurementcolumn ( MTABLEID, DATANAME, COLNUMBER, DATATYPE, DATASIZE, DATASCALE, UNIQUEVALUE, NULLABLE, INDEXES, DESCRIPTION, DATAID, RELEASEID, UNIQUEKEY, INCLUDESQL, COLTYPE, FOLLOWJOHN ) values ( 'DC_E_AFG:((13)):DC_E_AFG_AGG_PROXY:RAW', 'xRpCntAuthFailed_delta', 58, 'numeric', 20, 0, 255, 1, '', 'Number of all failed authentication responses.', 'xRpCntAuthFailed.delta', 'DC_E_AFG:((13))', 0, 1, 'COUNTER', null );
insert into Measurementcolumn ( MTABLEID, DATANAME, COLNUMBER, DATATYPE, DATASIZE, DATASCALE, UNIQUEVALUE, NULLABLE, INDEXES, DESCRIPTION, DATAID, RELEASEID, UNIQUEKEY, INCLUDESQL, COLTYPE, FOLLOWJOHN ) values ( 'DC_E_AFG:((13)):DC_E_AFG_AGG_PROXY:RAW', 'xRpCntAuthResp_actual', 61, 'numeric', 20, 0, 255, 1, '', 'Total number of all authentication responses.', 'xRpCntAuthResp.actual', 'DC_E_AFG:((13))', 0, 1, 'COUNTER', null );
insert into Measurementcolumn ( MTABLEID, DATANAME, COLNUMBER, DATATYPE, DATASIZE, DATASCALE, UNIQUEVALUE, NULLABLE, INDEXES, DESCRIPTION, DATAID, RELEASEID, UNIQUEKEY, INCLUDESQL, COLTYPE, FOLLOWJOHN ) values ( 'DC_E_AFG:((13)):DC_E_AFG_AGG_PROXY:RAW', 'xRpCntAuthResp_delta', 62, 'numeric', 20, 0, 255, 1, '', 'Total number of all authentication responses.', 'xRpCntAuthResp.delta', 'DC_E_AFG:((13))', 0, 1, 'COUNTER', null );
insert into Measurementcolumn ( MTABLEID, DATANAME, COLNUMBER, DATATYPE, DATASIZE, DATASCALE, UNIQUEVALUE, NULLABLE, INDEXES, DESCRIPTION, DATAID, RELEASEID, UNIQUEKEY, INCLUDESQL, COLTYPE, FOLLOWJOHN ) values ( 'DC_E_AFG:((13)):DC_E_AFG_AGG_PROXY:RAW', 'xRpCntTrustGwFailed_actual', 63, 'numeric', 20, 0, 255, 1, '', 'Number of failed requests to the Trusted Gateway port.', 'xRpCntTrustGwFailed.actual', 'DC_E_AFG:((13))', 0, 1, 'COUNTER', null );
insert into Measurementcolumn ( MTABLEID, DATANAME, COLNUMBER, DATATYPE, DATASIZE, DATASCALE, UNIQUEVALUE, NULLABLE, INDEXES, DESCRIPTION, DATAID, RELEASEID, UNIQUEKEY, INCLUDESQL, COLTYPE, FOLLOWJOHN ) values ( 'DC_E_AFG:((13)):DC_E_AFG_AGG_PROXY:RAW', 'xRpCntTrustGwFailed_delta', 64, 'numeric', 20, 0, 255, 1, '', 'Number of failed requests to the Trusted Gateway port.', 'xRpCntTrustGwFailed.delta', 'DC_E_AFG:((13))', 0, 1, 'COUNTER', null );
insert into Measurementcolumn ( MTABLEID, DATANAME, COLNUMBER, DATATYPE, DATASIZE, DATASCALE, UNIQUEVALUE, NULLABLE, INDEXES, DESCRIPTION, DATAID, RELEASEID, UNIQUEKEY, INCLUDESQL, COLTYPE, FOLLOWJOHN ) values ( 'DC_E_AFG:((13)):DC_E_AFG_AGG_PROXY:RAW', 'xRpCntTrustGwResp_actual', 65, 'numeric', 20, 0, 255, 1, '', 'Total number of responses to Trusted Gateway(s).', 'xRpCntTrustGwResp.actual', 'DC_E_AFG:((13))', 0, 1, 'COUNTER', null );
insert into Measurementcolumn ( MTABLEID, DATANAME, COLNUMBER, DATATYPE, DATASIZE, DATASCALE, UNIQUEVALUE, NULLABLE, INDEXES, DESCRIPTION, DATAID, RELEASEID, UNIQUEKEY, INCLUDESQL, COLTYPE, FOLLOWJOHN ) values ( 'DC_E_AFG:((13)):DC_E_AFG_AGG_PROXY:RAW', 'xRpCntTrustGwResp_delta', 66, 'numeric', 20, 0, 255, 1, '', 'Total number of responses to Trusted Gateway(s).', 'xRpCntTrustGwResp.delta', 'DC_E_AFG:((13))', 0, 1, 'COUNTER', null );
insert into Measurementcolumn ( MTABLEID, DATANAME, COLNUMBER, DATATYPE, DATASIZE, DATASCALE, UNIQUEVALUE, NULLABLE, INDEXES, DESCRIPTION, DATAID, RELEASEID, UNIQUEKEY, INCLUDESQL, COLTYPE, FOLLOWJOHN ) values ( 'DC_E_AFG:((13)):DC_E_AFG_AGG_PROXY:RAW', 'xRqCntAuthDigestReq_actual', 67, 'numeric', 20, 0, 255, 1, '', 'Number of Digest authentication requests.', 'xRqCntAuthDigestReq.actual', 'DC_E_AFG:((13))', 0, 1, 'COUNTER', null );
insert into Measurementcolumn ( MTABLEID, DATANAME, COLNUMBER, DATATYPE, DATASIZE, DATASCALE, UNIQUEVALUE, NULLABLE, INDEXES, DESCRIPTION, DATAID, RELEASEID, UNIQUEKEY, INCLUDESQL, COLTYPE, FOLLOWJOHN ) values ( 'DC_E_AFG:((13)):DC_E_AFG_AGG_PROXY:RAW', 'xRqCntAuthDigestReq_delta', 68, 'numeric', 20, 0, 255, 1, '', 'Number of Digest authentication requests.', 'xRqCntAuthDigestReq.delta', 'DC_E_AFG:((13))', 0, 1, 'COUNTER', null );
insert into Measurementcolumn ( MTABLEID, DATANAME, COLNUMBER, DATATYPE, DATASIZE, DATASCALE, UNIQUEVALUE, NULLABLE, INDEXES, DESCRIPTION, DATAID, RELEASEID, UNIQUEKEY, INCLUDESQL, COLTYPE, FOLLOWJOHN ) values ( 'DC_E_AFG:((13)):DC_E_AFG_AGG_PROXY:RAW', 'xRqCntAuthGbaDigestReq_actual', 69, 'numeric', 20, 0, 255, 1, '', 'Number of GBA_Digest authentication requests.', 'xRqCntAuthGbaDigestReq.actual', 'DC_E_AFG:((13))', 0, 1, 'COUNTER', null );
insert into Measurementcolumn ( MTABLEID, DATANAME, COLNUMBER, DATATYPE, DATASIZE, DATASCALE, UNIQUEVALUE, NULLABLE, INDEXES, DESCRIPTION, DATAID, RELEASEID, UNIQUEKEY, INCLUDESQL, COLTYPE, FOLLOWJOHN ) values ( 'DC_E_AFG:((13)):DC_E_AFG_AGG_PROXY:RAW', 'xRqCntAuthGbaDigestReq_delta', 70, 'numeric', 20, 0, 255, 1, '', 'Number of GBA_Digest authentication requests.', 'xRqCntAuthGbaDigestReq.delta', 'DC_E_AFG:((13))', 0, 1, 'COUNTER', null );
insert into Measurementcolumn ( MTABLEID, DATANAME, COLNUMBER, DATATYPE, DATASIZE, DATASCALE, UNIQUEVALUE, NULLABLE, INDEXES, DESCRIPTION, DATAID, RELEASEID, UNIQUEKEY, INCLUDESQL, COLTYPE, FOLLOWJOHN ) values ( 'DC_E_AFG:((13)):DC_E_AFG_AGG_PROXY:RAW', 'xRqCntAuthGbaMeReq_actual', 71, 'numeric', 20, 0, 255, 1, '', 'Number of ME-based GBA authentication requests (GBA_ME and GBA_U).', 'xRqCntAuthGbaMeReq.actual', 'DC_E_AFG:((13))', 0, 1, 'COUNTER', null );
insert into Measurementcolumn ( MTABLEID, DATANAME, COLNUMBER, DATATYPE, DATASIZE, DATASCALE, UNIQUEVALUE, NULLABLE, INDEXES, DESCRIPTION, DATAID, RELEASEID, UNIQUEKEY, INCLUDESQL, COLTYPE, FOLLOWJOHN ) values ( 'DC_E_AFG:((13)):DC_E_AFG_AGG_PROXY:RAW', 'xRqCntAuthGbaMeReq_delta', 72, 'numeric', 20, 0, 255, 1, '', 'Number of ME-based GBA authentication requests (GBA_ME and GBA_U).', 'xRqCntAuthGbaMeReq.delta', 'DC_E_AFG:((13))', 0, 1, 'COUNTER', null );
insert into Measurementcolumn ( MTABLEID, DATANAME, COLNUMBER, DATATYPE, DATASIZE, DATASCALE, UNIQUEVALUE, NULLABLE, INDEXES, DESCRIPTION, DATAID, RELEASEID, UNIQUEKEY, INCLUDESQL, COLTYPE, FOLLOWJOHN ) values ( 'DC_E_AFG:((13)):DC_E_AFG_AGG_PROXY:RAW', 'xRqCntAuthGbaReq_actual', 73, 'numeric', 20, 0, 255, 1, '', 'Number of GBA authentication requests.', 'xRqCntAuthGbaReq.actual', 'DC_E_AFG:((13))', 0, 1, 'COUNTER', null );
insert into Measurementcolumn ( MTABLEID, DATANAME, COLNUMBER, DATATYPE, DATASIZE, DATASCALE, UNIQUEVALUE, NULLABLE, INDEXES, DESCRIPTION, DATAID, RELEASEID, UNIQUEKEY, INCLUDESQL, COLTYPE, FOLLOWJOHN ) values ( 'DC_E_AFG:((13)):DC_E_AFG_AGG_PROXY:RAW', 'xRqCntAuthGbaReq_delta', 74, 'numeric', 20, 0, 255, 1, '', 'Number of GBA authentication requests.', 'xRqCntAuthGbaReq.delta', 'DC_E_AFG:((13))', 0, 1, 'COUNTER', null );
insert into Measurementcolumn ( MTABLEID, DATANAME, COLNUMBER, DATATYPE, DATASIZE, DATASCALE, UNIQUEVALUE, NULLABLE, INDEXES, DESCRIPTION, DATAID, RELEASEID, UNIQUEKEY, INCLUDESQL, COLTYPE, FOLLOWJOHN ) values ( 'DC_E_AFG:((13)):DC_E_AFG_AGG_PROXY:RAW', 'xRqCntAuthGibaReq_actual', 75, 'numeric', 20, 0, 255, 1, '', 'Number of GIBA authentication requests.', 'xRqCntAuthGibaReq.actual', 'DC_E_AFG:((13))', 0, 1, 'COUNTER', null );
insert into Measurementcolumn ( MTABLEID, DATANAME, COLNUMBER, DATATYPE, DATASIZE, DATASCALE, UNIQUEVALUE, NULLABLE, INDEXES, DESCRIPTION, DATAID, RELEASEID, UNIQUEKEY, INCLUDESQL, COLTYPE, FOLLOWJOHN ) values ( 'DC_E_AFG:((13)):DC_E_AFG_AGG_PROXY:RAW', 'xRqCntAuthGibaReq_delta', 76, 'numeric', 20, 0, 255, 1, '', 'Number of GIBA authentication requests.', 'xRqCntAuthGibaReq.delta', 'DC_E_AFG:((13))', 0, 1, 'COUNTER', null );
insert into Measurementcolumn ( MTABLEID, DATANAME, COLNUMBER, DATATYPE, DATASIZE, DATASCALE, UNIQUEVALUE, NULLABLE, INDEXES, DESCRIPTION, DATAID, RELEASEID, UNIQUEKEY, INCLUDESQL, COLTYPE, FOLLOWJOHN ) values ( 'DC_E_AFG:((13)):DC_E_AFG_AGG_PROXY:RAW', 'xRqCntAuthReq_actual', 77, 'numeric', 20, 0, 255, 1, '', 'Total number of Digest, GBA (Digest, U, ME), SSO and GIBA Authentication requests attempts. Note that the original authentication request may trigger multiple subsequent requests of different types. As such, the AuthDigestReq, AuthGbaReq, AuthSsoReq and AuthGibaReq counters may not total to AuthReq.', 'xRqCntAuthReq.actual', 'DC_E_AFG:((13))', 0, 1, 'COUNTER', null );
insert into Measurementcolumn ( MTABLEID, DATANAME, COLNUMBER, DATATYPE, DATASIZE, DATASCALE, UNIQUEVALUE, NULLABLE, INDEXES, DESCRIPTION, DATAID, RELEASEID, UNIQUEKEY, INCLUDESQL, COLTYPE, FOLLOWJOHN ) values ( 'DC_E_AFG:((13)):DC_E_AFG_AGG_PROXY:RAW', 'xRqCntAuthReq_delta', 78, 'numeric', 20, 0, 255, 1, '', 'Total number of Digest, GBA (Digest, U, ME), SSO and GIBA Authentication requests attempts. Note that the original authentication request may trigger multiple subsequent requests of different types. As such, the AuthDigestReq, AuthGbaReq, AuthSsoReq and AuthGibaReq counters may not total to AuthReq.', 'xRqCntAuthReq.delta', 'DC_E_AFG:((13))', 0, 1, 'COUNTER', null );
insert into Measurementcolumn ( MTABLEID, DATANAME, COLNUMBER, DATATYPE, DATASIZE, DATASCALE, UNIQUEVALUE, NULLABLE, INDEXES, DESCRIPTION, DATAID, RELEASEID, UNIQUEKEY, INCLUDESQL, COLTYPE, FOLLOWJOHN ) values ( 'DC_E_AFG:((13)):DC_E_AFG_AGG_PROXY:RAW', 'xRqCntAuthSsoReq_actual', 79, 'numeric', 20, 0, 255, 1, '', 'Number of SSO authentication requests.', 'xRqCntAuthSsoReq.actual', 'DC_E_AFG:((13))', 0, 1, 'COUNTER', null );
insert into Measurementcolumn ( MTABLEID, DATANAME, COLNUMBER, DATATYPE, DATASIZE, DATASCALE, UNIQUEVALUE, NULLABLE, INDEXES, DESCRIPTION, DATAID, RELEASEID, UNIQUEKEY, INCLUDESQL, COLTYPE, FOLLOWJOHN ) values ( 'DC_E_AFG:((13)):DC_E_AFG_AGG_PROXY:RAW', 'xRqCntAuthSsoReq_delta', 80, 'numeric', 20, 0, 255, 1, '', 'Number of SSO authentication requests.', 'xRqCntAuthSsoReq.delta', 'DC_E_AFG:((13))', 0, 1, 'COUNTER', null );
insert into Measurementcolumn ( MTABLEID, DATANAME, COLNUMBER, DATATYPE, DATASIZE, DATASCALE, UNIQUEVALUE, NULLABLE, INDEXES, DESCRIPTION, DATAID, RELEASEID, UNIQUEKEY, INCLUDESQL, COLTYPE, FOLLOWJOHN ) values ( 'DC_E_AFG:((13)):DC_E_AFG_AGG_PROXY:RAW', 'xRqCntTrustGwReq_actual', 81, 'numeric', 20, 0, 255, 1, '', 'Number of requests incoming to the Trusted Port.', 'xRqCntTrustGwReq.actual', 'DC_E_AFG:((13))', 0, 1, 'COUNTER', null );
insert into Measurementcolumn ( MTABLEID, DATANAME, COLNUMBER, DATATYPE, DATASIZE, DATASCALE, UNIQUEVALUE, NULLABLE, INDEXES, DESCRIPTION, DATAID, RELEASEID, UNIQUEKEY, INCLUDESQL, COLTYPE, FOLLOWJOHN ) values ( 'DC_E_AFG:((13)):DC_E_AFG_AGG_PROXY:RAW', 'xRqCntTrustGwReq_delta', 82, 'numeric', 20, 0, 255, 1, '', 'Number of requests incoming to the Trusted Port.', 'xRqCntTrustGwReq.delta', 'DC_E_AFG:((13))', 0, 1, 'COUNTER', null );
insert into Measurementcolumn ( MTABLEID, DATANAME, COLNUMBER, DATATYPE, DATASIZE, DATASCALE, UNIQUEVALUE, NULLABLE, INDEXES, DESCRIPTION, DATAID, RELEASEID, UNIQUEKEY, INCLUDESQL, COLTYPE, FOLLOWJOHN ) values ( 'DC_E_AFG:((13)):DC_E_AFG_AGG_PROXY:RAW', 'xRqCntXcapCapReq_actual', 83, 'numeric', 20, 0, 255, 1, '', 'Total number of XCAP Capability requests.', 'xRqCntXcapCapReq.actual', 'DC_E_AFG:((13))', 0, 1, 'COUNTER', null );
insert into Measurementcolumn ( MTABLEID, DATANAME, COLNUMBER, DATATYPE, DATASIZE, DATASCALE, UNIQUEVALUE, NULLABLE, INDEXES, DESCRIPTION, DATAID, RELEASEID, UNIQUEKEY, INCLUDESQL, COLTYPE, FOLLOWJOHN ) values ( 'DC_E_AFG:((13)):DC_E_AFG_AGG_PROXY:RAW', 'xRqCntXcapCapReq_delta', 84, 'numeric', 20, 0, 255, 1, '', 'Total number of XCAP Capability requests.', 'xRqCntXcapCapReq.delta', 'DC_E_AFG:((13))', 0, 1, 'COUNTER', null );
insert into Measurementcolumn ( MTABLEID, DATANAME, COLNUMBER, DATATYPE, DATASIZE, DATASCALE, UNIQUEVALUE, NULLABLE, INDEXES, DESCRIPTION, DATAID, RELEASEID, UNIQUEKEY, INCLUDESQL, COLTYPE, FOLLOWJOHN ) values ( 'DC_E_AFG:((13)):DC_E_AFG_AGG_PROXY:RAW', 'xRqCntXcapDelReq_actual', 85, 'numeric', 20, 0, 255, 1, '', 'Total number of XCAP DELETE requests.', 'xRqCntXcapDelReq.actual', 'DC_E_AFG:((13))', 0, 1, 'COUNTER', null );
insert into Measurementcolumn ( MTABLEID, DATANAME, COLNUMBER, DATATYPE, DATASIZE, DATASCALE, UNIQUEVALUE, NULLABLE, INDEXES, DESCRIPTION, DATAID, RELEASEID, UNIQUEKEY, INCLUDESQL, COLTYPE, FOLLOWJOHN ) values ( 'DC_E_AFG:((13)):DC_E_AFG_AGG_PROXY:RAW', 'xRqCntXcapDelReq_delta', 86, 'numeric', 20, 0, 255, 1, '', 'Total number of XCAP DELETE requests.', 'xRqCntXcapDelReq.delta', 'DC_E_AFG:((13))', 0, 1, 'COUNTER', null );
insert into Measurementcolumn ( MTABLEID, DATANAME, COLNUMBER, DATATYPE, DATASIZE, DATASCALE, UNIQUEVALUE, NULLABLE, INDEXES, DESCRIPTION, DATAID, RELEASEID, UNIQUEKEY, INCLUDESQL, COLTYPE, FOLLOWJOHN ) values ( 'DC_E_AFG:((13)):DC_E_AFG_AGG_PROXY:RAW', 'xRqCntXcapDirReq_actual', 87, 'numeric', 20, 0, 255, 1, '', 'Total number of XCAP Directory requests.', 'xRqCntXcapDirReq.actual', 'DC_E_AFG:((13))', 0, 1, 'COUNTER', null );
insert into Measurementcolumn ( MTABLEID, DATANAME, COLNUMBER, DATATYPE, DATASIZE, DATASCALE, UNIQUEVALUE, NULLABLE, INDEXES, DESCRIPTION, DATAID, RELEASEID, UNIQUEKEY, INCLUDESQL, COLTYPE, FOLLOWJOHN ) values ( 'DC_E_AFG:((13)):DC_E_AFG_AGG_PROXY:RAW', 'xRqCntXcapDirReq_delta', 88, 'numeric', 20, 0, 255, 1, '', 'Total number of XCAP Directory requests.', 'xRqCntXcapDirReq.delta', 'DC_E_AFG:((13))', 0, 1, 'COUNTER', null );
insert into Measurementcolumn ( MTABLEID, DATANAME, COLNUMBER, DATATYPE, DATASIZE, DATASCALE, UNIQUEVALUE, NULLABLE, INDEXES, DESCRIPTION, DATAID, RELEASEID, UNIQUEKEY, INCLUDESQL, COLTYPE, FOLLOWJOHN ) values ( 'DC_E_AFG:((13)):DC_E_AFG_AGG_PROXY:RAW', 'xRqCntXcapGetReq_actual', 89, 'numeric', 20, 0, 255, 1, '', 'Total number of XCAP GET requests.', 'xRqCntXcapGetReq.actual', 'DC_E_AFG:((13))', 0, 1, 'COUNTER', null );
insert into Measurementcolumn ( MTABLEID, DATANAME, COLNUMBER, DATATYPE, DATASIZE, DATASCALE, UNIQUEVALUE, NULLABLE, INDEXES, DESCRIPTION, DATAID, RELEASEID, UNIQUEKEY, INCLUDESQL, COLTYPE, FOLLOWJOHN ) values ( 'DC_E_AFG:((13)):DC_E_AFG_AGG_PROXY:RAW', 'xRqCntXcapGetReq_delta', 90, 'numeric', 20, 0, 255, 1, '', 'Total number of XCAP GET requests.', 'xRqCntXcapGetReq.delta', 'DC_E_AFG:((13))', 0, 1, 'COUNTER', null );
insert into Measurementcolumn ( MTABLEID, DATANAME, COLNUMBER, DATATYPE, DATASIZE, DATASCALE, UNIQUEVALUE, NULLABLE, INDEXES, DESCRIPTION, DATAID, RELEASEID, UNIQUEKEY, INCLUDESQL, COLTYPE, FOLLOWJOHN ) values ( 'DC_E_AFG:((13)):DC_E_AFG_AGG_PROXY:RAW', 'xRqCntXcapPutReq_actual', 91, 'numeric', 20, 0, 255, 1, '', 'Total number of XCAP PUT requests.', 'xRqCntXcapPutReq.actual', 'DC_E_AFG:((13))', 0, 1, 'COUNTER', null );
insert into Measurementcolumn ( MTABLEID, DATANAME, COLNUMBER, DATATYPE, DATASIZE, DATASCALE, UNIQUEVALUE, NULLABLE, INDEXES, DESCRIPTION, DATAID, RELEASEID, UNIQUEKEY, INCLUDESQL, COLTYPE, FOLLOWJOHN ) values ( 'DC_E_AFG:((13)):DC_E_AFG_AGG_PROXY:RAW', 'xRqCntXcapPutReq_delta', 92, 'numeric', 20, 0, 255, 1, '', 'Total number of XCAP PUT requests.', 'xRqCntXcapPutReq.delta', 'DC_E_AFG:((13))', 0, 1, 'COUNTER', null );
insert into Measurementcolumn ( MTABLEID, DATANAME, COLNUMBER, DATATYPE, DATASIZE, DATASCALE, UNIQUEVALUE, NULLABLE, INDEXES, DESCRIPTION, DATAID, RELEASEID, UNIQUEKEY, INCLUDESQL, COLTYPE, FOLLOWJOHN ) values ( 'DC_E_AFG:((13)):DC_E_AFG_AGG_PROXY:RAW', 'xRqCntXcapReqUnsuccessful_actual', 93, 'numeric', 20, 0, 255, 1, '', 'Total number of unsuccessful XCAP requests.', 'xRqCntXcapReqUnsuccessful.actual', 'DC_E_AFG:((13))', 0, 1, 'COUNTER', null );
insert into Measurementcolumn ( MTABLEID, DATANAME, COLNUMBER, DATATYPE, DATASIZE, DATASCALE, UNIQUEVALUE, NULLABLE, INDEXES, DESCRIPTION, DATAID, RELEASEID, UNIQUEKEY, INCLUDESQL, COLTYPE, FOLLOWJOHN ) values ( 'DC_E_AFG:((13)):DC_E_AFG_AGG_PROXY:RAW', 'xRqCntXcapReqUnsuccessful_delta', 94, 'numeric', 20, 0, 255, 1, '', 'Total number of unsuccessful XCAP requests.', 'xRqCntXcapReqUnsuccessful.delta', 'DC_E_AFG:((13))', 0, 1, 'COUNTER', null );
insert into Measurementcolumn ( MTABLEID, DATANAME, COLNUMBER, DATATYPE, DATASIZE, DATASCALE, UNIQUEVALUE, NULLABLE, INDEXES, DESCRIPTION, DATAID, RELEASEID, UNIQUEKEY, INCLUDESQL, COLTYPE, FOLLOWJOHN ) values ( 'DC_E_AFG:((13)):DC_E_AFG_AGG_PROXY:RAW', 'xRqCntZnReq_actual', 95, 'numeric', 20, 0, 255, 1, '', 'Number of Zn requests to BSF.', 'xRqCntZnReq.actual', 'DC_E_AFG:((13))', 0, 1, 'COUNTER', null );
insert into Measurementcolumn ( MTABLEID, DATANAME, COLNUMBER, DATATYPE, DATASIZE, DATASCALE, UNIQUEVALUE, NULLABLE, INDEXES, DESCRIPTION, DATAID, RELEASEID, UNIQUEKEY, INCLUDESQL, COLTYPE, FOLLOWJOHN ) values ( 'DC_E_AFG:((13)):DC_E_AFG_AGG_PROXY:RAW', 'xRqCntZnReq_delta', 96, 'numeric', 20, 0, 255, 1, '', 'Number of Zn requests to BSF.', 'xRqCntZnReq.delta', 'DC_E_AFG:((13))', 0, 1, 'COUNTER', null );
insert into Measurementcolumn ( MTABLEID, DATANAME, COLNUMBER, DATATYPE, DATASIZE, DATASCALE, UNIQUEVALUE, NULLABLE, INDEXES, DESCRIPTION, DATAID, RELEASEID, UNIQUEKEY, INCLUDESQL, COLTYPE, FOLLOWJOHN ) values ( 'DC_E_AFG:((13)):DC_E_AFG_BOOTSTRAP_FUNC:DAY', 'AGG_COUNT', 9, 'smallint', 0, 0, 255, 1, '', '', 'AGG_COUNT', 'BASE_TP_090421', 0, 0, 'PUBLICKEY', null );
insert into Measurementcolumn ( MTABLEID, DATANAME, COLNUMBER, DATATYPE, DATASIZE, DATASCALE, UNIQUEVALUE, NULLABLE, INDEXES, DESCRIPTION, DATAID, RELEASEID, UNIQUEKEY, INCLUDESQL, COLTYPE, FOLLOWJOHN ) values ( 'DC_E_AFG:((13)):DC_E_AFG_BOOTSTRAP_FUNC:DAY', 'BATCH_ID', 12, 'smallint', 0, 0, 255, 1, '', '', 'BATCH_ID', 'BASE_TP_090421', 0, 0, 'PUBLICKEY', null );
insert into Measurementcolumn ( MTABLEID, DATANAME, COLNUMBER, DATATYPE, DATASIZE, DATASCALE, UNIQUEVALUE, NULLABLE, INDEXES, DESCRIPTION, DATAID, RELEASEID, UNIQUEKEY, INCLUDESQL, COLTYPE, FOLLOWJOHN ) values ( 'DC_E_AFG:((13)):DC_E_AFG_BOOTSTRAP_FUNC:DAY', 'DATACOVERAGE', 8, 'unsigned int', 0, 0, 255, 1, '', '', 'DATACOVERAGE', 'BASE_TP_090421', 0, 1, 'PUBLICKEY', null );
insert into Measurementcolumn ( MTABLEID, DATANAME, COLNUMBER, DATATYPE, DATASIZE, DATASCALE, UNIQUEVALUE, NULLABLE, INDEXES, DESCRIPTION, DATAID, RELEASEID, UNIQUEKEY, INCLUDESQL, COLTYPE, FOLLOWJOHN ) values ( 'DC_E_AFG:((13)):DC_E_AFG_BOOTSTRAP_FUNC:DAY', 'DATE_ID', 3, 'date', 0, 0, 255, 1, 'LF', '', 'DATE_ID', 'BASE_TP_090421', 1, 1, 'PUBLICKEY', null );
insert into Measurementcolumn ( MTABLEID, DATANAME, COLNUMBER, DATATYPE, DATASIZE, DATASCALE, UNIQUEVALUE, NULLABLE, INDEXES, DESCRIPTION, DATAID, RELEASEID, UNIQUEKEY, INCLUDESQL, COLTYPE, FOLLOWJOHN ) values ( 'DC_E_AFG:((13)):DC_E_AFG_BOOTSTRAP_FUNC:DAY', 'DAY_ID', 6, 'tinyint', 0, 0, 31, 1, 'LF', '', 'DAY_ID', 'BASE_TP_090421', 0, 0, 'PUBLICKEY', null );
insert into Measurementcolumn ( MTABLEID, DATANAME, COLNUMBER, DATATYPE, DATASIZE, DATASCALE, UNIQUEVALUE, NULLABLE, INDEXES, DESCRIPTION, DATAID, RELEASEID, UNIQUEKEY, INCLUDESQL, COLTYPE, FOLLOWJOHN ) values ( 'DC_E_AFG:((13)):DC_E_AFG_BOOTSTRAP_FUNC:DAY', 'DC_RELEASE', 15, 'varchar', 16, 0, 2, 1, 'LF', '', 'DC_RELEASE', 'BASE_TP_090421', 1, 1, 'PUBLICKEY', null );
insert into Measurementcolumn ( MTABLEID, DATANAME, COLNUMBER, DATATYPE, DATASIZE, DATASCALE, UNIQUEVALUE, NULLABLE, INDEXES, DESCRIPTION, DATAID, RELEASEID, UNIQUEKEY, INCLUDESQL, COLTYPE, FOLLOWJOHN ) values ( 'DC_E_AFG:((13)):DC_E_AFG_BOOTSTRAP_FUNC:DAY', 'DC_SOURCE', 16, 'varchar', 16, 0, 2, 1, 'LF', '', 'DC_SOURCE', 'BASE_TP_090421', 0, 1, 'PUBLICKEY', null );
insert into Measurementcolumn ( MTABLEID, DATANAME, COLNUMBER, DATATYPE, DATASIZE, DATASCALE, UNIQUEVALUE, NULLABLE, INDEXES, DESCRIPTION, DATAID, RELEASEID, UNIQUEKEY, INCLUDESQL, COLTYPE, FOLLOWJOHN ) values ( 'DC_E_AFG:((13)):DC_E_AFG_BOOTSTRAP_FUNC:DAY', 'DC_SUSPECTFLAG', 18, 'int', 0, 0, 2, 1, 'LF', '', 'DC_SUSPECTFLAG', 'BASE_TP_090421', 0, 1, 'PUBLICKEY', null );
insert into Measurementcolumn ( MTABLEID, DATANAME, COLNUMBER, DATATYPE, DATASIZE, DATASCALE, UNIQUEVALUE, NULLABLE, INDEXES, DESCRIPTION, DATAID, RELEASEID, UNIQUEKEY, INCLUDESQL, COLTYPE, FOLLOWJOHN ) values ( 'DC_E_AFG:((13)):DC_E_AFG_BOOTSTRAP_FUNC:DAY', 'DC_TIMEZONE', 17, 'varchar', 16, 0, 2, 1, 'LF', '', 'DC_TIMEZONE', 'BASE_TP_090421', 0, 1, 'PUBLICKEY', null );
insert into Measurementcolumn ( MTABLEID, DATANAME, COLNUMBER, DATATYPE, DATASIZE, DATASCALE, UNIQUEVALUE, NULLABLE, INDEXES, DESCRIPTION, DATAID, RELEASEID, UNIQUEKEY, INCLUDESQL, COLTYPE, FOLLOWJOHN ) values ( 'DC_E_AFG:((13)):DC_E_AFG_BOOTSTRAP_FUNC:DAY', 'MONTH_ID', 5, 'tinyint', 0, 0, 12, 1, 'LF', '', 'MONTH_ID', 'BASE_TP_090421', 0, 0, 'PUBLICKEY', null );
insert into Measurementcolumn ( MTABLEID, DATANAME, COLNUMBER, DATATYPE, DATASIZE, DATASCALE, UNIQUEVALUE, NULLABLE, INDEXES, DESCRIPTION, DATAID, RELEASEID, UNIQUEKEY, INCLUDESQL, COLTYPE, FOLLOWJOHN ) values ( 'DC_E_AFG:((13)):DC_E_AFG_BOOTSTRAP_FUNC:DAY', 'NODE_NAME', 2, 'varchar', 50, 0, 255, 1, 'HG', 'Node Name', 'NODE_NAME', 'DC_E_AFG:((13))', 1, 1, 'KEY', null );
insert into Measurementcolumn ( MTABLEID, DATANAME, COLNUMBER, DATATYPE, DATASIZE, DATASCALE, UNIQUEVALUE, NULLABLE, INDEXES, DESCRIPTION, DATAID, RELEASEID, UNIQUEKEY, INCLUDESQL, COLTYPE, FOLLOWJOHN ) values ( 'DC_E_AFG:((13)):DC_E_AFG_BOOTSTRAP_FUNC:DAY', 'OSS_ID', 1, 'varchar', 50, 0, 255, 1, 'HG', 'OSS Id', 'OSS_ID', 'DC_E_AFG:((13))', 1, 1, 'KEY', null );
insert into Measurementcolumn ( MTABLEID, DATANAME, COLNUMBER, DATATYPE, DATASIZE, DATASCALE, UNIQUEVALUE, NULLABLE, INDEXES, DESCRIPTION, DATAID, RELEASEID, UNIQUEKEY, INCLUDESQL, COLTYPE, FOLLOWJOHN ) values ( 'DC_E_AFG:((13)):DC_E_AFG_BOOTSTRAP_FUNC:DAY', 'PERIOD_DURATION', 13, 'unsigned int', 0, 0, 10, 1, '', '', 'PERIOD_DURATION', 'BASE_TP_090421', 0, 1, 'PUBLICKEY', null );
insert into Measurementcolumn ( MTABLEID, DATANAME, COLNUMBER, DATATYPE, DATASIZE, DATASCALE, UNIQUEVALUE, NULLABLE, INDEXES, DESCRIPTION, DATAID, RELEASEID, UNIQUEKEY, INCLUDESQL, COLTYPE, FOLLOWJOHN ) values ( 'DC_E_AFG:((13)):DC_E_AFG_BOOTSTRAP_FUNC:DAY', 'ROWSTATUS', 14, 'varchar', 16, 0, 10, 1, '', '', 'ROWSTATUS', 'BASE_TP_090421', 0, 1, 'PUBLICKEY', null );
insert into Measurementcolumn ( MTABLEID, DATANAME, COLNUMBER, DATATYPE, DATASIZE, DATASCALE, UNIQUEVALUE, NULLABLE, INDEXES, DESCRIPTION, DATAID, RELEASEID, UNIQUEKEY, INCLUDESQL, COLTYPE, FOLLOWJOHN ) values ( 'DC_E_AFG:((13)):DC_E_AFG_BOOTSTRAP_FUNC:DAY', 'SESSION_ID', 11, 'unsigned int', 0, 0, 255, 1, '', '', 'SESSION_ID', 'BASE_TP_090421', 0, 0, 'PUBLICKEY', null );
insert into Measurementcolumn ( MTABLEID, DATANAME, COLNUMBER, DATATYPE, DATASIZE, DATASCALE, UNIQUEVALUE, NULLABLE, INDEXES, DESCRIPTION, DATAID, RELEASEID, UNIQUEKEY, INCLUDESQL, COLTYPE, FOLLOWJOHN ) values ( 'DC_E_AFG:((13)):DC_E_AFG_BOOTSTRAP_FUNC:DAY', 'TIMELEVEL', 10, 'varchar', 10, 0, 10, 1, 'LF', '', 'TIMELEVEL', 'BASE_TP_090421', 0, 0, 'PUBLICKEY', null );
insert into Measurementcolumn ( MTABLEID, DATANAME, COLNUMBER, DATATYPE, DATASIZE, DATASCALE, UNIQUEVALUE, NULLABLE, INDEXES, DESCRIPTION, DATAID, RELEASEID, UNIQUEKEY, INCLUDESQL, COLTYPE, FOLLOWJOHN ) values ( 'DC_E_AFG:((13)):DC_E_AFG_BOOTSTRAP_FUNC:DAY', 'WEEK_ID', 7, 'tinyint', 0, 0, 53, 1, 'LF', '', 'WEEK_ID', 'BASE_TP_090421', 0, 0, 'PUBLICKEY', null );
insert into Measurementcolumn ( MTABLEID, DATANAME, COLNUMBER, DATATYPE, DATASIZE, DATASCALE, UNIQUEVALUE, NULLABLE, INDEXES, DESCRIPTION, DATAID, RELEASEID, UNIQUEKEY, INCLUDESQL, COLTYPE, FOLLOWJOHN ) values ( 'DC_E_AFG:((13)):DC_E_AFG_BOOTSTRAP_FUNC:DAY', 'YEAR_ID', 4, 'smallint', 0, 0, 20, 1, 'LF', '', 'YEAR_ID', 'BASE_TP_090421', 0, 0, 'PUBLICKEY', null );
insert into Measurementcolumn ( MTABLEID, DATANAME, COLNUMBER, DATATYPE, DATASIZE, DATASCALE, UNIQUEVALUE, NULLABLE, INDEXES, DESCRIPTION, DATAID, RELEASEID, UNIQUEKEY, INCLUDESQL, COLTYPE, FOLLOWJOHN ) values ( 'DC_E_AFG:((13)):DC_E_AFG_BOOTSTRAP_FUNC:DAY', 'bootAuthFail_actual', 19, 'numeric', 20, 0, 255, 1, '', 'Total number of failed Ub requests for bootstrapping procedure.', 'bootAuthFail.actual', 'DC_E_AFG:((13))', 0, 1, 'COUNTER', null );
insert into Measurementcolumn ( MTABLEID, DATANAME, COLNUMBER, DATATYPE, DATASIZE, DATASCALE, UNIQUEVALUE, NULLABLE, INDEXES, DESCRIPTION, DATAID, RELEASEID, UNIQUEKEY, INCLUDESQL, COLTYPE, FOLLOWJOHN ) values ( 'DC_E_AFG:((13)):DC_E_AFG_BOOTSTRAP_FUNC:DAY', 'bootAuthFail_delta', 20, 'numeric', 20, 0, 255, 1, '', 'Total number of failed Ub requests for bootstrapping procedure.', 'bootAuthFail.delta', 'DC_E_AFG:((13))', 0, 1, 'COUNTER', null );
insert into Measurementcolumn ( MTABLEID, DATANAME, COLNUMBER, DATATYPE, DATASIZE, DATASCALE, UNIQUEVALUE, NULLABLE, INDEXES, DESCRIPTION, DATAID, RELEASEID, UNIQUEKEY, INCLUDESQL, COLTYPE, FOLLOWJOHN ) values ( 'DC_E_AFG:((13)):DC_E_AFG_BOOTSTRAP_FUNC:DAY', 'bootAuthGBADIGESTFail_actual', 21, 'numeric', 20, 0, 255, 1, '', 'Number of failed GBA_Digest authentications.', 'bootAuthGBADIGESTFail.actual', 'DC_E_AFG:((13))', 0, 1, 'COUNTER', null );
insert into Measurementcolumn ( MTABLEID, DATANAME, COLNUMBER, DATATYPE, DATASIZE, DATASCALE, UNIQUEVALUE, NULLABLE, INDEXES, DESCRIPTION, DATAID, RELEASEID, UNIQUEKEY, INCLUDESQL, COLTYPE, FOLLOWJOHN ) values ( 'DC_E_AFG:((13)):DC_E_AFG_BOOTSTRAP_FUNC:DAY', 'bootAuthGBADIGESTFail_delta', 22, 'numeric', 20, 0, 255, 1, '', 'Number of failed GBA_Digest authentications.', 'bootAuthGBADIGESTFail.delta', 'DC_E_AFG:((13))', 0, 1, 'COUNTER', null );
insert into Measurementcolumn ( MTABLEID, DATANAME, COLNUMBER, DATATYPE, DATASIZE, DATASCALE, UNIQUEVALUE, NULLABLE, INDEXES, DESCRIPTION, DATAID, RELEASEID, UNIQUEKEY, INCLUDESQL, COLTYPE, FOLLOWJOHN ) values ( 'DC_E_AFG:((13)):DC_E_AFG_BOOTSTRAP_FUNC:DAY', 'bootAuthGBADIGESTSucc_actual', 23, 'numeric', 20, 0, 255, 1, '', 'Number of successful GBA_Digest authentications.', 'bootAuthGBADIGESTSucc.actual', 'DC_E_AFG:((13))', 0, 1, 'COUNTER', null );
insert into Measurementcolumn ( MTABLEID, DATANAME, COLNUMBER, DATATYPE, DATASIZE, DATASCALE, UNIQUEVALUE, NULLABLE, INDEXES, DESCRIPTION, DATAID, RELEASEID, UNIQUEKEY, INCLUDESQL, COLTYPE, FOLLOWJOHN ) values ( 'DC_E_AFG:((13)):DC_E_AFG_BOOTSTRAP_FUNC:DAY', 'bootAuthGBADIGESTSucc_delta', 24, 'numeric', 20, 0, 255, 1, '', 'Number of successful GBA_Digest authentications.', 'bootAuthGBADIGESTSucc.delta', 'DC_E_AFG:((13))', 0, 1, 'COUNTER', null );
insert into Measurementcolumn ( MTABLEID, DATANAME, COLNUMBER, DATATYPE, DATASIZE, DATASCALE, UNIQUEVALUE, NULLABLE, INDEXES, DESCRIPTION, DATAID, RELEASEID, UNIQUEKEY, INCLUDESQL, COLTYPE, FOLLOWJOHN ) values ( 'DC_E_AFG:((13)):DC_E_AFG_BOOTSTRAP_FUNC:DAY', 'bootAuthGBAMEFail_actual', 25, 'numeric', 20, 0, 255, 1, '', 'Number of failed GBA_ME authentications.', 'bootAuthGBAMEFail.actual', 'DC_E_AFG:((13))', 0, 1, 'COUNTER', null );
insert into Measurementcolumn ( MTABLEID, DATANAME, COLNUMBER, DATATYPE, DATASIZE, DATASCALE, UNIQUEVALUE, NULLABLE, INDEXES, DESCRIPTION, DATAID, RELEASEID, UNIQUEKEY, INCLUDESQL, COLTYPE, FOLLOWJOHN ) values ( 'DC_E_AFG:((13)):DC_E_AFG_BOOTSTRAP_FUNC:DAY', 'bootAuthGBAMEFail_delta', 26, 'numeric', 20, 0, 255, 1, '', 'Number of failed GBA_ME authentications.', 'bootAuthGBAMEFail.delta', 'DC_E_AFG:((13))', 0, 1, 'COUNTER', null );
insert into Measurementcolumn ( MTABLEID, DATANAME, COLNUMBER, DATATYPE, DATASIZE, DATASCALE, UNIQUEVALUE, NULLABLE, INDEXES, DESCRIPTION, DATAID, RELEASEID, UNIQUEKEY, INCLUDESQL, COLTYPE, FOLLOWJOHN ) values ( 'DC_E_AFG:((13)):DC_E_AFG_BOOTSTRAP_FUNC:DAY', 'bootAuthGBAMESucc_actual', 27, 'numeric', 20, 0, 255, 1, '', 'Number of successful GBA_ME authentications.', 'bootAuthGBAMESucc.actual', 'DC_E_AFG:((13))', 0, 1, 'COUNTER', null );
insert into Measurementcolumn ( MTABLEID, DATANAME, COLNUMBER, DATATYPE, DATASIZE, DATASCALE, UNIQUEVALUE, NULLABLE, INDEXES, DESCRIPTION, DATAID, RELEASEID, UNIQUEKEY, INCLUDESQL, COLTYPE, FOLLOWJOHN ) values ( 'DC_E_AFG:((13)):DC_E_AFG_BOOTSTRAP_FUNC:DAY', 'bootAuthGBAMESucc_delta', 28, 'numeric', 20, 0, 255, 1, '', 'Number of successful GBA_ME authentications.', 'bootAuthGBAMESucc.delta', 'DC_E_AFG:((13))', 0, 1, 'COUNTER', null );
insert into Measurementcolumn ( MTABLEID, DATANAME, COLNUMBER, DATATYPE, DATASIZE, DATASCALE, UNIQUEVALUE, NULLABLE, INDEXES, DESCRIPTION, DATAID, RELEASEID, UNIQUEKEY, INCLUDESQL, COLTYPE, FOLLOWJOHN ) values ( 'DC_E_AFG:((13)):DC_E_AFG_BOOTSTRAP_FUNC:DAY', 'bootAuthGBAUFail_actual', 29, 'numeric', 20, 0, 255, 1, '', 'Number of failed GBA_U authentications.', 'bootAuthGBAUFail.actual', 'DC_E_AFG:((13))', 0, 1, 'COUNTER', null );
insert into Measurementcolumn ( MTABLEID, DATANAME, COLNUMBER, DATATYPE, DATASIZE, DATASCALE, UNIQUEVALUE, NULLABLE, INDEXES, DESCRIPTION, DATAID, RELEASEID, UNIQUEKEY, INCLUDESQL, COLTYPE, FOLLOWJOHN ) values ( 'DC_E_AFG:((13)):DC_E_AFG_BOOTSTRAP_FUNC:DAY', 'bootAuthGBAUFail_delta', 30, 'numeric', 20, 0, 255, 1, '', 'Number of failed GBA_U authentications.', 'bootAuthGBAUFail.delta', 'DC_E_AFG:((13))', 0, 1, 'COUNTER', null );
insert into Measurementcolumn ( MTABLEID, DATANAME, COLNUMBER, DATATYPE, DATASIZE, DATASCALE, UNIQUEVALUE, NULLABLE, INDEXES, DESCRIPTION, DATAID, RELEASEID, UNIQUEKEY, INCLUDESQL, COLTYPE, FOLLOWJOHN ) values ( 'DC_E_AFG:((13)):DC_E_AFG_BOOTSTRAP_FUNC:DAY', 'bootAuthGBAUSucc_actual', 31, 'numeric', 20, 0, 255, 1, '', 'Number of successful GBA_U authentications.', 'bootAuthGBAUSucc.actual', 'DC_E_AFG:((13))', 0, 1, 'COUNTER', null );
insert into Measurementcolumn ( MTABLEID, DATANAME, COLNUMBER, DATATYPE, DATASIZE, DATASCALE, UNIQUEVALUE, NULLABLE, INDEXES, DESCRIPTION, DATAID, RELEASEID, UNIQUEKEY, INCLUDESQL, COLTYPE, FOLLOWJOHN ) values ( 'DC_E_AFG:((13)):DC_E_AFG_BOOTSTRAP_FUNC:DAY', 'bootAuthGBAUSucc_delta', 32, 'numeric', 20, 0, 255, 1, '', 'Number of successful GBA_U authentications.', 'bootAuthGBAUSucc.delta', 'DC_E_AFG:((13))', 0, 1, 'COUNTER', null );
insert into Measurementcolumn ( MTABLEID, DATANAME, COLNUMBER, DATATYPE, DATASIZE, DATASCALE, UNIQUEVALUE, NULLABLE, INDEXES, DESCRIPTION, DATAID, RELEASEID, UNIQUEKEY, INCLUDESQL, COLTYPE, FOLLOWJOHN ) values ( 'DC_E_AFG:((13)):DC_E_AFG_BOOTSTRAP_FUNC:DAY', 'bootAuthReqTot_actual', 33, 'numeric', 20, 0, 255, 1, '', 'Total number of Ub requests for bootstrapping procedure.', 'bootAuthReqTot.actual', 'DC_E_AFG:((13))', 0, 1, 'COUNTER', null );
insert into Measurementcolumn ( MTABLEID, DATANAME, COLNUMBER, DATATYPE, DATASIZE, DATASCALE, UNIQUEVALUE, NULLABLE, INDEXES, DESCRIPTION, DATAID, RELEASEID, UNIQUEKEY, INCLUDESQL, COLTYPE, FOLLOWJOHN ) values ( 'DC_E_AFG:((13)):DC_E_AFG_BOOTSTRAP_FUNC:DAY', 'bootAuthReqTot_delta', 34, 'numeric', 20, 0, 255, 1, '', 'Total number of Ub requests for bootstrapping procedure.', 'bootAuthReqTot.delta', 'DC_E_AFG:((13))', 0, 1, 'COUNTER', null );
insert into Measurementcolumn ( MTABLEID, DATANAME, COLNUMBER, DATATYPE, DATASIZE, DATASCALE, UNIQUEVALUE, NULLABLE, INDEXES, DESCRIPTION, DATAID, RELEASEID, UNIQUEKEY, INCLUDESQL, COLTYPE, FOLLOWJOHN ) values ( 'DC_E_AFG:((13)):DC_E_AFG_BOOTSTRAP_FUNC:DAY', 'bootAuthSucc_actual', 35, 'numeric', 20, 0, 255, 1, '', 'Total number of successful Ub requests for bootstrapping procedure.', 'bootAuthSucc.actual', 'DC_E_AFG:((13))', 0, 1, 'COUNTER', null );
insert into Measurementcolumn ( MTABLEID, DATANAME, COLNUMBER, DATATYPE, DATASIZE, DATASCALE, UNIQUEVALUE, NULLABLE, INDEXES, DESCRIPTION, DATAID, RELEASEID, UNIQUEKEY, INCLUDESQL, COLTYPE, FOLLOWJOHN ) values ( 'DC_E_AFG:((13)):DC_E_AFG_BOOTSTRAP_FUNC:DAY', 'bootAuthSucc_delta', 36, 'numeric', 20, 0, 255, 1, '', 'Total number of successful Ub requests for bootstrapping procedure.', 'bootAuthSucc.delta', 'DC_E_AFG:((13))', 0, 1, 'COUNTER', null );
insert into Measurementcolumn ( MTABLEID, DATANAME, COLNUMBER, DATATYPE, DATASIZE, DATASCALE, UNIQUEVALUE, NULLABLE, INDEXES, DESCRIPTION, DATAID, RELEASEID, UNIQUEKEY, INCLUDESQL, COLTYPE, FOLLOWJOHN ) values ( 'DC_E_AFG:((13)):DC_E_AFG_BOOTSTRAP_FUNC:DAY', 'bootUseFailReq_actual', 37, 'numeric', 20, 0, 255, 1, '', 'Total number of failed Zn requests for bootstrapping usage procedure.', 'bootUseFailReq.actual', 'DC_E_AFG:((13))', 0, 1, 'COUNTER', null );
insert into Measurementcolumn ( MTABLEID, DATANAME, COLNUMBER, DATATYPE, DATASIZE, DATASCALE, UNIQUEVALUE, NULLABLE, INDEXES, DESCRIPTION, DATAID, RELEASEID, UNIQUEKEY, INCLUDESQL, COLTYPE, FOLLOWJOHN ) values ( 'DC_E_AFG:((13)):DC_E_AFG_BOOTSTRAP_FUNC:DAY', 'bootUseFailReq_delta', 38, 'numeric', 20, 0, 255, 1, '', 'Total number of failed Zn requests for bootstrapping usage procedure.', 'bootUseFailReq.delta', 'DC_E_AFG:((13))', 0, 1, 'COUNTER', null );
insert into Measurementcolumn ( MTABLEID, DATANAME, COLNUMBER, DATATYPE, DATASIZE, DATASCALE, UNIQUEVALUE, NULLABLE, INDEXES, DESCRIPTION, DATAID, RELEASEID, UNIQUEKEY, INCLUDESQL, COLTYPE, FOLLOWJOHN ) values ( 'DC_E_AFG:((13)):DC_E_AFG_BOOTSTRAP_FUNC:DAY', 'bootUseSucReq_actual', 39, 'numeric', 20, 0, 255, 1, '', 'Total number of successful Zn requests for bootstrapping usage procedure.', 'bootUseSucReq.actual', 'DC_E_AFG:((13))', 0, 1, 'COUNTER', null );
insert into Measurementcolumn ( MTABLEID, DATANAME, COLNUMBER, DATATYPE, DATASIZE, DATASCALE, UNIQUEVALUE, NULLABLE, INDEXES, DESCRIPTION, DATAID, RELEASEID, UNIQUEKEY, INCLUDESQL, COLTYPE, FOLLOWJOHN ) values ( 'DC_E_AFG:((13)):DC_E_AFG_BOOTSTRAP_FUNC:DAY', 'bootUseSucReq_delta', 40, 'numeric', 20, 0, 255, 1, '', 'Total number of successful Zn requests for bootstrapping usage procedure.', 'bootUseSucReq.delta', 'DC_E_AFG:((13))', 0, 1, 'COUNTER', null );
insert into Measurementcolumn ( MTABLEID, DATANAME, COLNUMBER, DATATYPE, DATASIZE, DATASCALE, UNIQUEVALUE, NULLABLE, INDEXES, DESCRIPTION, DATAID, RELEASEID, UNIQUEKEY, INCLUDESQL, COLTYPE, FOLLOWJOHN ) values ( 'DC_E_AFG:((13)):DC_E_AFG_BOOTSTRAP_FUNC:DAY', 'bootUseTotReq_actual', 41, 'numeric', 20, 0, 255, 1, '', 'Total number of Zn requests for bootstrapping usage procedure.', 'bootUseTotReq.actual', 'DC_E_AFG:((13))', 0, 1, 'COUNTER', null );
insert into Measurementcolumn ( MTABLEID, DATANAME, COLNUMBER, DATATYPE, DATASIZE, DATASCALE, UNIQUEVALUE, NULLABLE, INDEXES, DESCRIPTION, DATAID, RELEASEID, UNIQUEKEY, INCLUDESQL, COLTYPE, FOLLOWJOHN ) values ( 'DC_E_AFG:((13)):DC_E_AFG_BOOTSTRAP_FUNC:DAY', 'bootUseTotReq_delta', 42, 'numeric', 20, 0, 255, 1, '', 'Total number of Zn requests for bootstrapping usage procedure.', 'bootUseTotReq.delta', 'DC_E_AFG:((13))', 0, 1, 'COUNTER', null );
insert into Measurementcolumn ( MTABLEID, DATANAME, COLNUMBER, DATATYPE, DATASIZE, DATASCALE, UNIQUEVALUE, NULLABLE, INDEXES, DESCRIPTION, DATAID, RELEASEID, UNIQUEKEY, INCLUDESQL, COLTYPE, FOLLOWJOHN ) values ( 'DC_E_AFG:((13)):DC_E_AFG_BOOTSTRAP_FUNC:DAY', 'bsfGbaAkaSubCntActSubCount_actual', 43, 'numeric', 24, 4, 255, 1, '', 'Number of active subscribers currently using the BSF-GBA VP', 'bsfGbaAkaSubCntActSubCount.actual', 'DC_E_AFG:((13))', 0, 1, 'COUNTER', null );
insert into Measurementcolumn ( MTABLEID, DATANAME, COLNUMBER, DATATYPE, DATASIZE, DATASCALE, UNIQUEVALUE, NULLABLE, INDEXES, DESCRIPTION, DATAID, RELEASEID, UNIQUEKEY, INCLUDESQL, COLTYPE, FOLLOWJOHN ) values ( 'DC_E_AFG:((13)):DC_E_AFG_BOOTSTRAP_FUNC:DAY', 'bsfGbaAkaSubCntActSubCount_max', 45, 'numeric', 24, 4, 255, 1, '', 'Number of active subscribers currently using the BSF-GBA VP', 'bsfGbaAkaSubCntActSubCount.max', 'DC_E_AFG:((13))', 0, 1, 'COUNTER', null );
insert into Measurementcolumn ( MTABLEID, DATANAME, COLNUMBER, DATATYPE, DATASIZE, DATASCALE, UNIQUEVALUE, NULLABLE, INDEXES, DESCRIPTION, DATAID, RELEASEID, UNIQUEKEY, INCLUDESQL, COLTYPE, FOLLOWJOHN ) values ( 'DC_E_AFG:((13)):DC_E_AFG_BOOTSTRAP_FUNC:DAY', 'bsfGbaAkaSubCntActSubCount_min', 44, 'numeric', 24, 4, 255, 1, '', 'Number of active subscribers currently using the BSF-GBA VP', 'bsfGbaAkaSubCntActSubCount.min', 'DC_E_AFG:((13))', 0, 1, 'COUNTER', null );
insert into Measurementcolumn ( MTABLEID, DATANAME, COLNUMBER, DATATYPE, DATASIZE, DATASCALE, UNIQUEVALUE, NULLABLE, INDEXES, DESCRIPTION, DATAID, RELEASEID, UNIQUEKEY, INCLUDESQL, COLTYPE, FOLLOWJOHN ) values ( 'DC_E_AFG:((13)):DC_E_AFG_BOOTSTRAP_FUNC:DAY', 'bsfGbaAkaSubCntMaxNafCount_actual', 46, 'numeric', 20, 0, 255, 1, '', 'Maximum number of active subscribers allowed to use the GBA IoT E-Server SDK VP according to the license available', 'bsfGbaAkaSubCntMaxNafCount.actual', 'DC_E_AFG:((13))', 0, 1, 'COUNTER', null );
insert into Measurementcolumn ( MTABLEID, DATANAME, COLNUMBER, DATATYPE, DATASIZE, DATASCALE, UNIQUEVALUE, NULLABLE, INDEXES, DESCRIPTION, DATAID, RELEASEID, UNIQUEKEY, INCLUDESQL, COLTYPE, FOLLOWJOHN ) values ( 'DC_E_AFG:((13)):DC_E_AFG_BOOTSTRAP_FUNC:DAY', 'bsfGbaAkaSubCntMaxNafCount_delta', 47, 'numeric', 20, 0, 255, 1, '', 'Maximum number of active subscribers allowed to use the GBA IoT E-Server SDK VP according to the license available', 'bsfGbaAkaSubCntMaxNafCount.delta', 'DC_E_AFG:((13))', 0, 1, 'COUNTER', null );
insert into Measurementcolumn ( MTABLEID, DATANAME, COLNUMBER, DATATYPE, DATASIZE, DATASCALE, UNIQUEVALUE, NULLABLE, INDEXES, DESCRIPTION, DATAID, RELEASEID, UNIQUEKEY, INCLUDESQL, COLTYPE, FOLLOWJOHN ) values ( 'DC_E_AFG:((13)):DC_E_AFG_BOOTSTRAP_FUNC:DAY', 'bsfGbaAkaSubCntMaxSubCount_actual', 48, 'numeric', 20, 0, 255, 1, '', 'Maximum number of active subscribers allowed to use the BSF-GBA VP according to the license available', 'bsfGbaAkaSubCntMaxSubCount.actual', 'DC_E_AFG:((13))', 0, 1, 'COUNTER', null );
insert into Measurementcolumn ( MTABLEID, DATANAME, COLNUMBER, DATATYPE, DATASIZE, DATASCALE, UNIQUEVALUE, NULLABLE, INDEXES, DESCRIPTION, DATAID, RELEASEID, UNIQUEKEY, INCLUDESQL, COLTYPE, FOLLOWJOHN ) values ( 'DC_E_AFG:((13)):DC_E_AFG_BOOTSTRAP_FUNC:DAY', 'bsfGbaAkaSubCntMaxSubCount_delta', 49, 'numeric', 20, 0, 255, 1, '', 'Maximum number of active subscribers allowed to use the BSF-GBA VP according to the license available', 'bsfGbaAkaSubCntMaxSubCount.delta', 'DC_E_AFG:((13))', 0, 1, 'COUNTER', null );
insert into Measurementcolumn ( MTABLEID, DATANAME, COLNUMBER, DATATYPE, DATASIZE, DATASCALE, UNIQUEVALUE, NULLABLE, INDEXES, DESCRIPTION, DATAID, RELEASEID, UNIQUEKEY, INCLUDESQL, COLTYPE, FOLLOWJOHN ) values ( 'DC_E_AFG:((13)):DC_E_AFG_BOOTSTRAP_FUNC:DAYBH', 'BATCH_ID', 13, 'smallint', 0, 0, 255, 1, '', '', 'BATCH_ID', 'BASE_TP_090421', 0, 0, 'PUBLICKEY', null );
insert into Measurementcolumn ( MTABLEID, DATANAME, COLNUMBER, DATATYPE, DATASIZE, DATASCALE, UNIQUEVALUE, NULLABLE, INDEXES, DESCRIPTION, DATAID, RELEASEID, UNIQUEKEY, INCLUDESQL, COLTYPE, FOLLOWJOHN ) values ( 'DC_E_AFG:((13)):DC_E_AFG_BOOTSTRAP_FUNC:DAYBH', 'BHCLASS', 10, 'smallint', 0, 0, 10, 1, 'LF', '', 'BHCLASS', 'BASE_TP_090421', 0, 1, 'PUBLICKEY', null );
insert into Measurementcolumn ( MTABLEID, DATANAME, COLNUMBER, DATATYPE, DATASIZE, DATASCALE, UNIQUEVALUE, NULLABLE, INDEXES, DESCRIPTION, DATAID, RELEASEID, UNIQUEKEY, INCLUDESQL, COLTYPE, FOLLOWJOHN ) values ( 'DC_E_AFG:((13)):DC_E_AFG_BOOTSTRAP_FUNC:DAYBH', 'BHTYPE', 8, 'varchar', 50, 0, 20, 1, 'LF', '', 'BHTYPE', 'BASE_TP_090421', 1, 1, 'PUBLICKEY', null );
insert into Measurementcolumn ( MTABLEID, DATANAME, COLNUMBER, DATATYPE, DATASIZE, DATASCALE, UNIQUEVALUE, NULLABLE, INDEXES, DESCRIPTION, DATAID, RELEASEID, UNIQUEKEY, INCLUDESQL, COLTYPE, FOLLOWJOHN ) values ( 'DC_E_AFG:((13)):DC_E_AFG_BOOTSTRAP_FUNC:DAYBH', 'BH_ID', 20, 'unsigned int', 0, 0, 255, 1, '', '', 'BH_ID', 'BASE_TP_20100318', 0, 0, 'PUBLICKEY', null );
insert into Measurementcolumn ( MTABLEID, DATANAME, COLNUMBER, DATATYPE, DATASIZE, DATASCALE, UNIQUEVALUE, NULLABLE, INDEXES, DESCRIPTION, DATAID, RELEASEID, UNIQUEKEY, INCLUDESQL, COLTYPE, FOLLOWJOHN ) values ( 'DC_E_AFG:((13)):DC_E_AFG_BOOTSTRAP_FUNC:DAYBH', 'BUSYHOUR', 9, 'tinyint', 0, 0, 24, 1, 'LF', '', 'BUSYHOUR', 'BASE_TP_090421', 0, 1, 'PUBLICKEY', null );
insert into Measurementcolumn ( MTABLEID, DATANAME, COLNUMBER, DATATYPE, DATASIZE, DATASCALE, UNIQUEVALUE, NULLABLE, INDEXES, DESCRIPTION, DATAID, RELEASEID, UNIQUEKEY, INCLUDESQL, COLTYPE, FOLLOWJOHN ) values ( 'DC_E_AFG:((13)):DC_E_AFG_BOOTSTRAP_FUNC:DAYBH', 'DATE_ID', 3, 'date', 0, 0, 255, 1, 'LF', '', 'DATE_ID', 'BASE_TP_090421', 1, 1, 'PUBLICKEY', null );
insert into Measurementcolumn ( MTABLEID, DATANAME, COLNUMBER, DATATYPE, DATASIZE, DATASCALE, UNIQUEVALUE, NULLABLE, INDEXES, DESCRIPTION, DATAID, RELEASEID, UNIQUEKEY, INCLUDESQL, COLTYPE, FOLLOWJOHN ) values ( 'DC_E_AFG:((13)):DC_E_AFG_BOOTSTRAP_FUNC:DAYBH', 'DAY_ID', 6, 'tinyint', 0, 0, 31, 1, 'LF', '', 'DAY_ID', 'BASE_TP_090421', 0, 0, 'PUBLICKEY', null );
insert into Measurementcolumn ( MTABLEID, DATANAME, COLNUMBER, DATATYPE, DATASIZE, DATASCALE, UNIQUEVALUE, NULLABLE, INDEXES, DESCRIPTION, DATAID, RELEASEID, UNIQUEKEY, INCLUDESQL, COLTYPE, FOLLOWJOHN ) values ( 'DC_E_AFG:((13)):DC_E_AFG_BOOTSTRAP_FUNC:DAYBH', 'DC_RELEASE', 16, 'varchar', 16, 0, 2, 1, 'LF', '', 'DC_RELEASE', 'BASE_TP_090421', 0, 1, 'PUBLICKEY', null );
insert into Measurementcolumn ( MTABLEID, DATANAME, COLNUMBER, DATATYPE, DATASIZE, DATASCALE, UNIQUEVALUE, NULLABLE, INDEXES, DESCRIPTION, DATAID, RELEASEID, UNIQUEKEY, INCLUDESQL, COLTYPE, FOLLOWJOHN ) values ( 'DC_E_AFG:((13)):DC_E_AFG_BOOTSTRAP_FUNC:DAYBH', 'DC_SOURCE', 17, 'varchar', 16, 0, 2, 1, 'LF', '', 'DC_SOURCE', 'BASE_TP_090421', 0, 1, 'PUBLICKEY', null );
insert into Measurementcolumn ( MTABLEID, DATANAME, COLNUMBER, DATATYPE, DATASIZE, DATASCALE, UNIQUEVALUE, NULLABLE, INDEXES, DESCRIPTION, DATAID, RELEASEID, UNIQUEKEY, INCLUDESQL, COLTYPE, FOLLOWJOHN ) values ( 'DC_E_AFG:((13)):DC_E_AFG_BOOTSTRAP_FUNC:DAYBH', 'DC_SUSPECTFLAG', 19, 'int', 0, 0, 2, 1, 'LF', '', 'DC_SUSPECTFLAG', 'BASE_TP_090421', 0, 1, 'PUBLICKEY', null );
insert into Measurementcolumn ( MTABLEID, DATANAME, COLNUMBER, DATATYPE, DATASIZE, DATASCALE, UNIQUEVALUE, NULLABLE, INDEXES, DESCRIPTION, DATAID, RELEASEID, UNIQUEKEY, INCLUDESQL, COLTYPE, FOLLOWJOHN ) values ( 'DC_E_AFG:((13)):DC_E_AFG_BOOTSTRAP_FUNC:DAYBH', 'DC_TIMEZONE', 18, 'varchar', 16, 0, 2, 1, 'LF', '', 'DC_TIMEZONE', 'BASE_TP_090421', 0, 1, 'PUBLICKEY', null );
insert into Measurementcolumn ( MTABLEID, DATANAME, COLNUMBER, DATATYPE, DATASIZE, DATASCALE, UNIQUEVALUE, NULLABLE, INDEXES, DESCRIPTION, DATAID, RELEASEID, UNIQUEKEY, INCLUDESQL, COLTYPE, FOLLOWJOHN ) values ( 'DC_E_AFG:((13)):DC_E_AFG_BOOTSTRAP_FUNC:DAYBH', 'MIN_ID', 7, 'tinyint', 0, 0, 60, 1, 'LF', '', 'MIN_ID', 'BASE_TP_090421', 1, 1, 'PUBLICKEY', null );
insert into Measurementcolumn ( MTABLEID, DATANAME, COLNUMBER, DATATYPE, DATASIZE, DATASCALE, UNIQUEVALUE, NULLABLE, INDEXES, DESCRIPTION, DATAID, RELEASEID, UNIQUEKEY, INCLUDESQL, COLTYPE, FOLLOWJOHN ) values ( 'DC_E_AFG:((13)):DC_E_AFG_BOOTSTRAP_FUNC:DAYBH', 'MONTH_ID', 5, 'tinyint', 0, 0, 12, 1, 'LF', '', 'MONTH_ID', 'BASE_TP_090421', 0, 0, 'PUBLICKEY', null );
insert into Measurementcolumn ( MTABLEID, DATANAME, COLNUMBER, DATATYPE, DATASIZE, DATASCALE, UNIQUEVALUE, NULLABLE, INDEXES, DESCRIPTION, DATAID, RELEASEID, UNIQUEKEY, INCLUDESQL, COLTYPE, FOLLOWJOHN ) values ( 'DC_E_AFG:((13)):DC_E_AFG_BOOTSTRAP_FUNC:DAYBH', 'NODE_NAME', 2, 'varchar', 50, 0, 255, 1, 'HG', 'Node Name', 'NODE_NAME', 'DC_E_AFG:((13))', 1, 1, 'KEY', null );
insert into Measurementcolumn ( MTABLEID, DATANAME, COLNUMBER, DATATYPE, DATASIZE, DATASCALE, UNIQUEVALUE, NULLABLE, INDEXES, DESCRIPTION, DATAID, RELEASEID, UNIQUEKEY, INCLUDESQL, COLTYPE, FOLLOWJOHN ) values ( 'DC_E_AFG:((13)):DC_E_AFG_BOOTSTRAP_FUNC:DAYBH', 'OFFSET', 21, 'unsigned int', 0, 0, 255, 1, '', '', 'OFFSET', 'BASE_TP_20100318', 0, 0, 'PUBLICKEY', null );
insert into Measurementcolumn ( MTABLEID, DATANAME, COLNUMBER, DATATYPE, DATASIZE, DATASCALE, UNIQUEVALUE, NULLABLE, INDEXES, DESCRIPTION, DATAID, RELEASEID, UNIQUEKEY, INCLUDESQL, COLTYPE, FOLLOWJOHN ) values ( 'DC_E_AFG:((13)):DC_E_AFG_BOOTSTRAP_FUNC:DAYBH', 'OSS_ID', 1, 'varchar', 50, 0, 255, 1, 'HG', 'OSS Id', 'OSS_ID', 'DC_E_AFG:((13))', 1, 1, 'KEY', null );
insert into Measurementcolumn ( MTABLEID, DATANAME, COLNUMBER, DATATYPE, DATASIZE, DATASCALE, UNIQUEVALUE, NULLABLE, INDEXES, DESCRIPTION, DATAID, RELEASEID, UNIQUEKEY, INCLUDESQL, COLTYPE, FOLLOWJOHN ) values ( 'DC_E_AFG:((13)):DC_E_AFG_BOOTSTRAP_FUNC:DAYBH', 'PERIOD_DURATION', 14, 'unsigned int', 0, 0, 10, 1, '', '', 'PERIOD_DURATION', 'BASE_TP_090421', 0, 1, 'PUBLICKEY', null );
insert into Measurementcolumn ( MTABLEID, DATANAME, COLNUMBER, DATATYPE, DATASIZE, DATASCALE, UNIQUEVALUE, NULLABLE, INDEXES, DESCRIPTION, DATAID, RELEASEID, UNIQUEKEY, INCLUDESQL, COLTYPE, FOLLOWJOHN ) values ( 'DC_E_AFG:((13)):DC_E_AFG_BOOTSTRAP_FUNC:DAYBH', 'ROWSTATUS', 15, 'varchar', 16, 0, 10, 1, '', '', 'ROWSTATUS', 'BASE_TP_090421', 0, 1, 'PUBLICKEY', null );
insert into Measurementcolumn ( MTABLEID, DATANAME, COLNUMBER, DATATYPE, DATASIZE, DATASCALE, UNIQUEVALUE, NULLABLE, INDEXES, DESCRIPTION, DATAID, RELEASEID, UNIQUEKEY, INCLUDESQL, COLTYPE, FOLLOWJOHN ) values ( 'DC_E_AFG:((13)):DC_E_AFG_BOOTSTRAP_FUNC:DAYBH', 'SESSION_ID', 12, 'unsigned int', 0, 0, 255, 1, '', '', 'SESSION_ID', 'BASE_TP_090421', 0, 0, 'PUBLICKEY', null );
insert into Measurementcolumn ( MTABLEID, DATANAME, COLNUMBER, DATATYPE, DATASIZE, DATASCALE, UNIQUEVALUE, NULLABLE, INDEXES, DESCRIPTION, DATAID, RELEASEID, UNIQUEKEY, INCLUDESQL, COLTYPE, FOLLOWJOHN ) values ( 'DC_E_AFG:((13)):DC_E_AFG_BOOTSTRAP_FUNC:DAYBH', 'TIMELEVEL', 11, 'varchar', 10, 0, 10, 1, 'LF', '', 'TIMELEVEL', 'BASE_TP_090421', 0, 0, 'PUBLICKEY', null );
insert into Measurementcolumn ( MTABLEID, DATANAME, COLNUMBER, DATATYPE, DATASIZE, DATASCALE, UNIQUEVALUE, NULLABLE, INDEXES, DESCRIPTION, DATAID, RELEASEID, UNIQUEKEY, INCLUDESQL, COLTYPE, FOLLOWJOHN ) values ( 'DC_E_AFG:((13)):DC_E_AFG_BOOTSTRAP_FUNC:DAYBH', 'YEAR_ID', 4, 'smallint', 0, 0, 20, 1, 'LF', '', 'YEAR_ID', 'BASE_TP_090421', 0, 0, 'PUBLICKEY', null );
insert into Measurementcolumn ( MTABLEID, DATANAME, COLNUMBER, DATATYPE, DATASIZE, DATASCALE, UNIQUEVALUE, NULLABLE, INDEXES, DESCRIPTION, DATAID, RELEASEID, UNIQUEKEY, INCLUDESQL, COLTYPE, FOLLOWJOHN ) values ( 'DC_E_AFG:((13)):DC_E_AFG_BOOTSTRAP_FUNC:DAYBH', 'bootAuthFail_actual', 22, 'numeric', 20, 0, 255, 1, '', 'Total number of failed Ub requests for bootstrapping procedure.', 'bootAuthFail.actual', 'DC_E_AFG:((13))', 0, 1, 'COUNTER', null );
insert into Measurementcolumn ( MTABLEID, DATANAME, COLNUMBER, DATATYPE, DATASIZE, DATASCALE, UNIQUEVALUE, NULLABLE, INDEXES, DESCRIPTION, DATAID, RELEASEID, UNIQUEKEY, INCLUDESQL, COLTYPE, FOLLOWJOHN ) values ( 'DC_E_AFG:((13)):DC_E_AFG_BOOTSTRAP_FUNC:DAYBH', 'bootAuthFail_delta', 23, 'numeric', 20, 0, 255, 1, '', 'Total number of failed Ub requests for bootstrapping procedure.', 'bootAuthFail.delta', 'DC_E_AFG:((13))', 0, 1, 'COUNTER', null );
insert into Measurementcolumn ( MTABLEID, DATANAME, COLNUMBER, DATATYPE, DATASIZE, DATASCALE, UNIQUEVALUE, NULLABLE, INDEXES, DESCRIPTION, DATAID, RELEASEID, UNIQUEKEY, INCLUDESQL, COLTYPE, FOLLOWJOHN ) values ( 'DC_E_AFG:((13)):DC_E_AFG_BOOTSTRAP_FUNC:DAYBH', 'bootAuthGBADIGESTFail_actual', 24, 'numeric', 20, 0, 255, 1, '', 'Number of failed GBA_Digest authentications.', 'bootAuthGBADIGESTFail.actual', 'DC_E_AFG:((13))', 0, 1, 'COUNTER', null );
insert into Measurementcolumn ( MTABLEID, DATANAME, COLNUMBER, DATATYPE, DATASIZE, DATASCALE, UNIQUEVALUE, NULLABLE, INDEXES, DESCRIPTION, DATAID, RELEASEID, UNIQUEKEY, INCLUDESQL, COLTYPE, FOLLOWJOHN ) values ( 'DC_E_AFG:((13)):DC_E_AFG_BOOTSTRAP_FUNC:DAYBH', 'bootAuthGBADIGESTFail_delta', 25, 'numeric', 20, 0, 255, 1, '', 'Number of failed GBA_Digest authentications.', 'bootAuthGBADIGESTFail.delta', 'DC_E_AFG:((13))', 0, 1, 'COUNTER', null );
insert into Measurementcolumn ( MTABLEID, DATANAME, COLNUMBER, DATATYPE, DATASIZE, DATASCALE, UNIQUEVALUE, NULLABLE, INDEXES, DESCRIPTION, DATAID, RELEASEID, UNIQUEKEY, INCLUDESQL, COLTYPE, FOLLOWJOHN ) values ( 'DC_E_AFG:((13)):DC_E_AFG_BOOTSTRAP_FUNC:DAYBH', 'bootAuthGBADIGESTSucc_actual', 26, 'numeric', 20, 0, 255, 1, '', 'Number of successful GBA_Digest authentications.', 'bootAuthGBADIGESTSucc.actual', 'DC_E_AFG:((13))', 0, 1, 'COUNTER', null );
insert into Measurementcolumn ( MTABLEID, DATANAME, COLNUMBER, DATATYPE, DATASIZE, DATASCALE, UNIQUEVALUE, NULLABLE, INDEXES, DESCRIPTION, DATAID, RELEASEID, UNIQUEKEY, INCLUDESQL, COLTYPE, FOLLOWJOHN ) values ( 'DC_E_AFG:((13)):DC_E_AFG_BOOTSTRAP_FUNC:DAYBH', 'bootAuthGBADIGESTSucc_delta', 27, 'numeric', 20, 0, 255, 1, '', 'Number of successful GBA_Digest authentications.', 'bootAuthGBADIGESTSucc.delta', 'DC_E_AFG:((13))', 0, 1, 'COUNTER', null );
insert into Measurementcolumn ( MTABLEID, DATANAME, COLNUMBER, DATATYPE, DATASIZE, DATASCALE, UNIQUEVALUE, NULLABLE, INDEXES, DESCRIPTION, DATAID, RELEASEID, UNIQUEKEY, INCLUDESQL, COLTYPE, FOLLOWJOHN ) values ( 'DC_E_AFG:((13)):DC_E_AFG_BOOTSTRAP_FUNC:DAYBH', 'bootAuthGBAMEFail_actual', 28, 'numeric', 20, 0, 255, 1, '', 'Number of failed GBA_ME authentications.', 'bootAuthGBAMEFail.actual', 'DC_E_AFG:((13))', 0, 1, 'COUNTER', null );
insert into Measurementcolumn ( MTABLEID, DATANAME, COLNUMBER, DATATYPE, DATASIZE, DATASCALE, UNIQUEVALUE, NULLABLE, INDEXES, DESCRIPTION, DATAID, RELEASEID, UNIQUEKEY, INCLUDESQL, COLTYPE, FOLLOWJOHN ) values ( 'DC_E_AFG:((13)):DC_E_AFG_BOOTSTRAP_FUNC:DAYBH', 'bootAuthGBAMEFail_delta', 29, 'numeric', 20, 0, 255, 1, '', 'Number of failed GBA_ME authentications.', 'bootAuthGBAMEFail.delta', 'DC_E_AFG:((13))', 0, 1, 'COUNTER', null );
insert into Measurementcolumn ( MTABLEID, DATANAME, COLNUMBER, DATATYPE, DATASIZE, DATASCALE, UNIQUEVALUE, NULLABLE, INDEXES, DESCRIPTION, DATAID, RELEASEID, UNIQUEKEY, INCLUDESQL, COLTYPE, FOLLOWJOHN ) values ( 'DC_E_AFG:((13)):DC_E_AFG_BOOTSTRAP_FUNC:DAYBH', 'bootAuthGBAMESucc_actual', 30, 'numeric', 20, 0, 255, 1, '', 'Number of successful GBA_ME authentications.', 'bootAuthGBAMESucc.actual', 'DC_E_AFG:((13))', 0, 1, 'COUNTER', null );
insert into Measurementcolumn ( MTABLEID, DATANAME, COLNUMBER, DATATYPE, DATASIZE, DATASCALE, UNIQUEVALUE, NULLABLE, INDEXES, DESCRIPTION, DATAID, RELEASEID, UNIQUEKEY, INCLUDESQL, COLTYPE, FOLLOWJOHN ) values ( 'DC_E_AFG:((13)):DC_E_AFG_BOOTSTRAP_FUNC:DAYBH', 'bootAuthGBAMESucc_delta', 31, 'numeric', 20, 0, 255, 1, '', 'Number of successful GBA_ME authentications.', 'bootAuthGBAMESucc.delta', 'DC_E_AFG:((13))', 0, 1, 'COUNTER', null );
insert into Measurementcolumn ( MTABLEID, DATANAME, COLNUMBER, DATATYPE, DATASIZE, DATASCALE, UNIQUEVALUE, NULLABLE, INDEXES, DESCRIPTION, DATAID, RELEASEID, UNIQUEKEY, INCLUDESQL, COLTYPE, FOLLOWJOHN ) values ( 'DC_E_AFG:((13)):DC_E_AFG_BOOTSTRAP_FUNC:DAYBH', 'bootAuthGBAUFail_actual', 32, 'numeric', 20, 0, 255, 1, '', 'Number of failed GBA_U authentications.', 'bootAuthGBAUFail.actual', 'DC_E_AFG:((13))', 0, 1, 'COUNTER', null );
insert into Measurementcolumn ( MTABLEID, DATANAME, COLNUMBER, DATATYPE, DATASIZE, DATASCALE, UNIQUEVALUE, NULLABLE, INDEXES, DESCRIPTION, DATAID, RELEASEID, UNIQUEKEY, INCLUDESQL, COLTYPE, FOLLOWJOHN ) values ( 'DC_E_AFG:((13)):DC_E_AFG_BOOTSTRAP_FUNC:DAYBH', 'bootAuthGBAUFail_delta', 33, 'numeric', 20, 0, 255, 1, '', 'Number of failed GBA_U authentications.', 'bootAuthGBAUFail.delta', 'DC_E_AFG:((13))', 0, 1, 'COUNTER', null );
insert into Measurementcolumn ( MTABLEID, DATANAME, COLNUMBER, DATATYPE, DATASIZE, DATASCALE, UNIQUEVALUE, NULLABLE, INDEXES, DESCRIPTION, DATAID, RELEASEID, UNIQUEKEY, INCLUDESQL, COLTYPE, FOLLOWJOHN ) values ( 'DC_E_AFG:((13)):DC_E_AFG_BOOTSTRAP_FUNC:DAYBH', 'bootAuthGBAUSucc_actual', 34, 'numeric', 20, 0, 255, 1, '', 'Number of successful GBA_U authentications.', 'bootAuthGBAUSucc.actual', 'DC_E_AFG:((13))', 0, 1, 'COUNTER', null );
insert into Measurementcolumn ( MTABLEID, DATANAME, COLNUMBER, DATATYPE, DATASIZE, DATASCALE, UNIQUEVALUE, NULLABLE, INDEXES, DESCRIPTION, DATAID, RELEASEID, UNIQUEKEY, INCLUDESQL, COLTYPE, FOLLOWJOHN ) values ( 'DC_E_AFG:((13)):DC_E_AFG_BOOTSTRAP_FUNC:DAYBH', 'bootAuthGBAUSucc_delta', 35, 'numeric', 20, 0, 255, 1, '', 'Number of successful GBA_U authentications.', 'bootAuthGBAUSucc.delta', 'DC_E_AFG:((13))', 0, 1, 'COUNTER', null );
insert into Measurementcolumn ( MTABLEID, DATANAME, COLNUMBER, DATATYPE, DATASIZE, DATASCALE, UNIQUEVALUE, NULLABLE, INDEXES, DESCRIPTION, DATAID, RELEASEID, UNIQUEKEY, INCLUDESQL, COLTYPE, FOLLOWJOHN ) values ( 'DC_E_AFG:((13)):DC_E_AFG_BOOTSTRAP_FUNC:DAYBH', 'bootAuthReqTot_actual', 36, 'numeric', 20, 0, 255, 1, '', 'Total number of Ub requests for bootstrapping procedure.', 'bootAuthReqTot.actual', 'DC_E_AFG:((13))', 0, 1, 'COUNTER', null );
insert into Measurementcolumn ( MTABLEID, DATANAME, COLNUMBER, DATATYPE, DATASIZE, DATASCALE, UNIQUEVALUE, NULLABLE, INDEXES, DESCRIPTION, DATAID, RELEASEID, UNIQUEKEY, INCLUDESQL, COLTYPE, FOLLOWJOHN ) values ( 'DC_E_AFG:((13)):DC_E_AFG_BOOTSTRAP_FUNC:DAYBH', 'bootAuthReqTot_delta', 37, 'numeric', 20, 0, 255, 1, '', 'Total number of Ub requests for bootstrapping procedure.', 'bootAuthReqTot.delta', 'DC_E_AFG:((13))', 0, 1, 'COUNTER', null );
insert into Measurementcolumn ( MTABLEID, DATANAME, COLNUMBER, DATATYPE, DATASIZE, DATASCALE, UNIQUEVALUE, NULLABLE, INDEXES, DESCRIPTION, DATAID, RELEASEID, UNIQUEKEY, INCLUDESQL, COLTYPE, FOLLOWJOHN ) values ( 'DC_E_AFG:((13)):DC_E_AFG_BOOTSTRAP_FUNC:DAYBH', 'bootAuthSucc_actual', 38, 'numeric', 20, 0, 255, 1, '', 'Total number of successful Ub requests for bootstrapping procedure.', 'bootAuthSucc.actual', 'DC_E_AFG:((13))', 0, 1, 'COUNTER', null );
insert into Measurementcolumn ( MTABLEID, DATANAME, COLNUMBER, DATATYPE, DATASIZE, DATASCALE, UNIQUEVALUE, NULLABLE, INDEXES, DESCRIPTION, DATAID, RELEASEID, UNIQUEKEY, INCLUDESQL, COLTYPE, FOLLOWJOHN ) values ( 'DC_E_AFG:((13)):DC_E_AFG_BOOTSTRAP_FUNC:DAYBH', 'bootAuthSucc_delta', 39, 'numeric', 20, 0, 255, 1, '', 'Total number of successful Ub requests for bootstrapping procedure.', 'bootAuthSucc.delta', 'DC_E_AFG:((13))', 0, 1, 'COUNTER', null );
insert into Measurementcolumn ( MTABLEID, DATANAME, COLNUMBER, DATATYPE, DATASIZE, DATASCALE, UNIQUEVALUE, NULLABLE, INDEXES, DESCRIPTION, DATAID, RELEASEID, UNIQUEKEY, INCLUDESQL, COLTYPE, FOLLOWJOHN ) values ( 'DC_E_AFG:((13)):DC_E_AFG_BOOTSTRAP_FUNC:DAYBH', 'bootUseFailReq_actual', 40, 'numeric', 20, 0, 255, 1, '', 'Total number of failed Zn requests for bootstrapping usage procedure.', 'bootUseFailReq.actual', 'DC_E_AFG:((13))', 0, 1, 'COUNTER', null );
insert into Measurementcolumn ( MTABLEID, DATANAME, COLNUMBER, DATATYPE, DATASIZE, DATASCALE, UNIQUEVALUE, NULLABLE, INDEXES, DESCRIPTION, DATAID, RELEASEID, UNIQUEKEY, INCLUDESQL, COLTYPE, FOLLOWJOHN ) values ( 'DC_E_AFG:((13)):DC_E_AFG_BOOTSTRAP_FUNC:DAYBH', 'bootUseFailReq_delta', 41, 'numeric', 20, 0, 255, 1, '', 'Total number of failed Zn requests for bootstrapping usage procedure.', 'bootUseFailReq.delta', 'DC_E_AFG:((13))', 0, 1, 'COUNTER', null );
insert into Measurementcolumn ( MTABLEID, DATANAME, COLNUMBER, DATATYPE, DATASIZE, DATASCALE, UNIQUEVALUE, NULLABLE, INDEXES, DESCRIPTION, DATAID, RELEASEID, UNIQUEKEY, INCLUDESQL, COLTYPE, FOLLOWJOHN ) values ( 'DC_E_AFG:((13)):DC_E_AFG_BOOTSTRAP_FUNC:DAYBH', 'bootUseSucReq_actual', 42, 'numeric', 20, 0, 255, 1, '', 'Total number of successful Zn requests for bootstrapping usage procedure.', 'bootUseSucReq.actual', 'DC_E_AFG:((13))', 0, 1, 'COUNTER', null );
insert into Measurementcolumn ( MTABLEID, DATANAME, COLNUMBER, DATATYPE, DATASIZE, DATASCALE, UNIQUEVALUE, NULLABLE, INDEXES, DESCRIPTION, DATAID, RELEASEID, UNIQUEKEY, INCLUDESQL, COLTYPE, FOLLOWJOHN ) values ( 'DC_E_AFG:((13)):DC_E_AFG_BOOTSTRAP_FUNC:DAYBH', 'bootUseSucReq_delta', 43, 'numeric', 20, 0, 255, 1, '', 'Total number of successful Zn requests for bootstrapping usage procedure.', 'bootUseSucReq.delta', 'DC_E_AFG:((13))', 0, 1, 'COUNTER', null );
insert into Measurementcolumn ( MTABLEID, DATANAME, COLNUMBER, DATATYPE, DATASIZE, DATASCALE, UNIQUEVALUE, NULLABLE, INDEXES, DESCRIPTION, DATAID, RELEASEID, UNIQUEKEY, INCLUDESQL, COLTYPE, FOLLOWJOHN ) values ( 'DC_E_AFG:((13)):DC_E_AFG_BOOTSTRAP_FUNC:DAYBH', 'bootUseTotReq_actual', 44, 'numeric', 20, 0, 255, 1, '', 'Total number of Zn requests for bootstrapping usage procedure.', 'bootUseTotReq.actual', 'DC_E_AFG:((13))', 0, 1, 'COUNTER', null );
insert into Measurementcolumn ( MTABLEID, DATANAME, COLNUMBER, DATATYPE, DATASIZE, DATASCALE, UNIQUEVALUE, NULLABLE, INDEXES, DESCRIPTION, DATAID, RELEASEID, UNIQUEKEY, INCLUDESQL, COLTYPE, FOLLOWJOHN ) values ( 'DC_E_AFG:((13)):DC_E_AFG_BOOTSTRAP_FUNC:DAYBH', 'bootUseTotReq_delta', 45, 'numeric', 20, 0, 255, 1, '', 'Total number of Zn requests for bootstrapping usage procedure.', 'bootUseTotReq.delta', 'DC_E_AFG:((13))', 0, 1, 'COUNTER', null );
insert into Measurementcolumn ( MTABLEID, DATANAME, COLNUMBER, DATATYPE, DATASIZE, DATASCALE, UNIQUEVALUE, NULLABLE, INDEXES, DESCRIPTION, DATAID, RELEASEID, UNIQUEKEY, INCLUDESQL, COLTYPE, FOLLOWJOHN ) values ( 'DC_E_AFG:((13)):DC_E_AFG_BOOTSTRAP_FUNC:DAYBH', 'bsfGbaAkaSubCntActSubCount_actual', 46, 'numeric', 24, 4, 255, 1, '', 'Number of active subscribers currently using the BSF-GBA VP', 'bsfGbaAkaSubCntActSubCount.actual', 'DC_E_AFG:((13))', 0, 1, 'COUNTER', null );
insert into Measurementcolumn ( MTABLEID, DATANAME, COLNUMBER, DATATYPE, DATASIZE, DATASCALE, UNIQUEVALUE, NULLABLE, INDEXES, DESCRIPTION, DATAID, RELEASEID, UNIQUEKEY, INCLUDESQL, COLTYPE, FOLLOWJOHN ) values ( 'DC_E_AFG:((13)):DC_E_AFG_BOOTSTRAP_FUNC:DAYBH', 'bsfGbaAkaSubCntActSubCount_max', 48, 'numeric', 24, 4, 255, 1, '', 'Number of active subscribers currently using the BSF-GBA VP', 'bsfGbaAkaSubCntActSubCount.max', 'DC_E_AFG:((13))', 0, 1, 'COUNTER', null );
insert into Measurementcolumn ( MTABLEID, DATANAME, COLNUMBER, DATATYPE, DATASIZE, DATASCALE, UNIQUEVALUE, NULLABLE, INDEXES, DESCRIPTION, DATAID, RELEASEID, UNIQUEKEY, INCLUDESQL, COLTYPE, FOLLOWJOHN ) values ( 'DC_E_AFG:((13)):DC_E_AFG_BOOTSTRAP_FUNC:DAYBH', 'bsfGbaAkaSubCntActSubCount_min', 47, 'numeric', 24, 4, 255, 1, '', 'Number of active subscribers currently using the BSF-GBA VP', 'bsfGbaAkaSubCntActSubCount.min', 'DC_E_AFG:((13))', 0, 1, 'COUNTER', null );
insert into Measurementcolumn ( MTABLEID, DATANAME, COLNUMBER, DATATYPE, DATASIZE, DATASCALE, UNIQUEVALUE, NULLABLE, INDEXES, DESCRIPTION, DATAID, RELEASEID, UNIQUEKEY, INCLUDESQL, COLTYPE, FOLLOWJOHN ) values ( 'DC_E_AFG:((13)):DC_E_AFG_BOOTSTRAP_FUNC:DAYBH', 'bsfGbaAkaSubCntMaxNafCount_actual', 49, 'numeric', 20, 0, 255, 1, '', 'Maximum number of active subscribers allowed to use the GBA IoT E-Server SDK VP according to the license available', 'bsfGbaAkaSubCntMaxNafCount.actual', 'DC_E_AFG:((13))', 0, 1, 'COUNTER', null );
insert into Measurementcolumn ( MTABLEID, DATANAME, COLNUMBER, DATATYPE, DATASIZE, DATASCALE, UNIQUEVALUE, NULLABLE, INDEXES, DESCRIPTION, DATAID, RELEASEID, UNIQUEKEY, INCLUDESQL, COLTYPE, FOLLOWJOHN ) values ( 'DC_E_AFG:((13)):DC_E_AFG_BOOTSTRAP_FUNC:DAYBH', 'bsfGbaAkaSubCntMaxNafCount_delta', 50, 'numeric', 20, 0, 255, 1, '', 'Maximum number of active subscribers allowed to use the GBA IoT E-Server SDK VP according to the license available', 'bsfGbaAkaSubCntMaxNafCount.delta', 'DC_E_AFG:((13))', 0, 1, 'COUNTER', null );
insert into Measurementcolumn ( MTABLEID, DATANAME, COLNUMBER, DATATYPE, DATASIZE, DATASCALE, UNIQUEVALUE, NULLABLE, INDEXES, DESCRIPTION, DATAID, RELEASEID, UNIQUEKEY, INCLUDESQL, COLTYPE, FOLLOWJOHN ) values ( 'DC_E_AFG:((13)):DC_E_AFG_BOOTSTRAP_FUNC:DAYBH', 'bsfGbaAkaSubCntMaxSubCount_actual', 51, 'numeric', 20, 0, 255, 1, '', 'Maximum number of active subscribers allowed to use the BSF-GBA VP according to the license available', 'bsfGbaAkaSubCntMaxSubCount.actual', 'DC_E_AFG:((13))', 0, 1, 'COUNTER', null );
insert into Measurementcolumn ( MTABLEID, DATANAME, COLNUMBER, DATATYPE, DATASIZE, DATASCALE, UNIQUEVALUE, NULLABLE, INDEXES, DESCRIPTION, DATAID, RELEASEID, UNIQUEKEY, INCLUDESQL, COLTYPE, FOLLOWJOHN ) values ( 'DC_E_AFG:((13)):DC_E_AFG_BOOTSTRAP_FUNC:DAYBH', 'bsfGbaAkaSubCntMaxSubCount_delta', 52, 'numeric', 20, 0, 255, 1, '', 'Maximum number of active subscribers allowed to use the BSF-GBA VP according to the license available', 'bsfGbaAkaSubCntMaxSubCount.delta', 'DC_E_AFG:((13))', 0, 1, 'COUNTER', null );
insert into Measurementcolumn ( MTABLEID, DATANAME, COLNUMBER, DATATYPE, DATASIZE, DATASCALE, UNIQUEVALUE, NULLABLE, INDEXES, DESCRIPTION, DATAID, RELEASEID, UNIQUEKEY, INCLUDESQL, COLTYPE, FOLLOWJOHN ) values ( 'DC_E_AFG:((13)):DC_E_AFG_BOOTSTRAP_FUNC:RAW', 'BATCH_ID', 12, 'smallint', 0, 0, 255, 1, '', '', 'BATCH_ID', 'BASE_TP_090421', 0, 0, 'PUBLICKEY', null );
insert into Measurementcolumn ( MTABLEID, DATANAME, COLNUMBER, DATATYPE, DATASIZE, DATASCALE, UNIQUEVALUE, NULLABLE, INDEXES, DESCRIPTION, DATAID, RELEASEID, UNIQUEKEY, INCLUDESQL, COLTYPE, FOLLOWJOHN ) values ( 'DC_E_AFG:((13)):DC_E_AFG_BOOTSTRAP_FUNC:RAW', 'DATETIME_ID', 8, 'datetime', 0, 0, 255, 1, 'HG', '', 'DATETIME_ID', 'BASE_TP_090421', 1, 1, 'PUBLICKEY', null );
insert into Measurementcolumn ( MTABLEID, DATANAME, COLNUMBER, DATATYPE, DATASIZE, DATASCALE, UNIQUEVALUE, NULLABLE, INDEXES, DESCRIPTION, DATAID, RELEASEID, UNIQUEKEY, INCLUDESQL, COLTYPE, FOLLOWJOHN ) values ( 'DC_E_AFG:((13)):DC_E_AFG_BOOTSTRAP_FUNC:RAW', 'DATE_ID', 3, 'date', 0, 0, 255, 1, 'LF', '', 'DATE_ID', 'BASE_TP_090421', 0, 0, 'PUBLICKEY', null );
insert into Measurementcolumn ( MTABLEID, DATANAME, COLNUMBER, DATATYPE, DATASIZE, DATASCALE, UNIQUEVALUE, NULLABLE, INDEXES, DESCRIPTION, DATAID, RELEASEID, UNIQUEKEY, INCLUDESQL, COLTYPE, FOLLOWJOHN ) values ( 'DC_E_AFG:((13)):DC_E_AFG_BOOTSTRAP_FUNC:RAW', 'DAY_ID', 6, 'tinyint', 0, 0, 31, 1, 'LF', '', 'DAY_ID', 'BASE_TP_090421', 0, 0, 'PUBLICKEY', null );
insert into Measurementcolumn ( MTABLEID, DATANAME, COLNUMBER, DATATYPE, DATASIZE, DATASCALE, UNIQUEVALUE, NULLABLE, INDEXES, DESCRIPTION, DATAID, RELEASEID, UNIQUEKEY, INCLUDESQL, COLTYPE, FOLLOWJOHN ) values ( 'DC_E_AFG:((13)):DC_E_AFG_BOOTSTRAP_FUNC:RAW', 'DC_RELEASE', 15, 'varchar', 16, 0, 2, 1, 'LF', '', 'DC_RELEASE', 'BASE_TP_090421', 0, 1, 'PUBLICKEY', null );
insert into Measurementcolumn ( MTABLEID, DATANAME, COLNUMBER, DATATYPE, DATASIZE, DATASCALE, UNIQUEVALUE, NULLABLE, INDEXES, DESCRIPTION, DATAID, RELEASEID, UNIQUEKEY, INCLUDESQL, COLTYPE, FOLLOWJOHN ) values ( 'DC_E_AFG:((13)):DC_E_AFG_BOOTSTRAP_FUNC:RAW', 'DC_SOURCE', 16, 'varchar', 16, 0, 2, 1, 'LF', '', 'DC_SOURCE', 'BASE_TP_090421', 0, 1, 'PUBLICKEY', null );
insert into Measurementcolumn ( MTABLEID, DATANAME, COLNUMBER, DATATYPE, DATASIZE, DATASCALE, UNIQUEVALUE, NULLABLE, INDEXES, DESCRIPTION, DATAID, RELEASEID, UNIQUEKEY, INCLUDESQL, COLTYPE, FOLLOWJOHN ) values ( 'DC_E_AFG:((13)):DC_E_AFG_BOOTSTRAP_FUNC:RAW', 'DC_SUSPECTFLAG', 18, 'int', 0, 0, 2, 1, 'LF', '', 'DC_SUSPECTFLAG', 'BASE_TP_090421', 0, 1, 'PUBLICKEY', null );
insert into Measurementcolumn ( MTABLEID, DATANAME, COLNUMBER, DATATYPE, DATASIZE, DATASCALE, UNIQUEVALUE, NULLABLE, INDEXES, DESCRIPTION, DATAID, RELEASEID, UNIQUEKEY, INCLUDESQL, COLTYPE, FOLLOWJOHN ) values ( 'DC_E_AFG:((13)):DC_E_AFG_BOOTSTRAP_FUNC:RAW', 'DC_TIMEZONE', 17, 'varchar', 16, 0, 2, 1, 'LF', '', 'DC_TIMEZONE', 'BASE_TP_090421', 0, 1, 'PUBLICKEY', null );
insert into Measurementcolumn ( MTABLEID, DATANAME, COLNUMBER, DATATYPE, DATASIZE, DATASCALE, UNIQUEVALUE, NULLABLE, INDEXES, DESCRIPTION, DATAID, RELEASEID, UNIQUEKEY, INCLUDESQL, COLTYPE, FOLLOWJOHN ) values ( 'DC_E_AFG:((13)):DC_E_AFG_BOOTSTRAP_FUNC:RAW', 'HOUR_ID', 7, 'tinyint', 0, 0, 24, 1, 'LF', '', 'HOUR_ID', 'BASE_TP_090421', 0, 0, 'PUBLICKEY', null );
insert into Measurementcolumn ( MTABLEID, DATANAME, COLNUMBER, DATATYPE, DATASIZE, DATASCALE, UNIQUEVALUE, NULLABLE, INDEXES, DESCRIPTION, DATAID, RELEASEID, UNIQUEKEY, INCLUDESQL, COLTYPE, FOLLOWJOHN ) values ( 'DC_E_AFG:((13)):DC_E_AFG_BOOTSTRAP_FUNC:RAW', 'MIN_ID', 9, 'tinyint', 0, 0, 60, 1, 'LF', '', 'MIN_ID', 'BASE_TP_090421', 0, 0, 'PUBLICKEY', null );
insert into Measurementcolumn ( MTABLEID, DATANAME, COLNUMBER, DATATYPE, DATASIZE, DATASCALE, UNIQUEVALUE, NULLABLE, INDEXES, DESCRIPTION, DATAID, RELEASEID, UNIQUEKEY, INCLUDESQL, COLTYPE, FOLLOWJOHN ) values ( 'DC_E_AFG:((13)):DC_E_AFG_BOOTSTRAP_FUNC:RAW', 'MONTH_ID', 5, 'tinyint', 0, 0, 12, 1, 'LF', '', 'MONTH_ID', 'BASE_TP_090421', 0, 0, 'PUBLICKEY', null );
insert into Measurementcolumn ( MTABLEID, DATANAME, COLNUMBER, DATATYPE, DATASIZE, DATASCALE, UNIQUEVALUE, NULLABLE, INDEXES, DESCRIPTION, DATAID, RELEASEID, UNIQUEKEY, INCLUDESQL, COLTYPE, FOLLOWJOHN ) values ( 'DC_E_AFG:((13)):DC_E_AFG_BOOTSTRAP_FUNC:RAW', 'NODE_NAME', 2, 'varchar', 50, 0, 255, 1, 'HG', 'Node Name', 'NODE_NAME', 'DC_E_AFG:((13))', 1, 1, 'KEY', null );
insert into Measurementcolumn ( MTABLEID, DATANAME, COLNUMBER, DATATYPE, DATASIZE, DATASCALE, UNIQUEVALUE, NULLABLE, INDEXES, DESCRIPTION, DATAID, RELEASEID, UNIQUEKEY, INCLUDESQL, COLTYPE, FOLLOWJOHN ) values ( 'DC_E_AFG:((13)):DC_E_AFG_BOOTSTRAP_FUNC:RAW', 'OSS_ID', 1, 'varchar', 50, 0, 255, 1, 'HG', 'OSS Id', 'OSS_ID', 'DC_E_AFG:((13))', 1, 1, 'KEY', null );
insert into Measurementcolumn ( MTABLEID, DATANAME, COLNUMBER, DATATYPE, DATASIZE, DATASCALE, UNIQUEVALUE, NULLABLE, INDEXES, DESCRIPTION, DATAID, RELEASEID, UNIQUEKEY, INCLUDESQL, COLTYPE, FOLLOWJOHN ) values ( 'DC_E_AFG:((13)):DC_E_AFG_BOOTSTRAP_FUNC:RAW', 'PERIOD_DURATION', 13, 'unsigned int', 0, 0, 10, 1, '', '', 'PERIOD_DURATION', 'BASE_TP_090421', 0, 1, 'PUBLICKEY', null );
insert into Measurementcolumn ( MTABLEID, DATANAME, COLNUMBER, DATATYPE, DATASIZE, DATASCALE, UNIQUEVALUE, NULLABLE, INDEXES, DESCRIPTION, DATAID, RELEASEID, UNIQUEKEY, INCLUDESQL, COLTYPE, FOLLOWJOHN ) values ( 'DC_E_AFG:((13)):DC_E_AFG_BOOTSTRAP_FUNC:RAW', 'ROWSTATUS', 14, 'varchar', 16, 0, 10, 1, '', '', 'ROWSTATUS', 'BASE_TP_090421', 0, 1, 'PUBLICKEY', null );
insert into Measurementcolumn ( MTABLEID, DATANAME, COLNUMBER, DATATYPE, DATASIZE, DATASCALE, UNIQUEVALUE, NULLABLE, INDEXES, DESCRIPTION, DATAID, RELEASEID, UNIQUEKEY, INCLUDESQL, COLTYPE, FOLLOWJOHN ) values ( 'DC_E_AFG:((13)):DC_E_AFG_BOOTSTRAP_FUNC:RAW', 'SESSION_ID', 11, 'unsigned int', 0, 0, 255, 1, '', '', 'SESSION_ID', 'BASE_TP_090421', 0, 0, 'PUBLICKEY', null );
insert into Measurementcolumn ( MTABLEID, DATANAME, COLNUMBER, DATATYPE, DATASIZE, DATASCALE, UNIQUEVALUE, NULLABLE, INDEXES, DESCRIPTION, DATAID, RELEASEID, UNIQUEKEY, INCLUDESQL, COLTYPE, FOLLOWJOHN ) values ( 'DC_E_AFG:((13)):DC_E_AFG_BOOTSTRAP_FUNC:RAW', 'TIMELEVEL', 10, 'varchar', 10, 0, 10, 1, 'LF', '', 'TIMELEVEL', 'BASE_TP_090421', 0, 0, 'PUBLICKEY', null );
insert into Measurementcolumn ( MTABLEID, DATANAME, COLNUMBER, DATATYPE, DATASIZE, DATASCALE, UNIQUEVALUE, NULLABLE, INDEXES, DESCRIPTION, DATAID, RELEASEID, UNIQUEKEY, INCLUDESQL, COLTYPE, FOLLOWJOHN ) values ( 'DC_E_AFG:((13)):DC_E_AFG_BOOTSTRAP_FUNC:RAW', 'UTC_DATETIME_ID', 19, 'datetime', 0, 0, 255, 1, 'HG', '', 'UTC_DATETIME_ID', 'BASE_TP_090421', 1, 1, 'PUBLICKEY', null );
insert into Measurementcolumn ( MTABLEID, DATANAME, COLNUMBER, DATATYPE, DATASIZE, DATASCALE, UNIQUEVALUE, NULLABLE, INDEXES, DESCRIPTION, DATAID, RELEASEID, UNIQUEKEY, INCLUDESQL, COLTYPE, FOLLOWJOHN ) values ( 'DC_E_AFG:((13)):DC_E_AFG_BOOTSTRAP_FUNC:RAW', 'YEAR_ID', 4, 'smallint', 0, 0, 20, 1, 'LF', '', 'YEAR_ID', 'BASE_TP_090421', 0, 0, 'PUBLICKEY', null );
insert into Measurementcolumn ( MTABLEID, DATANAME, COLNUMBER, DATATYPE, DATASIZE, DATASCALE, UNIQUEVALUE, NULLABLE, INDEXES, DESCRIPTION, DATAID, RELEASEID, UNIQUEKEY, INCLUDESQL, COLTYPE, FOLLOWJOHN ) values ( 'DC_E_AFG:((13)):DC_E_AFG_BOOTSTRAP_FUNC:RAW', 'bootAuthFail_actual', 20, 'numeric', 20, 0, 255, 1, '', 'Total number of failed Ub requests for bootstrapping procedure.', 'bootAuthFail.actual', 'DC_E_AFG:((13))', 0, 1, 'COUNTER', null );
insert into Measurementcolumn ( MTABLEID, DATANAME, COLNUMBER, DATATYPE, DATASIZE, DATASCALE, UNIQUEVALUE, NULLABLE, INDEXES, DESCRIPTION, DATAID, RELEASEID, UNIQUEKEY, INCLUDESQL, COLTYPE, FOLLOWJOHN ) values ( 'DC_E_AFG:((13)):DC_E_AFG_BOOTSTRAP_FUNC:RAW', 'bootAuthFail_delta', 21, 'numeric', 20, 0, 255, 1, '', 'Total number of failed Ub requests for bootstrapping procedure.', 'bootAuthFail.delta', 'DC_E_AFG:((13))', 0, 1, 'COUNTER', null );
insert into Measurementcolumn ( MTABLEID, DATANAME, COLNUMBER, DATATYPE, DATASIZE, DATASCALE, UNIQUEVALUE, NULLABLE, INDEXES, DESCRIPTION, DATAID, RELEASEID, UNIQUEKEY, INCLUDESQL, COLTYPE, FOLLOWJOHN ) values ( 'DC_E_AFG:((13)):DC_E_AFG_BOOTSTRAP_FUNC:RAW', 'bootAuthGBADIGESTFail_actual', 22, 'numeric', 20, 0, 255, 1, '', 'Number of failed GBA_Digest authentications.', 'bootAuthGBADIGESTFail.actual', 'DC_E_AFG:((13))', 0, 1, 'COUNTER', null );
insert into Measurementcolumn ( MTABLEID, DATANAME, COLNUMBER, DATATYPE, DATASIZE, DATASCALE, UNIQUEVALUE, NULLABLE, INDEXES, DESCRIPTION, DATAID, RELEASEID, UNIQUEKEY, INCLUDESQL, COLTYPE, FOLLOWJOHN ) values ( 'DC_E_AFG:((13)):DC_E_AFG_BOOTSTRAP_FUNC:RAW', 'bootAuthGBADIGESTFail_delta', 23, 'numeric', 20, 0, 255, 1, '', 'Number of failed GBA_Digest authentications.', 'bootAuthGBADIGESTFail.delta', 'DC_E_AFG:((13))', 0, 1, 'COUNTER', null );
insert into Measurementcolumn ( MTABLEID, DATANAME, COLNUMBER, DATATYPE, DATASIZE, DATASCALE, UNIQUEVALUE, NULLABLE, INDEXES, DESCRIPTION, DATAID, RELEASEID, UNIQUEKEY, INCLUDESQL, COLTYPE, FOLLOWJOHN ) values ( 'DC_E_AFG:((13)):DC_E_AFG_BOOTSTRAP_FUNC:RAW', 'bootAuthGBADIGESTSucc_actual', 24, 'numeric', 20, 0, 255, 1, '', 'Number of successful GBA_Digest authentications.', 'bootAuthGBADIGESTSucc.actual', 'DC_E_AFG:((13))', 0, 1, 'COUNTER', null );
insert into Measurementcolumn ( MTABLEID, DATANAME, COLNUMBER, DATATYPE, DATASIZE, DATASCALE, UNIQUEVALUE, NULLABLE, INDEXES, DESCRIPTION, DATAID, RELEASEID, UNIQUEKEY, INCLUDESQL, COLTYPE, FOLLOWJOHN ) values ( 'DC_E_AFG:((13)):DC_E_AFG_BOOTSTRAP_FUNC:RAW', 'bootAuthGBADIGESTSucc_delta', 25, 'numeric', 20, 0, 255, 1, '', 'Number of successful GBA_Digest authentications.', 'bootAuthGBADIGESTSucc.delta', 'DC_E_AFG:((13))', 0, 1, 'COUNTER', null );
insert into Measurementcolumn ( MTABLEID, DATANAME, COLNUMBER, DATATYPE, DATASIZE, DATASCALE, UNIQUEVALUE, NULLABLE, INDEXES, DESCRIPTION, DATAID, RELEASEID, UNIQUEKEY, INCLUDESQL, COLTYPE, FOLLOWJOHN ) values ( 'DC_E_AFG:((13)):DC_E_AFG_BOOTSTRAP_FUNC:RAW', 'bootAuthGBAMEFail_actual', 26, 'numeric', 20, 0, 255, 1, '', 'Number of failed GBA_ME authentications.', 'bootAuthGBAMEFail.actual', 'DC_E_AFG:((13))', 0, 1, 'COUNTER', null );
insert into Measurementcolumn ( MTABLEID, DATANAME, COLNUMBER, DATATYPE, DATASIZE, DATASCALE, UNIQUEVALUE, NULLABLE, INDEXES, DESCRIPTION, DATAID, RELEASEID, UNIQUEKEY, INCLUDESQL, COLTYPE, FOLLOWJOHN ) values ( 'DC_E_AFG:((13)):DC_E_AFG_BOOTSTRAP_FUNC:RAW', 'bootAuthGBAMEFail_delta', 27, 'numeric', 20, 0, 255, 1, '', 'Number of failed GBA_ME authentications.', 'bootAuthGBAMEFail.delta', 'DC_E_AFG:((13))', 0, 1, 'COUNTER', null );
insert into Measurementcolumn ( MTABLEID, DATANAME, COLNUMBER, DATATYPE, DATASIZE, DATASCALE, UNIQUEVALUE, NULLABLE, INDEXES, DESCRIPTION, DATAID, RELEASEID, UNIQUEKEY, INCLUDESQL, COLTYPE, FOLLOWJOHN ) values ( 'DC_E_AFG:((13)):DC_E_AFG_BOOTSTRAP_FUNC:RAW', 'bootAuthGBAMESucc_actual', 28, 'numeric', 20, 0, 255, 1, '', 'Number of successful GBA_ME authentications.', 'bootAuthGBAMESucc.actual', 'DC_E_AFG:((13))', 0, 1, 'COUNTER', null );
insert into Measurementcolumn ( MTABLEID, DATANAME, COLNUMBER, DATATYPE, DATASIZE, DATASCALE, UNIQUEVALUE, NULLABLE, INDEXES, DESCRIPTION, DATAID, RELEASEID, UNIQUEKEY, INCLUDESQL, COLTYPE, FOLLOWJOHN ) values ( 'DC_E_AFG:((13)):DC_E_AFG_BOOTSTRAP_FUNC:RAW', 'bootAuthGBAMESucc_delta', 29, 'numeric', 20, 0, 255, 1, '', 'Number of successful GBA_ME authentications.', 'bootAuthGBAMESucc.delta', 'DC_E_AFG:((13))', 0, 1, 'COUNTER', null );
insert into Measurementcolumn ( MTABLEID, DATANAME, COLNUMBER, DATATYPE, DATASIZE, DATASCALE, UNIQUEVALUE, NULLABLE, INDEXES, DESCRIPTION, DATAID, RELEASEID, UNIQUEKEY, INCLUDESQL, COLTYPE, FOLLOWJOHN ) values ( 'DC_E_AFG:((13)):DC_E_AFG_BOOTSTRAP_FUNC:RAW', 'bootAuthGBAUFail_actual', 30, 'numeric', 20, 0, 255, 1, '', 'Number of failed GBA_U authentications.', 'bootAuthGBAUFail.actual', 'DC_E_AFG:((13))', 0, 1, 'COUNTER', null );
insert into Measurementcolumn ( MTABLEID, DATANAME, COLNUMBER, DATATYPE, DATASIZE, DATASCALE, UNIQUEVALUE, NULLABLE, INDEXES, DESCRIPTION, DATAID, RELEASEID, UNIQUEKEY, INCLUDESQL, COLTYPE, FOLLOWJOHN ) values ( 'DC_E_AFG:((13)):DC_E_AFG_BOOTSTRAP_FUNC:RAW', 'bootAuthGBAUFail_delta', 31, 'numeric', 20, 0, 255, 1, '', 'Number of failed GBA_U authentications.', 'bootAuthGBAUFail.delta', 'DC_E_AFG:((13))', 0, 1, 'COUNTER', null );
insert into Measurementcolumn ( MTABLEID, DATANAME, COLNUMBER, DATATYPE, DATASIZE, DATASCALE, UNIQUEVALUE, NULLABLE, INDEXES, DESCRIPTION, DATAID, RELEASEID, UNIQUEKEY, INCLUDESQL, COLTYPE, FOLLOWJOHN ) values ( 'DC_E_AFG:((13)):DC_E_AFG_BOOTSTRAP_FUNC:RAW', 'bootAuthGBAUSucc_actual', 32, 'numeric', 20, 0, 255, 1, '', 'Number of successful GBA_U authentications.', 'bootAuthGBAUSucc.actual', 'DC_E_AFG:((13))', 0, 1, 'COUNTER', null );
insert into Measurementcolumn ( MTABLEID, DATANAME, COLNUMBER, DATATYPE, DATASIZE, DATASCALE, UNIQUEVALUE, NULLABLE, INDEXES, DESCRIPTION, DATAID, RELEASEID, UNIQUEKEY, INCLUDESQL, COLTYPE, FOLLOWJOHN ) values ( 'DC_E_AFG:((13)):DC_E_AFG_BOOTSTRAP_FUNC:RAW', 'bootAuthGBAUSucc_delta', 33, 'numeric', 20, 0, 255, 1, '', 'Number of successful GBA_U authentications.', 'bootAuthGBAUSucc.delta', 'DC_E_AFG:((13))', 0, 1, 'COUNTER', null );
insert into Measurementcolumn ( MTABLEID, DATANAME, COLNUMBER, DATATYPE, DATASIZE, DATASCALE, UNIQUEVALUE, NULLABLE, INDEXES, DESCRIPTION, DATAID, RELEASEID, UNIQUEKEY, INCLUDESQL, COLTYPE, FOLLOWJOHN ) values ( 'DC_E_AFG:((13)):DC_E_AFG_BOOTSTRAP_FUNC:RAW', 'bootAuthReqTot_actual', 34, 'numeric', 20, 0, 255, 1, '', 'Total number of Ub requests for bootstrapping procedure.', 'bootAuthReqTot.actual', 'DC_E_AFG:((13))', 0, 1, 'COUNTER', null );
insert into Measurementcolumn ( MTABLEID, DATANAME, COLNUMBER, DATATYPE, DATASIZE, DATASCALE, UNIQUEVALUE, NULLABLE, INDEXES, DESCRIPTION, DATAID, RELEASEID, UNIQUEKEY, INCLUDESQL, COLTYPE, FOLLOWJOHN ) values ( 'DC_E_AFG:((13)):DC_E_AFG_BOOTSTRAP_FUNC:RAW', 'bootAuthReqTot_delta', 35, 'numeric', 20, 0, 255, 1, '', 'Total number of Ub requests for bootstrapping procedure.', 'bootAuthReqTot.delta', 'DC_E_AFG:((13))', 0, 1, 'COUNTER', null );
insert into Measurementcolumn ( MTABLEID, DATANAME, COLNUMBER, DATATYPE, DATASIZE, DATASCALE, UNIQUEVALUE, NULLABLE, INDEXES, DESCRIPTION, DATAID, RELEASEID, UNIQUEKEY, INCLUDESQL, COLTYPE, FOLLOWJOHN ) values ( 'DC_E_AFG:((13)):DC_E_AFG_BOOTSTRAP_FUNC:RAW', 'bootAuthSucc_actual', 36, 'numeric', 20, 0, 255, 1, '', 'Total number of successful Ub requests for bootstrapping procedure.', 'bootAuthSucc.actual', 'DC_E_AFG:((13))', 0, 1, 'COUNTER', null );
insert into Measurementcolumn ( MTABLEID, DATANAME, COLNUMBER, DATATYPE, DATASIZE, DATASCALE, UNIQUEVALUE, NULLABLE, INDEXES, DESCRIPTION, DATAID, RELEASEID, UNIQUEKEY, INCLUDESQL, COLTYPE, FOLLOWJOHN ) values ( 'DC_E_AFG:((13)):DC_E_AFG_BOOTSTRAP_FUNC:RAW', 'bootAuthSucc_delta', 37, 'numeric', 20, 0, 255, 1, '', 'Total number of successful Ub requests for bootstrapping procedure.', 'bootAuthSucc.delta', 'DC_E_AFG:((13))', 0, 1, 'COUNTER', null );
insert into Measurementcolumn ( MTABLEID, DATANAME, COLNUMBER, DATATYPE, DATASIZE, DATASCALE, UNIQUEVALUE, NULLABLE, INDEXES, DESCRIPTION, DATAID, RELEASEID, UNIQUEKEY, INCLUDESQL, COLTYPE, FOLLOWJOHN ) values ( 'DC_E_AFG:((13)):DC_E_AFG_BOOTSTRAP_FUNC:RAW', 'bootUseFailReq_actual', 38, 'numeric', 20, 0, 255, 1, '', 'Total number of failed Zn requests for bootstrapping usage procedure.', 'bootUseFailReq.actual', 'DC_E_AFG:((13))', 0, 1, 'COUNTER', null );
insert into Measurementcolumn ( MTABLEID, DATANAME, COLNUMBER, DATATYPE, DATASIZE, DATASCALE, UNIQUEVALUE, NULLABLE, INDEXES, DESCRIPTION, DATAID, RELEASEID, UNIQUEKEY, INCLUDESQL, COLTYPE, FOLLOWJOHN ) values ( 'DC_E_AFG:((13)):DC_E_AFG_BOOTSTRAP_FUNC:RAW', 'bootUseFailReq_delta', 39, 'numeric', 20, 0, 255, 1, '', 'Total number of failed Zn requests for bootstrapping usage procedure.', 'bootUseFailReq.delta', 'DC_E_AFG:((13))', 0, 1, 'COUNTER', null );
insert into Measurementcolumn ( MTABLEID, DATANAME, COLNUMBER, DATATYPE, DATASIZE, DATASCALE, UNIQUEVALUE, NULLABLE, INDEXES, DESCRIPTION, DATAID, RELEASEID, UNIQUEKEY, INCLUDESQL, COLTYPE, FOLLOWJOHN ) values ( 'DC_E_AFG:((13)):DC_E_AFG_BOOTSTRAP_FUNC:RAW', 'bootUseSucReq_actual', 40, 'numeric', 20, 0, 255, 1, '', 'Total number of successful Zn requests for bootstrapping usage procedure.', 'bootUseSucReq.actual', 'DC_E_AFG:((13))', 0, 1, 'COUNTER', null );
insert into Measurementcolumn ( MTABLEID, DATANAME, COLNUMBER, DATATYPE, DATASIZE, DATASCALE, UNIQUEVALUE, NULLABLE, INDEXES, DESCRIPTION, DATAID, RELEASEID, UNIQUEKEY, INCLUDESQL, COLTYPE, FOLLOWJOHN ) values ( 'DC_E_AFG:((13)):DC_E_AFG_BOOTSTRAP_FUNC:RAW', 'bootUseSucReq_delta', 41, 'numeric', 20, 0, 255, 1, '', 'Total number of successful Zn requests for bootstrapping usage procedure.', 'bootUseSucReq.delta', 'DC_E_AFG:((13))', 0, 1, 'COUNTER', null );
insert into Measurementcolumn ( MTABLEID, DATANAME, COLNUMBER, DATATYPE, DATASIZE, DATASCALE, UNIQUEVALUE, NULLABLE, INDEXES, DESCRIPTION, DATAID, RELEASEID, UNIQUEKEY, INCLUDESQL, COLTYPE, FOLLOWJOHN ) values ( 'DC_E_AFG:((13)):DC_E_AFG_BOOTSTRAP_FUNC:RAW', 'bootUseTotReq_actual', 42, 'numeric', 20, 0, 255, 1, '', 'Total number of Zn requests for bootstrapping usage procedure.', 'bootUseTotReq.actual', 'DC_E_AFG:((13))', 0, 1, 'COUNTER', null );
insert into Measurementcolumn ( MTABLEID, DATANAME, COLNUMBER, DATATYPE, DATASIZE, DATASCALE, UNIQUEVALUE, NULLABLE, INDEXES, DESCRIPTION, DATAID, RELEASEID, UNIQUEKEY, INCLUDESQL, COLTYPE, FOLLOWJOHN ) values ( 'DC_E_AFG:((13)):DC_E_AFG_BOOTSTRAP_FUNC:RAW', 'bootUseTotReq_delta', 43, 'numeric', 20, 0, 255, 1, '', 'Total number of Zn requests for bootstrapping usage procedure.', 'bootUseTotReq.delta', 'DC_E_AFG:((13))', 0, 1, 'COUNTER', null );
insert into Measurementcolumn ( MTABLEID, DATANAME, COLNUMBER, DATATYPE, DATASIZE, DATASCALE, UNIQUEVALUE, NULLABLE, INDEXES, DESCRIPTION, DATAID, RELEASEID, UNIQUEKEY, INCLUDESQL, COLTYPE, FOLLOWJOHN ) values ( 'DC_E_AFG:((13)):DC_E_AFG_BOOTSTRAP_FUNC:RAW', 'bsfGbaAkaSubCntActSubCount_actual', 44, 'numeric', 24, 4, 255, 1, '', 'Number of active subscribers currently using the BSF-GBA VP', 'bsfGbaAkaSubCntActSubCount.actual', 'DC_E_AFG:((13))', 0, 1, 'COUNTER', null );
insert into Measurementcolumn ( MTABLEID, DATANAME, COLNUMBER, DATATYPE, DATASIZE, DATASCALE, UNIQUEVALUE, NULLABLE, INDEXES, DESCRIPTION, DATAID, RELEASEID, UNIQUEKEY, INCLUDESQL, COLTYPE, FOLLOWJOHN ) values ( 'DC_E_AFG:((13)):DC_E_AFG_BOOTSTRAP_FUNC:RAW', 'bsfGbaAkaSubCntActSubCount_max', 46, 'numeric', 24, 4, 255, 1, '', 'Number of active subscribers currently using the BSF-GBA VP', 'bsfGbaAkaSubCntActSubCount.max', 'DC_E_AFG:((13))', 0, 1, 'COUNTER', null );
insert into Measurementcolumn ( MTABLEID, DATANAME, COLNUMBER, DATATYPE, DATASIZE, DATASCALE, UNIQUEVALUE, NULLABLE, INDEXES, DESCRIPTION, DATAID, RELEASEID, UNIQUEKEY, INCLUDESQL, COLTYPE, FOLLOWJOHN ) values ( 'DC_E_AFG:((13)):DC_E_AFG_BOOTSTRAP_FUNC:RAW', 'bsfGbaAkaSubCntActSubCount_min', 45, 'numeric', 24, 4, 255, 1, '', 'Number of active subscribers currently using the BSF-GBA VP', 'bsfGbaAkaSubCntActSubCount.min', 'DC_E_AFG:((13))', 0, 1, 'COUNTER', null );
insert into Measurementcolumn ( MTABLEID, DATANAME, COLNUMBER, DATATYPE, DATASIZE, DATASCALE, UNIQUEVALUE, NULLABLE, INDEXES, DESCRIPTION, DATAID, RELEASEID, UNIQUEKEY, INCLUDESQL, COLTYPE, FOLLOWJOHN ) values ( 'DC_E_AFG:((13)):DC_E_AFG_BOOTSTRAP_FUNC:RAW', 'bsfGbaAkaSubCntMaxNafCount_actual', 47, 'numeric', 20, 0, 255, 1, '', 'Maximum number of active subscribers allowed to use the GBA IoT E-Server SDK VP according to the license available', 'bsfGbaAkaSubCntMaxNafCount.actual', 'DC_E_AFG:((13))', 0, 1, 'COUNTER', null );
insert into Measurementcolumn ( MTABLEID, DATANAME, COLNUMBER, DATATYPE, DATASIZE, DATASCALE, UNIQUEVALUE, NULLABLE, INDEXES, DESCRIPTION, DATAID, RELEASEID, UNIQUEKEY, INCLUDESQL, COLTYPE, FOLLOWJOHN ) values ( 'DC_E_AFG:((13)):DC_E_AFG_BOOTSTRAP_FUNC:RAW', 'bsfGbaAkaSubCntMaxNafCount_delta', 48, 'numeric', 20, 0, 255, 1, '', 'Maximum number of active subscribers allowed to use the GBA IoT E-Server SDK VP according to the license available', 'bsfGbaAkaSubCntMaxNafCount.delta', 'DC_E_AFG:((13))', 0, 1, 'COUNTER', null );
insert into Measurementcolumn ( MTABLEID, DATANAME, COLNUMBER, DATATYPE, DATASIZE, DATASCALE, UNIQUEVALUE, NULLABLE, INDEXES, DESCRIPTION, DATAID, RELEASEID, UNIQUEKEY, INCLUDESQL, COLTYPE, FOLLOWJOHN ) values ( 'DC_E_AFG:((13)):DC_E_AFG_BOOTSTRAP_FUNC:RAW', 'bsfGbaAkaSubCntMaxSubCount_actual', 49, 'numeric', 20, 0, 255, 1, '', 'Maximum number of active subscribers allowed to use the BSF-GBA VP according to the license available', 'bsfGbaAkaSubCntMaxSubCount.actual', 'DC_E_AFG:((13))', 0, 1, 'COUNTER', null );
insert into Measurementcolumn ( MTABLEID, DATANAME, COLNUMBER, DATATYPE, DATASIZE, DATASCALE, UNIQUEVALUE, NULLABLE, INDEXES, DESCRIPTION, DATAID, RELEASEID, UNIQUEKEY, INCLUDESQL, COLTYPE, FOLLOWJOHN ) values ( 'DC_E_AFG:((13)):DC_E_AFG_BOOTSTRAP_FUNC:RAW', 'bsfGbaAkaSubCntMaxSubCount_delta', 50, 'numeric', 20, 0, 255, 1, '', 'Maximum number of active subscribers allowed to use the BSF-GBA VP according to the license available', 'bsfGbaAkaSubCntMaxSubCount.delta', 'DC_E_AFG:((13))', 0, 1, 'COUNTER', null );
insert into Measurementcolumn ( MTABLEID, DATANAME, COLNUMBER, DATATYPE, DATASIZE, DATASCALE, UNIQUEVALUE, NULLABLE, INDEXES, DESCRIPTION, DATAID, RELEASEID, UNIQUEKEY, INCLUDESQL, COLTYPE, FOLLOWJOHN ) values ( 'DC_E_AFG:((13)):DC_E_AFG_DIAMETER:DAY', 'AGG_COUNT', 9, 'smallint', 0, 0, 255, 1, '', '', 'AGG_COUNT', 'BASE_TP_090421', 0, 0, 'PUBLICKEY', null );
insert into Measurementcolumn ( MTABLEID, DATANAME, COLNUMBER, DATATYPE, DATASIZE, DATASCALE, UNIQUEVALUE, NULLABLE, INDEXES, DESCRIPTION, DATAID, RELEASEID, UNIQUEKEY, INCLUDESQL, COLTYPE, FOLLOWJOHN ) values ( 'DC_E_AFG:((13)):DC_E_AFG_DIAMETER:DAY', 'BATCH_ID', 12, 'smallint', 0, 0, 255, 1, '', '', 'BATCH_ID', 'BASE_TP_090421', 0, 0, 'PUBLICKEY', null );
insert into Measurementcolumn ( MTABLEID, DATANAME, COLNUMBER, DATATYPE, DATASIZE, DATASCALE, UNIQUEVALUE, NULLABLE, INDEXES, DESCRIPTION, DATAID, RELEASEID, UNIQUEKEY, INCLUDESQL, COLTYPE, FOLLOWJOHN ) values ( 'DC_E_AFG:((13)):DC_E_AFG_DIAMETER:DAY', 'DATACOVERAGE', 8, 'unsigned int', 0, 0, 255, 1, '', '', 'DATACOVERAGE', 'BASE_TP_090421', 0, 1, 'PUBLICKEY', null );
insert into Measurementcolumn ( MTABLEID, DATANAME, COLNUMBER, DATATYPE, DATASIZE, DATASCALE, UNIQUEVALUE, NULLABLE, INDEXES, DESCRIPTION, DATAID, RELEASEID, UNIQUEKEY, INCLUDESQL, COLTYPE, FOLLOWJOHN ) values ( 'DC_E_AFG:((13)):DC_E_AFG_DIAMETER:DAY', 'DATE_ID', 3, 'date', 0, 0, 255, 1, 'LF', '', 'DATE_ID', 'BASE_TP_090421', 1, 1, 'PUBLICKEY', null );
insert into Measurementcolumn ( MTABLEID, DATANAME, COLNUMBER, DATATYPE, DATASIZE, DATASCALE, UNIQUEVALUE, NULLABLE, INDEXES, DESCRIPTION, DATAID, RELEASEID, UNIQUEKEY, INCLUDESQL, COLTYPE, FOLLOWJOHN ) values ( 'DC_E_AFG:((13)):DC_E_AFG_DIAMETER:DAY', 'DAY_ID', 6, 'tinyint', 0, 0, 31, 1, 'LF', '', 'DAY_ID', 'BASE_TP_090421', 0, 0, 'PUBLICKEY', null );
insert into Measurementcolumn ( MTABLEID, DATANAME, COLNUMBER, DATATYPE, DATASIZE, DATASCALE, UNIQUEVALUE, NULLABLE, INDEXES, DESCRIPTION, DATAID, RELEASEID, UNIQUEKEY, INCLUDESQL, COLTYPE, FOLLOWJOHN ) values ( 'DC_E_AFG:((13)):DC_E_AFG_DIAMETER:DAY', 'DC_RELEASE', 15, 'varchar', 16, 0, 2, 1, 'LF', '', 'DC_RELEASE', 'BASE_TP_090421', 1, 1, 'PUBLICKEY', null );
insert into Measurementcolumn ( MTABLEID, DATANAME, COLNUMBER, DATATYPE, DATASIZE, DATASCALE, UNIQUEVALUE, NULLABLE, INDEXES, DESCRIPTION, DATAID, RELEASEID, UNIQUEKEY, INCLUDESQL, COLTYPE, FOLLOWJOHN ) values ( 'DC_E_AFG:((13)):DC_E_AFG_DIAMETER:DAY', 'DC_SOURCE', 16, 'varchar', 16, 0, 2, 1, 'LF', '', 'DC_SOURCE', 'BASE_TP_090421', 0, 1, 'PUBLICKEY', null );
insert into Measurementcolumn ( MTABLEID, DATANAME, COLNUMBER, DATATYPE, DATASIZE, DATASCALE, UNIQUEVALUE, NULLABLE, INDEXES, DESCRIPTION, DATAID, RELEASEID, UNIQUEKEY, INCLUDESQL, COLTYPE, FOLLOWJOHN ) values ( 'DC_E_AFG:((13)):DC_E_AFG_DIAMETER:DAY', 'DC_SUSPECTFLAG', 18, 'int', 0, 0, 2, 1, 'LF', '', 'DC_SUSPECTFLAG', 'BASE_TP_090421', 0, 1, 'PUBLICKEY', null );
insert into Measurementcolumn ( MTABLEID, DATANAME, COLNUMBER, DATATYPE, DATASIZE, DATASCALE, UNIQUEVALUE, NULLABLE, INDEXES, DESCRIPTION, DATAID, RELEASEID, UNIQUEKEY, INCLUDESQL, COLTYPE, FOLLOWJOHN ) values ( 'DC_E_AFG:((13)):DC_E_AFG_DIAMETER:DAY', 'DC_TIMEZONE', 17, 'varchar', 16, 0, 2, 1, 'LF', '', 'DC_TIMEZONE', 'BASE_TP_090421', 0, 1, 'PUBLICKEY', null );
insert into Measurementcolumn ( MTABLEID, DATANAME, COLNUMBER, DATATYPE, DATASIZE, DATASCALE, UNIQUEVALUE, NULLABLE, INDEXES, DESCRIPTION, DATAID, RELEASEID, UNIQUEKEY, INCLUDESQL, COLTYPE, FOLLOWJOHN ) values ( 'DC_E_AFG:((13)):DC_E_AFG_DIAMETER:DAY', 'MONTH_ID', 5, 'tinyint', 0, 0, 12, 1, 'LF', '', 'MONTH_ID', 'BASE_TP_090421', 0, 0, 'PUBLICKEY', null );
insert into Measurementcolumn ( MTABLEID, DATANAME, COLNUMBER, DATATYPE, DATASIZE, DATASCALE, UNIQUEVALUE, NULLABLE, INDEXES, DESCRIPTION, DATAID, RELEASEID, UNIQUEKEY, INCLUDESQL, COLTYPE, FOLLOWJOHN ) values ( 'DC_E_AFG:((13)):DC_E_AFG_DIAMETER:DAY', 'NODE_NAME', 2, 'varchar', 50, 0, 255, 1, 'HG', 'Node Name', 'NODE_NAME', 'DC_E_AFG:((13))', 1, 1, 'KEY', null );
insert into Measurementcolumn ( MTABLEID, DATANAME, COLNUMBER, DATATYPE, DATASIZE, DATASCALE, UNIQUEVALUE, NULLABLE, INDEXES, DESCRIPTION, DATAID, RELEASEID, UNIQUEKEY, INCLUDESQL, COLTYPE, FOLLOWJOHN ) values ( 'DC_E_AFG:((13)):DC_E_AFG_DIAMETER:DAY', 'OSS_ID', 1, 'varchar', 50, 0, 255, 1, 'HG', 'OSS Id', 'OSS_ID', 'DC_E_AFG:((13))', 1, 1, 'KEY', null );
insert into Measurementcolumn ( MTABLEID, DATANAME, COLNUMBER, DATATYPE, DATASIZE, DATASCALE, UNIQUEVALUE, NULLABLE, INDEXES, DESCRIPTION, DATAID, RELEASEID, UNIQUEKEY, INCLUDESQL, COLTYPE, FOLLOWJOHN ) values ( 'DC_E_AFG:((13)):DC_E_AFG_DIAMETER:DAY', 'PERIOD_DURATION', 13, 'unsigned int', 0, 0, 10, 1, '', '', 'PERIOD_DURATION', 'BASE_TP_090421', 0, 1, 'PUBLICKEY', null );
insert into Measurementcolumn ( MTABLEID, DATANAME, COLNUMBER, DATATYPE, DATASIZE, DATASCALE, UNIQUEVALUE, NULLABLE, INDEXES, DESCRIPTION, DATAID, RELEASEID, UNIQUEKEY, INCLUDESQL, COLTYPE, FOLLOWJOHN ) values ( 'DC_E_AFG:((13)):DC_E_AFG_DIAMETER:DAY', 'ROWSTATUS', 14, 'varchar', 16, 0, 10, 1, '', '', 'ROWSTATUS', 'BASE_TP_090421', 0, 1, 'PUBLICKEY', null );
insert into Measurementcolumn ( MTABLEID, DATANAME, COLNUMBER, DATATYPE, DATASIZE, DATASCALE, UNIQUEVALUE, NULLABLE, INDEXES, DESCRIPTION, DATAID, RELEASEID, UNIQUEKEY, INCLUDESQL, COLTYPE, FOLLOWJOHN ) values ( 'DC_E_AFG:((13)):DC_E_AFG_DIAMETER:DAY', 'SESSION_ID', 11, 'unsigned int', 0, 0, 255, 1, '', '', 'SESSION_ID', 'BASE_TP_090421', 0, 0, 'PUBLICKEY', null );
insert into Measurementcolumn ( MTABLEID, DATANAME, COLNUMBER, DATATYPE, DATASIZE, DATASCALE, UNIQUEVALUE, NULLABLE, INDEXES, DESCRIPTION, DATAID, RELEASEID, UNIQUEKEY, INCLUDESQL, COLTYPE, FOLLOWJOHN ) values ( 'DC_E_AFG:((13)):DC_E_AFG_DIAMETER:DAY', 'TIMELEVEL', 10, 'varchar', 10, 0, 10, 1, 'LF', '', 'TIMELEVEL', 'BASE_TP_090421', 0, 0, 'PUBLICKEY', null );
insert into Measurementcolumn ( MTABLEID, DATANAME, COLNUMBER, DATATYPE, DATASIZE, DATASCALE, UNIQUEVALUE, NULLABLE, INDEXES, DESCRIPTION, DATAID, RELEASEID, UNIQUEKEY, INCLUDESQL, COLTYPE, FOLLOWJOHN ) values ( 'DC_E_AFG:((13)):DC_E_AFG_DIAMETER:DAY', 'WEEK_ID', 7, 'tinyint', 0, 0, 53, 1, 'LF', '', 'WEEK_ID', 'BASE_TP_090421', 0, 0, 'PUBLICKEY', null );
insert into Measurementcolumn ( MTABLEID, DATANAME, COLNUMBER, DATATYPE, DATASIZE, DATASCALE, UNIQUEVALUE, NULLABLE, INDEXES, DESCRIPTION, DATAID, RELEASEID, UNIQUEKEY, INCLUDESQL, COLTYPE, FOLLOWJOHN ) values ( 'DC_E_AFG:((13)):DC_E_AFG_DIAMETER:DAY', 'YEAR_ID', 4, 'smallint', 0, 0, 20, 1, 'LF', '', 'YEAR_ID', 'BASE_TP_090421', 0, 0, 'PUBLICKEY', null );
insert into Measurementcolumn ( MTABLEID, DATANAME, COLNUMBER, DATATYPE, DATASIZE, DATASCALE, UNIQUEVALUE, NULLABLE, INDEXES, DESCRIPTION, DATAID, RELEASEID, UNIQUEKEY, INCLUDESQL, COLTYPE, FOLLOWJOHN ) values ( 'DC_E_AFG:((13)):DC_E_AFG_DIAMETER:DAY', 'dZhCntAuthAvgTime_actual', 19, 'numeric', 24, 4, 255, 1, '', 'Average time in milliseconds between sending a MAR and receiving a successful MAA during the sampling interval.', 'dZhCntAuthAvgTime.actual', 'DC_E_AFG:((13))', 0, 1, 'COUNTER', null );
insert into Measurementcolumn ( MTABLEID, DATANAME, COLNUMBER, DATATYPE, DATASIZE, DATASCALE, UNIQUEVALUE, NULLABLE, INDEXES, DESCRIPTION, DATAID, RELEASEID, UNIQUEKEY, INCLUDESQL, COLTYPE, FOLLOWJOHN ) values ( 'DC_E_AFG:((13)):DC_E_AFG_DIAMETER:DAY', 'dZhCntAuthAvgTime_max', 21, 'numeric', 24, 4, 255, 1, '', 'Average time in milliseconds between sending a MAR and receiving a successful MAA during the sampling interval.', 'dZhCntAuthAvgTime.max', 'DC_E_AFG:((13))', 0, 1, 'COUNTER', null );
insert into Measurementcolumn ( MTABLEID, DATANAME, COLNUMBER, DATATYPE, DATASIZE, DATASCALE, UNIQUEVALUE, NULLABLE, INDEXES, DESCRIPTION, DATAID, RELEASEID, UNIQUEKEY, INCLUDESQL, COLTYPE, FOLLOWJOHN ) values ( 'DC_E_AFG:((13)):DC_E_AFG_DIAMETER:DAY', 'dZhCntAuthAvgTime_min', 20, 'numeric', 24, 4, 255, 1, '', 'Average time in milliseconds between sending a MAR and receiving a successful MAA during the sampling interval.', 'dZhCntAuthAvgTime.min', 'DC_E_AFG:((13))', 0, 1, 'COUNTER', null );
insert into Measurementcolumn ( MTABLEID, DATANAME, COLNUMBER, DATATYPE, DATASIZE, DATASCALE, UNIQUEVALUE, NULLABLE, INDEXES, DESCRIPTION, DATAID, RELEASEID, UNIQUEKEY, INCLUDESQL, COLTYPE, FOLLOWJOHN ) values ( 'DC_E_AFG:((13)):DC_E_AFG_DIAMETER:DAY', 'dZhCntAuthFailed_actual', 22, 'numeric', 20, 0, 255, 1, '', 'Number of all failed HSS authentications.', 'dZhCntAuthFailed.actual', 'DC_E_AFG:((13))', 0, 1, 'COUNTER', null );
insert into Measurementcolumn ( MTABLEID, DATANAME, COLNUMBER, DATATYPE, DATASIZE, DATASCALE, UNIQUEVALUE, NULLABLE, INDEXES, DESCRIPTION, DATAID, RELEASEID, UNIQUEKEY, INCLUDESQL, COLTYPE, FOLLOWJOHN ) values ( 'DC_E_AFG:((13)):DC_E_AFG_DIAMETER:DAY', 'dZhCntAuthFailed_delta', 23, 'numeric', 20, 0, 255, 1, '', 'Number of all failed HSS authentications.', 'dZhCntAuthFailed.delta', 'DC_E_AFG:((13))', 0, 1, 'COUNTER', null );
insert into Measurementcolumn ( MTABLEID, DATANAME, COLNUMBER, DATATYPE, DATASIZE, DATASCALE, UNIQUEVALUE, NULLABLE, INDEXES, DESCRIPTION, DATAID, RELEASEID, UNIQUEKEY, INCLUDESQL, COLTYPE, FOLLOWJOHN ) values ( 'DC_E_AFG:((13)):DC_E_AFG_DIAMETER:DAY', 'dZhCntAuthMaxTime_actual', 24, 'numeric', 24, 4, 255, 1, '', 'Maximum time in milliseconds between sending a MAR and receiving a successful MAA during the sampling interval.', 'dZhCntAuthMaxTime.actual', 'DC_E_AFG:((13))', 0, 1, 'COUNTER', null );
insert into Measurementcolumn ( MTABLEID, DATANAME, COLNUMBER, DATATYPE, DATASIZE, DATASCALE, UNIQUEVALUE, NULLABLE, INDEXES, DESCRIPTION, DATAID, RELEASEID, UNIQUEKEY, INCLUDESQL, COLTYPE, FOLLOWJOHN ) values ( 'DC_E_AFG:((13)):DC_E_AFG_DIAMETER:DAY', 'dZhCntAuthMaxTime_max', 26, 'numeric', 24, 4, 255, 1, '', 'Maximum time in milliseconds between sending a MAR and receiving a successful MAA during the sampling interval.', 'dZhCntAuthMaxTime.max', 'DC_E_AFG:((13))', 0, 1, 'COUNTER', null );
insert into Measurementcolumn ( MTABLEID, DATANAME, COLNUMBER, DATATYPE, DATASIZE, DATASCALE, UNIQUEVALUE, NULLABLE, INDEXES, DESCRIPTION, DATAID, RELEASEID, UNIQUEKEY, INCLUDESQL, COLTYPE, FOLLOWJOHN ) values ( 'DC_E_AFG:((13)):DC_E_AFG_DIAMETER:DAY', 'dZhCntAuthMaxTime_min', 25, 'numeric', 24, 4, 255, 1, '', 'Maximum time in milliseconds between sending a MAR and receiving a successful MAA during the sampling interval.', 'dZhCntAuthMaxTime.min', 'DC_E_AFG:((13))', 0, 1, 'COUNTER', null );
insert into Measurementcolumn ( MTABLEID, DATANAME, COLNUMBER, DATATYPE, DATASIZE, DATASCALE, UNIQUEVALUE, NULLABLE, INDEXES, DESCRIPTION, DATAID, RELEASEID, UNIQUEKEY, INCLUDESQL, COLTYPE, FOLLOWJOHN ) values ( 'DC_E_AFG:((13)):DC_E_AFG_DIAMETER:DAY', 'dZhCntAuthSuccessful_actual', 27, 'numeric', 20, 0, 255, 1, '', 'Number of all successful HSS authentications.', 'dZhCntAuthSuccessful.actual', 'DC_E_AFG:((13))', 0, 1, 'COUNTER', null );
insert into Measurementcolumn ( MTABLEID, DATANAME, COLNUMBER, DATATYPE, DATASIZE, DATASCALE, UNIQUEVALUE, NULLABLE, INDEXES, DESCRIPTION, DATAID, RELEASEID, UNIQUEKEY, INCLUDESQL, COLTYPE, FOLLOWJOHN ) values ( 'DC_E_AFG:((13)):DC_E_AFG_DIAMETER:DAY', 'dZhCntAuthSuccessful_delta', 28, 'numeric', 20, 0, 255, 1, '', 'Number of all successful HSS authentications.', 'dZhCntAuthSuccessful.delta', 'DC_E_AFG:((13))', 0, 1, 'COUNTER', null );
insert into Measurementcolumn ( MTABLEID, DATANAME, COLNUMBER, DATATYPE, DATASIZE, DATASCALE, UNIQUEVALUE, NULLABLE, INDEXES, DESCRIPTION, DATAID, RELEASEID, UNIQUEKEY, INCLUDESQL, COLTYPE, FOLLOWJOHN ) values ( 'DC_E_AFG:((13)):DC_E_AFG_DIAMETER:DAY', 'dZhCntAuthTotal_actual', 29, 'numeric', 20, 0, 255, 1, '', 'Number of all HSS authentications', 'dZhCntAuthTotal.actual', 'DC_E_AFG:((13))', 0, 1, 'COUNTER', null );
insert into Measurementcolumn ( MTABLEID, DATANAME, COLNUMBER, DATATYPE, DATASIZE, DATASCALE, UNIQUEVALUE, NULLABLE, INDEXES, DESCRIPTION, DATAID, RELEASEID, UNIQUEKEY, INCLUDESQL, COLTYPE, FOLLOWJOHN ) values ( 'DC_E_AFG:((13)):DC_E_AFG_DIAMETER:DAY', 'dZhCntAuthTotal_delta', 30, 'numeric', 20, 0, 255, 1, '', 'Number of all HSS authentications', 'dZhCntAuthTotal.delta', 'DC_E_AFG:((13))', 0, 1, 'COUNTER', null );
insert into Measurementcolumn ( MTABLEID, DATANAME, COLNUMBER, DATATYPE, DATASIZE, DATASCALE, UNIQUEVALUE, NULLABLE, INDEXES, DESCRIPTION, DATAID, RELEASEID, UNIQUEKEY, INCLUDESQL, COLTYPE, FOLLOWJOHN ) values ( 'DC_E_AFG:((13)):DC_E_AFG_DIAMETER:DAYBH', 'BATCH_ID', 13, 'smallint', 0, 0, 255, 1, '', '', 'BATCH_ID', 'BASE_TP_090421', 0, 0, 'PUBLICKEY', null );
insert into Measurementcolumn ( MTABLEID, DATANAME, COLNUMBER, DATATYPE, DATASIZE, DATASCALE, UNIQUEVALUE, NULLABLE, INDEXES, DESCRIPTION, DATAID, RELEASEID, UNIQUEKEY, INCLUDESQL, COLTYPE, FOLLOWJOHN ) values ( 'DC_E_AFG:((13)):DC_E_AFG_DIAMETER:DAYBH', 'BHCLASS', 10, 'smallint', 0, 0, 10, 1, 'LF', '', 'BHCLASS', 'BASE_TP_090421', 0, 1, 'PUBLICKEY', null );
insert into Measurementcolumn ( MTABLEID, DATANAME, COLNUMBER, DATATYPE, DATASIZE, DATASCALE, UNIQUEVALUE, NULLABLE, INDEXES, DESCRIPTION, DATAID, RELEASEID, UNIQUEKEY, INCLUDESQL, COLTYPE, FOLLOWJOHN ) values ( 'DC_E_AFG:((13)):DC_E_AFG_DIAMETER:DAYBH', 'BHTYPE', 8, 'varchar', 50, 0, 20, 1, 'LF', '', 'BHTYPE', 'BASE_TP_090421', 1, 1, 'PUBLICKEY', null );
insert into Measurementcolumn ( MTABLEID, DATANAME, COLNUMBER, DATATYPE, DATASIZE, DATASCALE, UNIQUEVALUE, NULLABLE, INDEXES, DESCRIPTION, DATAID, RELEASEID, UNIQUEKEY, INCLUDESQL, COLTYPE, FOLLOWJOHN ) values ( 'DC_E_AFG:((13)):DC_E_AFG_DIAMETER:DAYBH', 'BH_ID', 20, 'unsigned int', 0, 0, 255, 1, '', '', 'BH_ID', 'BASE_TP_20100318', 0, 0, 'PUBLICKEY', null );
insert into Measurementcolumn ( MTABLEID, DATANAME, COLNUMBER, DATATYPE, DATASIZE, DATASCALE, UNIQUEVALUE, NULLABLE, INDEXES, DESCRIPTION, DATAID, RELEASEID, UNIQUEKEY, INCLUDESQL, COLTYPE, FOLLOWJOHN ) values ( 'DC_E_AFG:((13)):DC_E_AFG_DIAMETER:DAYBH', 'BUSYHOUR', 9, 'tinyint', 0, 0, 24, 1, 'LF', '', 'BUSYHOUR', 'BASE_TP_090421', 0, 1, 'PUBLICKEY', null );
insert into Measurementcolumn ( MTABLEID, DATANAME, COLNUMBER, DATATYPE, DATASIZE, DATASCALE, UNIQUEVALUE, NULLABLE, INDEXES, DESCRIPTION, DATAID, RELEASEID, UNIQUEKEY, INCLUDESQL, COLTYPE, FOLLOWJOHN ) values ( 'DC_E_AFG:((13)):DC_E_AFG_DIAMETER:DAYBH', 'DATE_ID', 3, 'date', 0, 0, 255, 1, 'LF', '', 'DATE_ID', 'BASE_TP_090421', 1, 1, 'PUBLICKEY', null );
insert into Measurementcolumn ( MTABLEID, DATANAME, COLNUMBER, DATATYPE, DATASIZE, DATASCALE, UNIQUEVALUE, NULLABLE, INDEXES, DESCRIPTION, DATAID, RELEASEID, UNIQUEKEY, INCLUDESQL, COLTYPE, FOLLOWJOHN ) values ( 'DC_E_AFG:((13)):DC_E_AFG_DIAMETER:DAYBH', 'DAY_ID', 6, 'tinyint', 0, 0, 31, 1, 'LF', '', 'DAY_ID', 'BASE_TP_090421', 0, 0, 'PUBLICKEY', null );
insert into Measurementcolumn ( MTABLEID, DATANAME, COLNUMBER, DATATYPE, DATASIZE, DATASCALE, UNIQUEVALUE, NULLABLE, INDEXES, DESCRIPTION, DATAID, RELEASEID, UNIQUEKEY, INCLUDESQL, COLTYPE, FOLLOWJOHN ) values ( 'DC_E_AFG:((13)):DC_E_AFG_DIAMETER:DAYBH', 'DC_RELEASE', 16, 'varchar', 16, 0, 2, 1, 'LF', '', 'DC_RELEASE', 'BASE_TP_090421', 0, 1, 'PUBLICKEY', null );
insert into Measurementcolumn ( MTABLEID, DATANAME, COLNUMBER, DATATYPE, DATASIZE, DATASCALE, UNIQUEVALUE, NULLABLE, INDEXES, DESCRIPTION, DATAID, RELEASEID, UNIQUEKEY, INCLUDESQL, COLTYPE, FOLLOWJOHN ) values ( 'DC_E_AFG:((13)):DC_E_AFG_DIAMETER:DAYBH', 'DC_SOURCE', 17, 'varchar', 16, 0, 2, 1, 'LF', '', 'DC_SOURCE', 'BASE_TP_090421', 0, 1, 'PUBLICKEY', null );
insert into Measurementcolumn ( MTABLEID, DATANAME, COLNUMBER, DATATYPE, DATASIZE, DATASCALE, UNIQUEVALUE, NULLABLE, INDEXES, DESCRIPTION, DATAID, RELEASEID, UNIQUEKEY, INCLUDESQL, COLTYPE, FOLLOWJOHN ) values ( 'DC_E_AFG:((13)):DC_E_AFG_DIAMETER:DAYBH', 'DC_SUSPECTFLAG', 19, 'int', 0, 0, 2, 1, 'LF', '', 'DC_SUSPECTFLAG', 'BASE_TP_090421', 0, 1, 'PUBLICKEY', null );
insert into Measurementcolumn ( MTABLEID, DATANAME, COLNUMBER, DATATYPE, DATASIZE, DATASCALE, UNIQUEVALUE, NULLABLE, INDEXES, DESCRIPTION, DATAID, RELEASEID, UNIQUEKEY, INCLUDESQL, COLTYPE, FOLLOWJOHN ) values ( 'DC_E_AFG:((13)):DC_E_AFG_DIAMETER:DAYBH', 'DC_TIMEZONE', 18, 'varchar', 16, 0, 2, 1, 'LF', '', 'DC_TIMEZONE', 'BASE_TP_090421', 0, 1, 'PUBLICKEY', null );
insert into Measurementcolumn ( MTABLEID, DATANAME, COLNUMBER, DATATYPE, DATASIZE, DATASCALE, UNIQUEVALUE, NULLABLE, INDEXES, DESCRIPTION, DATAID, RELEASEID, UNIQUEKEY, INCLUDESQL, COLTYPE, FOLLOWJOHN ) values ( 'DC_E_AFG:((13)):DC_E_AFG_DIAMETER:DAYBH', 'MIN_ID', 7, 'tinyint', 0, 0, 60, 1, 'LF', '', 'MIN_ID', 'BASE_TP_090421', 1, 1, 'PUBLICKEY', null );
insert into Measurementcolumn ( MTABLEID, DATANAME, COLNUMBER, DATATYPE, DATASIZE, DATASCALE, UNIQUEVALUE, NULLABLE, INDEXES, DESCRIPTION, DATAID, RELEASEID, UNIQUEKEY, INCLUDESQL, COLTYPE, FOLLOWJOHN ) values ( 'DC_E_AFG:((13)):DC_E_AFG_DIAMETER:DAYBH', 'MONTH_ID', 5, 'tinyint', 0, 0, 12, 1, 'LF', '', 'MONTH_ID', 'BASE_TP_090421', 0, 0, 'PUBLICKEY', null );
insert into Measurementcolumn ( MTABLEID, DATANAME, COLNUMBER, DATATYPE, DATASIZE, DATASCALE, UNIQUEVALUE, NULLABLE, INDEXES, DESCRIPTION, DATAID, RELEASEID, UNIQUEKEY, INCLUDESQL, COLTYPE, FOLLOWJOHN ) values ( 'DC_E_AFG:((13)):DC_E_AFG_DIAMETER:DAYBH', 'NODE_NAME', 2, 'varchar', 50, 0, 255, 1, 'HG', 'Node Name', 'NODE_NAME', 'DC_E_AFG:((13))', 1, 1, 'KEY', null );
insert into Measurementcolumn ( MTABLEID, DATANAME, COLNUMBER, DATATYPE, DATASIZE, DATASCALE, UNIQUEVALUE, NULLABLE, INDEXES, DESCRIPTION, DATAID, RELEASEID, UNIQUEKEY, INCLUDESQL, COLTYPE, FOLLOWJOHN ) values ( 'DC_E_AFG:((13)):DC_E_AFG_DIAMETER:DAYBH', 'OFFSET', 21, 'unsigned int', 0, 0, 255, 1, '', '', 'OFFSET', 'BASE_TP_20100318', 0, 0, 'PUBLICKEY', null );
insert into Measurementcolumn ( MTABLEID, DATANAME, COLNUMBER, DATATYPE, DATASIZE, DATASCALE, UNIQUEVALUE, NULLABLE, INDEXES, DESCRIPTION, DATAID, RELEASEID, UNIQUEKEY, INCLUDESQL, COLTYPE, FOLLOWJOHN ) values ( 'DC_E_AFG:((13)):DC_E_AFG_DIAMETER:DAYBH', 'OSS_ID', 1, 'varchar', 50, 0, 255, 1, 'HG', 'OSS Id', 'OSS_ID', 'DC_E_AFG:((13))', 1, 1, 'KEY', null );
insert into Measurementcolumn ( MTABLEID, DATANAME, COLNUMBER, DATATYPE, DATASIZE, DATASCALE, UNIQUEVALUE, NULLABLE, INDEXES, DESCRIPTION, DATAID, RELEASEID, UNIQUEKEY, INCLUDESQL, COLTYPE, FOLLOWJOHN ) values ( 'DC_E_AFG:((13)):DC_E_AFG_DIAMETER:DAYBH', 'PERIOD_DURATION', 14, 'unsigned int', 0, 0, 10, 1, '', '', 'PERIOD_DURATION', 'BASE_TP_090421', 0, 1, 'PUBLICKEY', null );
insert into Measurementcolumn ( MTABLEID, DATANAME, COLNUMBER, DATATYPE, DATASIZE, DATASCALE, UNIQUEVALUE, NULLABLE, INDEXES, DESCRIPTION, DATAID, RELEASEID, UNIQUEKEY, INCLUDESQL, COLTYPE, FOLLOWJOHN ) values ( 'DC_E_AFG:((13)):DC_E_AFG_DIAMETER:DAYBH', 'ROWSTATUS', 15, 'varchar', 16, 0, 10, 1, '', '', 'ROWSTATUS', 'BASE_TP_090421', 0, 1, 'PUBLICKEY', null );
insert into Measurementcolumn ( MTABLEID, DATANAME, COLNUMBER, DATATYPE, DATASIZE, DATASCALE, UNIQUEVALUE, NULLABLE, INDEXES, DESCRIPTION, DATAID, RELEASEID, UNIQUEKEY, INCLUDESQL, COLTYPE, FOLLOWJOHN ) values ( 'DC_E_AFG:((13)):DC_E_AFG_DIAMETER:DAYBH', 'SESSION_ID', 12, 'unsigned int', 0, 0, 255, 1, '', '', 'SESSION_ID', 'BASE_TP_090421', 0, 0, 'PUBLICKEY', null );
insert into Measurementcolumn ( MTABLEID, DATANAME, COLNUMBER, DATATYPE, DATASIZE, DATASCALE, UNIQUEVALUE, NULLABLE, INDEXES, DESCRIPTION, DATAID, RELEASEID, UNIQUEKEY, INCLUDESQL, COLTYPE, FOLLOWJOHN ) values ( 'DC_E_AFG:((13)):DC_E_AFG_DIAMETER:DAYBH', 'TIMELEVEL', 11, 'varchar', 10, 0, 10, 1, 'LF', '', 'TIMELEVEL', 'BASE_TP_090421', 0, 0, 'PUBLICKEY', null );
insert into Measurementcolumn ( MTABLEID, DATANAME, COLNUMBER, DATATYPE, DATASIZE, DATASCALE, UNIQUEVALUE, NULLABLE, INDEXES, DESCRIPTION, DATAID, RELEASEID, UNIQUEKEY, INCLUDESQL, COLTYPE, FOLLOWJOHN ) values ( 'DC_E_AFG:((13)):DC_E_AFG_DIAMETER:DAYBH', 'YEAR_ID', 4, 'smallint', 0, 0, 20, 1, 'LF', '', 'YEAR_ID', 'BASE_TP_090421', 0, 0, 'PUBLICKEY', null );
insert into Measurementcolumn ( MTABLEID, DATANAME, COLNUMBER, DATATYPE, DATASIZE, DATASCALE, UNIQUEVALUE, NULLABLE, INDEXES, DESCRIPTION, DATAID, RELEASEID, UNIQUEKEY, INCLUDESQL, COLTYPE, FOLLOWJOHN ) values ( 'DC_E_AFG:((13)):DC_E_AFG_DIAMETER:DAYBH', 'dZhCntAuthAvgTime_actual', 22, 'numeric', 24, 4, 255, 1, '', 'Average time in milliseconds between sending a MAR and receiving a successful MAA during the sampling interval.', 'dZhCntAuthAvgTime.actual', 'DC_E_AFG:((13))', 0, 1, 'COUNTER', null );
insert into Measurementcolumn ( MTABLEID, DATANAME, COLNUMBER, DATATYPE, DATASIZE, DATASCALE, UNIQUEVALUE, NULLABLE, INDEXES, DESCRIPTION, DATAID, RELEASEID, UNIQUEKEY, INCLUDESQL, COLTYPE, FOLLOWJOHN ) values ( 'DC_E_AFG:((13)):DC_E_AFG_DIAMETER:DAYBH', 'dZhCntAuthAvgTime_max', 24, 'numeric', 24, 4, 255, 1, '', 'Average time in milliseconds between sending a MAR and receiving a successful MAA during the sampling interval.', 'dZhCntAuthAvgTime.max', 'DC_E_AFG:((13))', 0, 1, 'COUNTER', null );
insert into Measurementcolumn ( MTABLEID, DATANAME, COLNUMBER, DATATYPE, DATASIZE, DATASCALE, UNIQUEVALUE, NULLABLE, INDEXES, DESCRIPTION, DATAID, RELEASEID, UNIQUEKEY, INCLUDESQL, COLTYPE, FOLLOWJOHN ) values ( 'DC_E_AFG:((13)):DC_E_AFG_DIAMETER:DAYBH', 'dZhCntAuthAvgTime_min', 23, 'numeric', 24, 4, 255, 1, '', 'Average time in milliseconds between sending a MAR and receiving a successful MAA during the sampling interval.', 'dZhCntAuthAvgTime.min', 'DC_E_AFG:((13))', 0, 1, 'COUNTER', null );
insert into Measurementcolumn ( MTABLEID, DATANAME, COLNUMBER, DATATYPE, DATASIZE, DATASCALE, UNIQUEVALUE, NULLABLE, INDEXES, DESCRIPTION, DATAID, RELEASEID, UNIQUEKEY, INCLUDESQL, COLTYPE, FOLLOWJOHN ) values ( 'DC_E_AFG:((13)):DC_E_AFG_DIAMETER:DAYBH', 'dZhCntAuthFailed_actual', 25, 'numeric', 20, 0, 255, 1, '', 'Number of all failed HSS authentications.', 'dZhCntAuthFailed.actual', 'DC_E_AFG:((13))', 0, 1, 'COUNTER', null );
insert into Measurementcolumn ( MTABLEID, DATANAME, COLNUMBER, DATATYPE, DATASIZE, DATASCALE, UNIQUEVALUE, NULLABLE, INDEXES, DESCRIPTION, DATAID, RELEASEID, UNIQUEKEY, INCLUDESQL, COLTYPE, FOLLOWJOHN ) values ( 'DC_E_AFG:((13)):DC_E_AFG_DIAMETER:DAYBH', 'dZhCntAuthFailed_delta', 26, 'numeric', 20, 0, 255, 1, '', 'Number of all failed HSS authentications.', 'dZhCntAuthFailed.delta', 'DC_E_AFG:((13))', 0, 1, 'COUNTER', null );
insert into Measurementcolumn ( MTABLEID, DATANAME, COLNUMBER, DATATYPE, DATASIZE, DATASCALE, UNIQUEVALUE, NULLABLE, INDEXES, DESCRIPTION, DATAID, RELEASEID, UNIQUEKEY, INCLUDESQL, COLTYPE, FOLLOWJOHN ) values ( 'DC_E_AFG:((13)):DC_E_AFG_DIAMETER:DAYBH', 'dZhCntAuthMaxTime_actual', 27, 'numeric', 24, 4, 255, 1, '', 'Maximum time in milliseconds between sending a MAR and receiving a successful MAA during the sampling interval.', 'dZhCntAuthMaxTime.actual', 'DC_E_AFG:((13))', 0, 1, 'COUNTER', null );
insert into Measurementcolumn ( MTABLEID, DATANAME, COLNUMBER, DATATYPE, DATASIZE, DATASCALE, UNIQUEVALUE, NULLABLE, INDEXES, DESCRIPTION, DATAID, RELEASEID, UNIQUEKEY, INCLUDESQL, COLTYPE, FOLLOWJOHN ) values ( 'DC_E_AFG:((13)):DC_E_AFG_DIAMETER:DAYBH', 'dZhCntAuthMaxTime_max', 29, 'numeric', 24, 4, 255, 1, '', 'Maximum time in milliseconds between sending a MAR and receiving a successful MAA during the sampling interval.', 'dZhCntAuthMaxTime.max', 'DC_E_AFG:((13))', 0, 1, 'COUNTER', null );
insert into Measurementcolumn ( MTABLEID, DATANAME, COLNUMBER, DATATYPE, DATASIZE, DATASCALE, UNIQUEVALUE, NULLABLE, INDEXES, DESCRIPTION, DATAID, RELEASEID, UNIQUEKEY, INCLUDESQL, COLTYPE, FOLLOWJOHN ) values ( 'DC_E_AFG:((13)):DC_E_AFG_DIAMETER:DAYBH', 'dZhCntAuthMaxTime_min', 28, 'numeric', 24, 4, 255, 1, '', 'Maximum time in milliseconds between sending a MAR and receiving a successful MAA during the sampling interval.', 'dZhCntAuthMaxTime.min', 'DC_E_AFG:((13))', 0, 1, 'COUNTER', null );
insert into Measurementcolumn ( MTABLEID, DATANAME, COLNUMBER, DATATYPE, DATASIZE, DATASCALE, UNIQUEVALUE, NULLABLE, INDEXES, DESCRIPTION, DATAID, RELEASEID, UNIQUEKEY, INCLUDESQL, COLTYPE, FOLLOWJOHN ) values ( 'DC_E_AFG:((13)):DC_E_AFG_DIAMETER:DAYBH', 'dZhCntAuthSuccessful_actual', 30, 'numeric', 20, 0, 255, 1, '', 'Number of all successful HSS authentications.', 'dZhCntAuthSuccessful.actual', 'DC_E_AFG:((13))', 0, 1, 'COUNTER', null );
insert into Measurementcolumn ( MTABLEID, DATANAME, COLNUMBER, DATATYPE, DATASIZE, DATASCALE, UNIQUEVALUE, NULLABLE, INDEXES, DESCRIPTION, DATAID, RELEASEID, UNIQUEKEY, INCLUDESQL, COLTYPE, FOLLOWJOHN ) values ( 'DC_E_AFG:((13)):DC_E_AFG_DIAMETER:DAYBH', 'dZhCntAuthSuccessful_delta', 31, 'numeric', 20, 0, 255, 1, '', 'Number of all successful HSS authentications.', 'dZhCntAuthSuccessful.delta', 'DC_E_AFG:((13))', 0, 1, 'COUNTER', null );
insert into Measurementcolumn ( MTABLEID, DATANAME, COLNUMBER, DATATYPE, DATASIZE, DATASCALE, UNIQUEVALUE, NULLABLE, INDEXES, DESCRIPTION, DATAID, RELEASEID, UNIQUEKEY, INCLUDESQL, COLTYPE, FOLLOWJOHN ) values ( 'DC_E_AFG:((13)):DC_E_AFG_DIAMETER:DAYBH', 'dZhCntAuthTotal_actual', 32, 'numeric', 20, 0, 255, 1, '', 'Number of all HSS authentications', 'dZhCntAuthTotal.actual', 'DC_E_AFG:((13))', 0, 1, 'COUNTER', null );
insert into Measurementcolumn ( MTABLEID, DATANAME, COLNUMBER, DATATYPE, DATASIZE, DATASCALE, UNIQUEVALUE, NULLABLE, INDEXES, DESCRIPTION, DATAID, RELEASEID, UNIQUEKEY, INCLUDESQL, COLTYPE, FOLLOWJOHN ) values ( 'DC_E_AFG:((13)):DC_E_AFG_DIAMETER:DAYBH', 'dZhCntAuthTotal_delta', 33, 'numeric', 20, 0, 255, 1, '', 'Number of all HSS authentications', 'dZhCntAuthTotal.delta', 'DC_E_AFG:((13))', 0, 1, 'COUNTER', null );
insert into Measurementcolumn ( MTABLEID, DATANAME, COLNUMBER, DATATYPE, DATASIZE, DATASCALE, UNIQUEVALUE, NULLABLE, INDEXES, DESCRIPTION, DATAID, RELEASEID, UNIQUEKEY, INCLUDESQL, COLTYPE, FOLLOWJOHN ) values ( 'DC_E_AFG:((13)):DC_E_AFG_DIAMETER:RAW', 'BATCH_ID', 12, 'smallint', 0, 0, 255, 1, '', '', 'BATCH_ID', 'BASE_TP_090421', 0, 0, 'PUBLICKEY', null );
insert into Measurementcolumn ( MTABLEID, DATANAME, COLNUMBER, DATATYPE, DATASIZE, DATASCALE, UNIQUEVALUE, NULLABLE, INDEXES, DESCRIPTION, DATAID, RELEASEID, UNIQUEKEY, INCLUDESQL, COLTYPE, FOLLOWJOHN ) values ( 'DC_E_AFG:((13)):DC_E_AFG_DIAMETER:RAW', 'DATETIME_ID', 8, 'datetime', 0, 0, 255, 1, 'HG', '', 'DATETIME_ID', 'BASE_TP_090421', 1, 1, 'PUBLICKEY', null );
insert into Measurementcolumn ( MTABLEID, DATANAME, COLNUMBER, DATATYPE, DATASIZE, DATASCALE, UNIQUEVALUE, NULLABLE, INDEXES, DESCRIPTION, DATAID, RELEASEID, UNIQUEKEY, INCLUDESQL, COLTYPE, FOLLOWJOHN ) values ( 'DC_E_AFG:((13)):DC_E_AFG_DIAMETER:RAW', 'DATE_ID', 3, 'date', 0, 0, 255, 1, 'LF', '', 'DATE_ID', 'BASE_TP_090421', 0, 0, 'PUBLICKEY', null );
insert into Measurementcolumn ( MTABLEID, DATANAME, COLNUMBER, DATATYPE, DATASIZE, DATASCALE, UNIQUEVALUE, NULLABLE, INDEXES, DESCRIPTION, DATAID, RELEASEID, UNIQUEKEY, INCLUDESQL, COLTYPE, FOLLOWJOHN ) values ( 'DC_E_AFG:((13)):DC_E_AFG_DIAMETER:RAW', 'DAY_ID', 6, 'tinyint', 0, 0, 31, 1, 'LF', '', 'DAY_ID', 'BASE_TP_090421', 0, 0, 'PUBLICKEY', null );
insert into Measurementcolumn ( MTABLEID, DATANAME, COLNUMBER, DATATYPE, DATASIZE, DATASCALE, UNIQUEVALUE, NULLABLE, INDEXES, DESCRIPTION, DATAID, RELEASEID, UNIQUEKEY, INCLUDESQL, COLTYPE, FOLLOWJOHN ) values ( 'DC_E_AFG:((13)):DC_E_AFG_DIAMETER:RAW', 'DC_RELEASE', 15, 'varchar', 16, 0, 2, 1, 'LF', '', 'DC_RELEASE', 'BASE_TP_090421', 0, 1, 'PUBLICKEY', null );
insert into Measurementcolumn ( MTABLEID, DATANAME, COLNUMBER, DATATYPE, DATASIZE, DATASCALE, UNIQUEVALUE, NULLABLE, INDEXES, DESCRIPTION, DATAID, RELEASEID, UNIQUEKEY, INCLUDESQL, COLTYPE, FOLLOWJOHN ) values ( 'DC_E_AFG:((13)):DC_E_AFG_DIAMETER:RAW', 'DC_SOURCE', 16, 'varchar', 16, 0, 2, 1, 'LF', '', 'DC_SOURCE', 'BASE_TP_090421', 0, 1, 'PUBLICKEY', null );
insert into Measurementcolumn ( MTABLEID, DATANAME, COLNUMBER, DATATYPE, DATASIZE, DATASCALE, UNIQUEVALUE, NULLABLE, INDEXES, DESCRIPTION, DATAID, RELEASEID, UNIQUEKEY, INCLUDESQL, COLTYPE, FOLLOWJOHN ) values ( 'DC_E_AFG:((13)):DC_E_AFG_DIAMETER:RAW', 'DC_SUSPECTFLAG', 18, 'int', 0, 0, 2, 1, 'LF', '', 'DC_SUSPECTFLAG', 'BASE_TP_090421', 0, 1, 'PUBLICKEY', null );
insert into Measurementcolumn ( MTABLEID, DATANAME, COLNUMBER, DATATYPE, DATASIZE, DATASCALE, UNIQUEVALUE, NULLABLE, INDEXES, DESCRIPTION, DATAID, RELEASEID, UNIQUEKEY, INCLUDESQL, COLTYPE, FOLLOWJOHN ) values ( 'DC_E_AFG:((13)):DC_E_AFG_DIAMETER:RAW', 'DC_TIMEZONE', 17, 'varchar', 16, 0, 2, 1, 'LF', '', 'DC_TIMEZONE', 'BASE_TP_090421', 0, 1, 'PUBLICKEY', null );
insert into Measurementcolumn ( MTABLEID, DATANAME, COLNUMBER, DATATYPE, DATASIZE, DATASCALE, UNIQUEVALUE, NULLABLE, INDEXES, DESCRIPTION, DATAID, RELEASEID, UNIQUEKEY, INCLUDESQL, COLTYPE, FOLLOWJOHN ) values ( 'DC_E_AFG:((13)):DC_E_AFG_DIAMETER:RAW', 'HOUR_ID', 7, 'tinyint', 0, 0, 24, 1, 'LF', '', 'HOUR_ID', 'BASE_TP_090421', 0, 0, 'PUBLICKEY', null );
insert into Measurementcolumn ( MTABLEID, DATANAME, COLNUMBER, DATATYPE, DATASIZE, DATASCALE, UNIQUEVALUE, NULLABLE, INDEXES, DESCRIPTION, DATAID, RELEASEID, UNIQUEKEY, INCLUDESQL, COLTYPE, FOLLOWJOHN ) values ( 'DC_E_AFG:((13)):DC_E_AFG_DIAMETER:RAW', 'MIN_ID', 9, 'tinyint', 0, 0, 60, 1, 'LF', '', 'MIN_ID', 'BASE_TP_090421', 0, 0, 'PUBLICKEY', null );
insert into Measurementcolumn ( MTABLEID, DATANAME, COLNUMBER, DATATYPE, DATASIZE, DATASCALE, UNIQUEVALUE, NULLABLE, INDEXES, DESCRIPTION, DATAID, RELEASEID, UNIQUEKEY, INCLUDESQL, COLTYPE, FOLLOWJOHN ) values ( 'DC_E_AFG:((13)):DC_E_AFG_DIAMETER:RAW', 'MONTH_ID', 5, 'tinyint', 0, 0, 12, 1, 'LF', '', 'MONTH_ID', 'BASE_TP_090421', 0, 0, 'PUBLICKEY', null );
insert into Measurementcolumn ( MTABLEID, DATANAME, COLNUMBER, DATATYPE, DATASIZE, DATASCALE, UNIQUEVALUE, NULLABLE, INDEXES, DESCRIPTION, DATAID, RELEASEID, UNIQUEKEY, INCLUDESQL, COLTYPE, FOLLOWJOHN ) values ( 'DC_E_AFG:((13)):DC_E_AFG_DIAMETER:RAW', 'NODE_NAME', 2, 'varchar', 50, 0, 255, 1, 'HG', 'Node Name', 'NODE_NAME', 'DC_E_AFG:((13))', 1, 1, 'KEY', null );
insert into Measurementcolumn ( MTABLEID, DATANAME, COLNUMBER, DATATYPE, DATASIZE, DATASCALE, UNIQUEVALUE, NULLABLE, INDEXES, DESCRIPTION, DATAID, RELEASEID, UNIQUEKEY, INCLUDESQL, COLTYPE, FOLLOWJOHN ) values ( 'DC_E_AFG:((13)):DC_E_AFG_DIAMETER:RAW', 'OSS_ID', 1, 'varchar', 50, 0, 255, 1, 'HG', 'OSS Id', 'OSS_ID', 'DC_E_AFG:((13))', 1, 1, 'KEY', null );
insert into Measurementcolumn ( MTABLEID, DATANAME, COLNUMBER, DATATYPE, DATASIZE, DATASCALE, UNIQUEVALUE, NULLABLE, INDEXES, DESCRIPTION, DATAID, RELEASEID, UNIQUEKEY, INCLUDESQL, COLTYPE, FOLLOWJOHN ) values ( 'DC_E_AFG:((13)):DC_E_AFG_DIAMETER:RAW', 'PERIOD_DURATION', 13, 'unsigned int', 0, 0, 10, 1, '', '', 'PERIOD_DURATION', 'BASE_TP_090421', 0, 1, 'PUBLICKEY', null );
insert into Measurementcolumn ( MTABLEID, DATANAME, COLNUMBER, DATATYPE, DATASIZE, DATASCALE, UNIQUEVALUE, NULLABLE, INDEXES, DESCRIPTION, DATAID, RELEASEID, UNIQUEKEY, INCLUDESQL, COLTYPE, FOLLOWJOHN ) values ( 'DC_E_AFG:((13)):DC_E_AFG_DIAMETER:RAW', 'ROWSTATUS', 14, 'varchar', 16, 0, 10, 1, '', '', 'ROWSTATUS', 'BASE_TP_090421', 0, 1, 'PUBLICKEY', null );
insert into Measurementcolumn ( MTABLEID, DATANAME, COLNUMBER, DATATYPE, DATASIZE, DATASCALE, UNIQUEVALUE, NULLABLE, INDEXES, DESCRIPTION, DATAID, RELEASEID, UNIQUEKEY, INCLUDESQL, COLTYPE, FOLLOWJOHN ) values ( 'DC_E_AFG:((13)):DC_E_AFG_DIAMETER:RAW', 'SESSION_ID', 11, 'unsigned int', 0, 0, 255, 1, '', '', 'SESSION_ID', 'BASE_TP_090421', 0, 0, 'PUBLICKEY', null );
insert into Measurementcolumn ( MTABLEID, DATANAME, COLNUMBER, DATATYPE, DATASIZE, DATASCALE, UNIQUEVALUE, NULLABLE, INDEXES, DESCRIPTION, DATAID, RELEASEID, UNIQUEKEY, INCLUDESQL, COLTYPE, FOLLOWJOHN ) values ( 'DC_E_AFG:((13)):DC_E_AFG_DIAMETER:RAW', 'TIMELEVEL', 10, 'varchar', 10, 0, 10, 1, 'LF', '', 'TIMELEVEL', 'BASE_TP_090421', 0, 0, 'PUBLICKEY', null );
insert into Measurementcolumn ( MTABLEID, DATANAME, COLNUMBER, DATATYPE, DATASIZE, DATASCALE, UNIQUEVALUE, NULLABLE, INDEXES, DESCRIPTION, DATAID, RELEASEID, UNIQUEKEY, INCLUDESQL, COLTYPE, FOLLOWJOHN ) values ( 'DC_E_AFG:((13)):DC_E_AFG_DIAMETER:RAW', 'UTC_DATETIME_ID', 19, 'datetime', 0, 0, 255, 1, 'HG', '', 'UTC_DATETIME_ID', 'BASE_TP_090421', 1, 1, 'PUBLICKEY', null );
insert into Measurementcolumn ( MTABLEID, DATANAME, COLNUMBER, DATATYPE, DATASIZE, DATASCALE, UNIQUEVALUE, NULLABLE, INDEXES, DESCRIPTION, DATAID, RELEASEID, UNIQUEKEY, INCLUDESQL, COLTYPE, FOLLOWJOHN ) values ( 'DC_E_AFG:((13)):DC_E_AFG_DIAMETER:RAW', 'YEAR_ID', 4, 'smallint', 0, 0, 20, 1, 'LF', '', 'YEAR_ID', 'BASE_TP_090421', 0, 0, 'PUBLICKEY', null );
insert into Measurementcolumn ( MTABLEID, DATANAME, COLNUMBER, DATATYPE, DATASIZE, DATASCALE, UNIQUEVALUE, NULLABLE, INDEXES, DESCRIPTION, DATAID, RELEASEID, UNIQUEKEY, INCLUDESQL, COLTYPE, FOLLOWJOHN ) values ( 'DC_E_AFG:((13)):DC_E_AFG_DIAMETER:RAW', 'dZhCntAuthAvgTime_actual', 20, 'numeric', 24, 4, 255, 1, '', 'Average time in milliseconds between sending a MAR and receiving a successful MAA during the sampling interval.', 'dZhCntAuthAvgTime.actual', 'DC_E_AFG:((13))', 0, 1, 'COUNTER', null );
insert into Measurementcolumn ( MTABLEID, DATANAME, COLNUMBER, DATATYPE, DATASIZE, DATASCALE, UNIQUEVALUE, NULLABLE, INDEXES, DESCRIPTION, DATAID, RELEASEID, UNIQUEKEY, INCLUDESQL, COLTYPE, FOLLOWJOHN ) values ( 'DC_E_AFG:((13)):DC_E_AFG_DIAMETER:RAW', 'dZhCntAuthAvgTime_max', 22, 'numeric', 24, 4, 255, 1, '', 'Average time in milliseconds between sending a MAR and receiving a successful MAA during the sampling interval.', 'dZhCntAuthAvgTime.max', 'DC_E_AFG:((13))', 0, 1, 'COUNTER', null );
insert into Measurementcolumn ( MTABLEID, DATANAME, COLNUMBER, DATATYPE, DATASIZE, DATASCALE, UNIQUEVALUE, NULLABLE, INDEXES, DESCRIPTION, DATAID, RELEASEID, UNIQUEKEY, INCLUDESQL, COLTYPE, FOLLOWJOHN ) values ( 'DC_E_AFG:((13)):DC_E_AFG_DIAMETER:RAW', 'dZhCntAuthAvgTime_min', 21, 'numeric', 24, 4, 255, 1, '', 'Average time in milliseconds between sending a MAR and receiving a successful MAA during the sampling interval.', 'dZhCntAuthAvgTime.min', 'DC_E_AFG:((13))', 0, 1, 'COUNTER', null );
insert into Measurementcolumn ( MTABLEID, DATANAME, COLNUMBER, DATATYPE, DATASIZE, DATASCALE, UNIQUEVALUE, NULLABLE, INDEXES, DESCRIPTION, DATAID, RELEASEID, UNIQUEKEY, INCLUDESQL, COLTYPE, FOLLOWJOHN ) values ( 'DC_E_AFG:((13)):DC_E_AFG_DIAMETER:RAW', 'dZhCntAuthFailed_actual', 23, 'numeric', 20, 0, 255, 1, '', 'Number of all failed HSS authentications.', 'dZhCntAuthFailed.actual', 'DC_E_AFG:((13))', 0, 1, 'COUNTER', null );
insert into Measurementcolumn ( MTABLEID, DATANAME, COLNUMBER, DATATYPE, DATASIZE, DATASCALE, UNIQUEVALUE, NULLABLE, INDEXES, DESCRIPTION, DATAID, RELEASEID, UNIQUEKEY, INCLUDESQL, COLTYPE, FOLLOWJOHN ) values ( 'DC_E_AFG:((13)):DC_E_AFG_DIAMETER:RAW', 'dZhCntAuthFailed_delta', 24, 'numeric', 20, 0, 255, 1, '', 'Number of all failed HSS authentications.', 'dZhCntAuthFailed.delta', 'DC_E_AFG:((13))', 0, 1, 'COUNTER', null );
insert into Measurementcolumn ( MTABLEID, DATANAME, COLNUMBER, DATATYPE, DATASIZE, DATASCALE, UNIQUEVALUE, NULLABLE, INDEXES, DESCRIPTION, DATAID, RELEASEID, UNIQUEKEY, INCLUDESQL, COLTYPE, FOLLOWJOHN ) values ( 'DC_E_AFG:((13)):DC_E_AFG_DIAMETER:RAW', 'dZhCntAuthMaxTime_actual', 25, 'numeric', 24, 4, 255, 1, '', 'Maximum time in milliseconds between sending a MAR and receiving a successful MAA during the sampling interval.', 'dZhCntAuthMaxTime.actual', 'DC_E_AFG:((13))', 0, 1, 'COUNTER', null );
insert into Measurementcolumn ( MTABLEID, DATANAME, COLNUMBER, DATATYPE, DATASIZE, DATASCALE, UNIQUEVALUE, NULLABLE, INDEXES, DESCRIPTION, DATAID, RELEASEID, UNIQUEKEY, INCLUDESQL, COLTYPE, FOLLOWJOHN ) values ( 'DC_E_AFG:((13)):DC_E_AFG_DIAMETER:RAW', 'dZhCntAuthMaxTime_max', 27, 'numeric', 24, 4, 255, 1, '', 'Maximum time in milliseconds between sending a MAR and receiving a successful MAA during the sampling interval.', 'dZhCntAuthMaxTime.max', 'DC_E_AFG:((13))', 0, 1, 'COUNTER', null );
insert into Measurementcolumn ( MTABLEID, DATANAME, COLNUMBER, DATATYPE, DATASIZE, DATASCALE, UNIQUEVALUE, NULLABLE, INDEXES, DESCRIPTION, DATAID, RELEASEID, UNIQUEKEY, INCLUDESQL, COLTYPE, FOLLOWJOHN ) values ( 'DC_E_AFG:((13)):DC_E_AFG_DIAMETER:RAW', 'dZhCntAuthMaxTime_min', 26, 'numeric', 24, 4, 255, 1, '', 'Maximum time in milliseconds between sending a MAR and receiving a successful MAA during the sampling interval.', 'dZhCntAuthMaxTime.min', 'DC_E_AFG:((13))', 0, 1, 'COUNTER', null );
insert into Measurementcolumn ( MTABLEID, DATANAME, COLNUMBER, DATATYPE, DATASIZE, DATASCALE, UNIQUEVALUE, NULLABLE, INDEXES, DESCRIPTION, DATAID, RELEASEID, UNIQUEKEY, INCLUDESQL, COLTYPE, FOLLOWJOHN ) values ( 'DC_E_AFG:((13)):DC_E_AFG_DIAMETER:RAW', 'dZhCntAuthSuccessful_actual', 28, 'numeric', 20, 0, 255, 1, '', 'Number of all successful HSS authentications.', 'dZhCntAuthSuccessful.actual', 'DC_E_AFG:((13))', 0, 1, 'COUNTER', null );
insert into Measurementcolumn ( MTABLEID, DATANAME, COLNUMBER, DATATYPE, DATASIZE, DATASCALE, UNIQUEVALUE, NULLABLE, INDEXES, DESCRIPTION, DATAID, RELEASEID, UNIQUEKEY, INCLUDESQL, COLTYPE, FOLLOWJOHN ) values ( 'DC_E_AFG:((13)):DC_E_AFG_DIAMETER:RAW', 'dZhCntAuthSuccessful_delta', 29, 'numeric', 20, 0, 255, 1, '', 'Number of all successful HSS authentications.', 'dZhCntAuthSuccessful.delta', 'DC_E_AFG:((13))', 0, 1, 'COUNTER', null );
insert into Measurementcolumn ( MTABLEID, DATANAME, COLNUMBER, DATATYPE, DATASIZE, DATASCALE, UNIQUEVALUE, NULLABLE, INDEXES, DESCRIPTION, DATAID, RELEASEID, UNIQUEKEY, INCLUDESQL, COLTYPE, FOLLOWJOHN ) values ( 'DC_E_AFG:((13)):DC_E_AFG_DIAMETER:RAW', 'dZhCntAuthTotal_actual', 30, 'numeric', 20, 0, 255, 1, '', 'Number of all HSS authentications', 'dZhCntAuthTotal.actual', 'DC_E_AFG:((13))', 0, 1, 'COUNTER', null );
insert into Measurementcolumn ( MTABLEID, DATANAME, COLNUMBER, DATATYPE, DATASIZE, DATASCALE, UNIQUEVALUE, NULLABLE, INDEXES, DESCRIPTION, DATAID, RELEASEID, UNIQUEKEY, INCLUDESQL, COLTYPE, FOLLOWJOHN ) values ( 'DC_E_AFG:((13)):DC_E_AFG_DIAMETER:RAW', 'dZhCntAuthTotal_delta', 31, 'numeric', 20, 0, 255, 1, '', 'Number of all HSS authentications', 'dZhCntAuthTotal.delta', 'DC_E_AFG:((13))', 0, 1, 'COUNTER', null );
insert into Measurementcolumn ( MTABLEID, DATANAME, COLNUMBER, DATATYPE, DATASIZE, DATASCALE, UNIQUEVALUE, NULLABLE, INDEXES, DESCRIPTION, DATAID, RELEASEID, UNIQUEKEY, INCLUDESQL, COLTYPE, FOLLOWJOHN ) values ( 'DC_E_AFG:((13)):DC_E_AFG_OPENID_CONN:DAY', 'AGG_COUNT', 9, 'smallint', 0, 0, 255, 1, '', '', 'AGG_COUNT', 'BASE_TP_090421', 0, 0, 'PUBLICKEY', null );
insert into Measurementcolumn ( MTABLEID, DATANAME, COLNUMBER, DATATYPE, DATASIZE, DATASCALE, UNIQUEVALUE, NULLABLE, INDEXES, DESCRIPTION, DATAID, RELEASEID, UNIQUEKEY, INCLUDESQL, COLTYPE, FOLLOWJOHN ) values ( 'DC_E_AFG:((13)):DC_E_AFG_OPENID_CONN:DAY', 'BATCH_ID', 12, 'smallint', 0, 0, 255, 1, '', '', 'BATCH_ID', 'BASE_TP_090421', 0, 0, 'PUBLICKEY', null );
insert into Measurementcolumn ( MTABLEID, DATANAME, COLNUMBER, DATATYPE, DATASIZE, DATASCALE, UNIQUEVALUE, NULLABLE, INDEXES, DESCRIPTION, DATAID, RELEASEID, UNIQUEKEY, INCLUDESQL, COLTYPE, FOLLOWJOHN ) values ( 'DC_E_AFG:((13)):DC_E_AFG_OPENID_CONN:DAY', 'DATACOVERAGE', 8, 'unsigned int', 0, 0, 255, 1, '', '', 'DATACOVERAGE', 'BASE_TP_090421', 0, 1, 'PUBLICKEY', null );
insert into Measurementcolumn ( MTABLEID, DATANAME, COLNUMBER, DATATYPE, DATASIZE, DATASCALE, UNIQUEVALUE, NULLABLE, INDEXES, DESCRIPTION, DATAID, RELEASEID, UNIQUEKEY, INCLUDESQL, COLTYPE, FOLLOWJOHN ) values ( 'DC_E_AFG:((13)):DC_E_AFG_OPENID_CONN:DAY', 'DATE_ID', 3, 'date', 0, 0, 255, 1, 'LF', '', 'DATE_ID', 'BASE_TP_090421', 1, 1, 'PUBLICKEY', null );
insert into Measurementcolumn ( MTABLEID, DATANAME, COLNUMBER, DATATYPE, DATASIZE, DATASCALE, UNIQUEVALUE, NULLABLE, INDEXES, DESCRIPTION, DATAID, RELEASEID, UNIQUEKEY, INCLUDESQL, COLTYPE, FOLLOWJOHN ) values ( 'DC_E_AFG:((13)):DC_E_AFG_OPENID_CONN:DAY', 'DAY_ID', 6, 'tinyint', 0, 0, 31, 1, 'LF', '', 'DAY_ID', 'BASE_TP_090421', 0, 0, 'PUBLICKEY', null );
insert into Measurementcolumn ( MTABLEID, DATANAME, COLNUMBER, DATATYPE, DATASIZE, DATASCALE, UNIQUEVALUE, NULLABLE, INDEXES, DESCRIPTION, DATAID, RELEASEID, UNIQUEKEY, INCLUDESQL, COLTYPE, FOLLOWJOHN ) values ( 'DC_E_AFG:((13)):DC_E_AFG_OPENID_CONN:DAY', 'DC_RELEASE', 15, 'varchar', 16, 0, 2, 1, 'LF', '', 'DC_RELEASE', 'BASE_TP_090421', 1, 1, 'PUBLICKEY', null );
insert into Measurementcolumn ( MTABLEID, DATANAME, COLNUMBER, DATATYPE, DATASIZE, DATASCALE, UNIQUEVALUE, NULLABLE, INDEXES, DESCRIPTION, DATAID, RELEASEID, UNIQUEKEY, INCLUDESQL, COLTYPE, FOLLOWJOHN ) values ( 'DC_E_AFG:((13)):DC_E_AFG_OPENID_CONN:DAY', 'DC_SOURCE', 16, 'varchar', 16, 0, 2, 1, 'LF', '', 'DC_SOURCE', 'BASE_TP_090421', 0, 1, 'PUBLICKEY', null );
insert into Measurementcolumn ( MTABLEID, DATANAME, COLNUMBER, DATATYPE, DATASIZE, DATASCALE, UNIQUEVALUE, NULLABLE, INDEXES, DESCRIPTION, DATAID, RELEASEID, UNIQUEKEY, INCLUDESQL, COLTYPE, FOLLOWJOHN ) values ( 'DC_E_AFG:((13)):DC_E_AFG_OPENID_CONN:DAY', 'DC_SUSPECTFLAG', 18, 'int', 0, 0, 2, 1, 'LF', '', 'DC_SUSPECTFLAG', 'BASE_TP_090421', 0, 1, 'PUBLICKEY', null );
insert into Measurementcolumn ( MTABLEID, DATANAME, COLNUMBER, DATATYPE, DATASIZE, DATASCALE, UNIQUEVALUE, NULLABLE, INDEXES, DESCRIPTION, DATAID, RELEASEID, UNIQUEKEY, INCLUDESQL, COLTYPE, FOLLOWJOHN ) values ( 'DC_E_AFG:((13)):DC_E_AFG_OPENID_CONN:DAY', 'DC_TIMEZONE', 17, 'varchar', 16, 0, 2, 1, 'LF', '', 'DC_TIMEZONE', 'BASE_TP_090421', 0, 1, 'PUBLICKEY', null );
insert into Measurementcolumn ( MTABLEID, DATANAME, COLNUMBER, DATATYPE, DATASIZE, DATASCALE, UNIQUEVALUE, NULLABLE, INDEXES, DESCRIPTION, DATAID, RELEASEID, UNIQUEKEY, INCLUDESQL, COLTYPE, FOLLOWJOHN ) values ( 'DC_E_AFG:((13)):DC_E_AFG_OPENID_CONN:DAY', 'MONTH_ID', 5, 'tinyint', 0, 0, 12, 1, 'LF', '', 'MONTH_ID', 'BASE_TP_090421', 0, 0, 'PUBLICKEY', null );
insert into Measurementcolumn ( MTABLEID, DATANAME, COLNUMBER, DATATYPE, DATASIZE, DATASCALE, UNIQUEVALUE, NULLABLE, INDEXES, DESCRIPTION, DATAID, RELEASEID, UNIQUEKEY, INCLUDESQL, COLTYPE, FOLLOWJOHN ) values ( 'DC_E_AFG:((13)):DC_E_AFG_OPENID_CONN:DAY', 'NODE_NAME', 2, 'varchar', 50, 0, 255, 1, 'HG', 'Node Name', 'NODE_NAME', 'DC_E_AFG:((13))', 1, 1, 'KEY', null );
insert into Measurementcolumn ( MTABLEID, DATANAME, COLNUMBER, DATATYPE, DATASIZE, DATASCALE, UNIQUEVALUE, NULLABLE, INDEXES, DESCRIPTION, DATAID, RELEASEID, UNIQUEKEY, INCLUDESQL, COLTYPE, FOLLOWJOHN ) values ( 'DC_E_AFG:((13)):DC_E_AFG_OPENID_CONN:DAY', 'OSS_ID', 1, 'varchar', 50, 0, 255, 1, 'HG', 'OSS Id', 'OSS_ID', 'DC_E_AFG:((13))', 1, 1, 'KEY', null );
insert into Measurementcolumn ( MTABLEID, DATANAME, COLNUMBER, DATATYPE, DATASIZE, DATASCALE, UNIQUEVALUE, NULLABLE, INDEXES, DESCRIPTION, DATAID, RELEASEID, UNIQUEKEY, INCLUDESQL, COLTYPE, FOLLOWJOHN ) values ( 'DC_E_AFG:((13)):DC_E_AFG_OPENID_CONN:DAY', 'PERIOD_DURATION', 13, 'unsigned int', 0, 0, 10, 1, '', '', 'PERIOD_DURATION', 'BASE_TP_090421', 0, 1, 'PUBLICKEY', null );
insert into Measurementcolumn ( MTABLEID, DATANAME, COLNUMBER, DATATYPE, DATASIZE, DATASCALE, UNIQUEVALUE, NULLABLE, INDEXES, DESCRIPTION, DATAID, RELEASEID, UNIQUEKEY, INCLUDESQL, COLTYPE, FOLLOWJOHN ) values ( 'DC_E_AFG:((13)):DC_E_AFG_OPENID_CONN:DAY', 'ROWSTATUS', 14, 'varchar', 16, 0, 10, 1, '', '', 'ROWSTATUS', 'BASE_TP_090421', 0, 1, 'PUBLICKEY', null );
insert into Measurementcolumn ( MTABLEID, DATANAME, COLNUMBER, DATATYPE, DATASIZE, DATASCALE, UNIQUEVALUE, NULLABLE, INDEXES, DESCRIPTION, DATAID, RELEASEID, UNIQUEKEY, INCLUDESQL, COLTYPE, FOLLOWJOHN ) values ( 'DC_E_AFG:((13)):DC_E_AFG_OPENID_CONN:DAY', 'SESSION_ID', 11, 'unsigned int', 0, 0, 255, 1, '', '', 'SESSION_ID', 'BASE_TP_090421', 0, 0, 'PUBLICKEY', null );
insert into Measurementcolumn ( MTABLEID, DATANAME, COLNUMBER, DATATYPE, DATASIZE, DATASCALE, UNIQUEVALUE, NULLABLE, INDEXES, DESCRIPTION, DATAID, RELEASEID, UNIQUEKEY, INCLUDESQL, COLTYPE, FOLLOWJOHN ) values ( 'DC_E_AFG:((13)):DC_E_AFG_OPENID_CONN:DAY', 'TIMELEVEL', 10, 'varchar', 10, 0, 10, 1, 'LF', '', 'TIMELEVEL', 'BASE_TP_090421', 0, 0, 'PUBLICKEY', null );
insert into Measurementcolumn ( MTABLEID, DATANAME, COLNUMBER, DATATYPE, DATASIZE, DATASCALE, UNIQUEVALUE, NULLABLE, INDEXES, DESCRIPTION, DATAID, RELEASEID, UNIQUEKEY, INCLUDESQL, COLTYPE, FOLLOWJOHN ) values ( 'DC_E_AFG:((13)):DC_E_AFG_OPENID_CONN:DAY', 'WEEK_ID', 7, 'tinyint', 0, 0, 53, 1, 'LF', '', 'WEEK_ID', 'BASE_TP_090421', 0, 0, 'PUBLICKEY', null );
insert into Measurementcolumn ( MTABLEID, DATANAME, COLNUMBER, DATATYPE, DATASIZE, DATASCALE, UNIQUEVALUE, NULLABLE, INDEXES, DESCRIPTION, DATAID, RELEASEID, UNIQUEKEY, INCLUDESQL, COLTYPE, FOLLOWJOHN ) values ( 'DC_E_AFG:((13)):DC_E_AFG_OPENID_CONN:DAY', 'YEAR_ID', 4, 'smallint', 0, 0, 20, 1, 'LF', '', 'YEAR_ID', 'BASE_TP_090421', 0, 0, 'PUBLICKEY', null );
insert into Measurementcolumn ( MTABLEID, DATANAME, COLNUMBER, DATATYPE, DATASIZE, DATASCALE, UNIQUEVALUE, NULLABLE, INDEXES, DESCRIPTION, DATAID, RELEASEID, UNIQUEKEY, INCLUDESQL, COLTYPE, FOLLOWJOHN ) values ( 'DC_E_AFG:((13)):DC_E_AFG_OPENID_CONN:DAY', 'oidcAuthFail401_actual', 21, 'numeric', 20, 0, 255, 1, '', 'Number of OpenID Connect authentication requests that resulted in a 401.', 'oidcAuthFail401.actual', 'DC_E_AFG:((13))', 0, 1, 'COUNTER', null );
insert into Measurementcolumn ( MTABLEID, DATANAME, COLNUMBER, DATATYPE, DATASIZE, DATASCALE, UNIQUEVALUE, NULLABLE, INDEXES, DESCRIPTION, DATAID, RELEASEID, UNIQUEKEY, INCLUDESQL, COLTYPE, FOLLOWJOHN ) values ( 'DC_E_AFG:((13)):DC_E_AFG_OPENID_CONN:DAY', 'oidcAuthFail401_delta', 22, 'numeric', 20, 0, 255, 1, '', 'Number of OpenID Connect authentication requests that resulted in a 401.', 'oidcAuthFail401.delta', 'DC_E_AFG:((13))', 0, 1, 'COUNTER', null );
insert into Measurementcolumn ( MTABLEID, DATANAME, COLNUMBER, DATATYPE, DATASIZE, DATASCALE, UNIQUEVALUE, NULLABLE, INDEXES, DESCRIPTION, DATAID, RELEASEID, UNIQUEKEY, INCLUDESQL, COLTYPE, FOLLOWJOHN ) values ( 'DC_E_AFG:((13)):DC_E_AFG_OPENID_CONN:DAY', 'oidcAuthFail_actual', 19, 'numeric', 20, 0, 255, 1, '', 'Number of failed OpenID Connect authentication requests.', 'oidcAuthFail.actual', 'DC_E_AFG:((13))', 0, 1, 'COUNTER', null );
insert into Measurementcolumn ( MTABLEID, DATANAME, COLNUMBER, DATATYPE, DATASIZE, DATASCALE, UNIQUEVALUE, NULLABLE, INDEXES, DESCRIPTION, DATAID, RELEASEID, UNIQUEKEY, INCLUDESQL, COLTYPE, FOLLOWJOHN ) values ( 'DC_E_AFG:((13)):DC_E_AFG_OPENID_CONN:DAY', 'oidcAuthFail_delta', 20, 'numeric', 20, 0, 255, 1, '', 'Number of failed OpenID Connect authentication requests.', 'oidcAuthFail.delta', 'DC_E_AFG:((13))', 0, 1, 'COUNTER', null );
insert into Measurementcolumn ( MTABLEID, DATANAME, COLNUMBER, DATATYPE, DATASIZE, DATASCALE, UNIQUEVALUE, NULLABLE, INDEXES, DESCRIPTION, DATAID, RELEASEID, UNIQUEKEY, INCLUDESQL, COLTYPE, FOLLOWJOHN ) values ( 'DC_E_AFG:((13)):DC_E_AFG_OPENID_CONN:DAY', 'oidcAuthReq_actual', 23, 'numeric', 20, 0, 255, 1, '', 'Total number of OpenID Connect authentication requests.', 'oidcAuthReq.actual', 'DC_E_AFG:((13))', 0, 1, 'COUNTER', null );
insert into Measurementcolumn ( MTABLEID, DATANAME, COLNUMBER, DATATYPE, DATASIZE, DATASCALE, UNIQUEVALUE, NULLABLE, INDEXES, DESCRIPTION, DATAID, RELEASEID, UNIQUEKEY, INCLUDESQL, COLTYPE, FOLLOWJOHN ) values ( 'DC_E_AFG:((13)):DC_E_AFG_OPENID_CONN:DAY', 'oidcAuthReq_delta', 24, 'numeric', 20, 0, 255, 1, '', 'Total number of OpenID Connect authentication requests.', 'oidcAuthReq.delta', 'DC_E_AFG:((13))', 0, 1, 'COUNTER', null );
insert into Measurementcolumn ( MTABLEID, DATANAME, COLNUMBER, DATATYPE, DATASIZE, DATASCALE, UNIQUEVALUE, NULLABLE, INDEXES, DESCRIPTION, DATAID, RELEASEID, UNIQUEKEY, INCLUDESQL, COLTYPE, FOLLOWJOHN ) values ( 'DC_E_AFG:((13)):DC_E_AFG_OPENID_CONN:DAY', 'oidcAuthSucc_actual', 25, 'numeric', 20, 0, 255, 1, '', 'Number of successful OpenID Connect authentication responses.', 'oidcAuthSucc.actual', 'DC_E_AFG:((13))', 0, 1, 'COUNTER', null );
insert into Measurementcolumn ( MTABLEID, DATANAME, COLNUMBER, DATATYPE, DATASIZE, DATASCALE, UNIQUEVALUE, NULLABLE, INDEXES, DESCRIPTION, DATAID, RELEASEID, UNIQUEKEY, INCLUDESQL, COLTYPE, FOLLOWJOHN ) values ( 'DC_E_AFG:((13)):DC_E_AFG_OPENID_CONN:DAY', 'oidcAuthSucc_delta', 26, 'numeric', 20, 0, 255, 1, '', 'Number of successful OpenID Connect authentication responses.', 'oidcAuthSucc.delta', 'DC_E_AFG:((13))', 0, 1, 'COUNTER', null );
insert into Measurementcolumn ( MTABLEID, DATANAME, COLNUMBER, DATATYPE, DATASIZE, DATASCALE, UNIQUEVALUE, NULLABLE, INDEXES, DESCRIPTION, DATAID, RELEASEID, UNIQUEKEY, INCLUDESQL, COLTYPE, FOLLOWJOHN ) values ( 'DC_E_AFG:((13)):DC_E_AFG_OPENID_CONN:DAYBH', 'BATCH_ID', 13, 'smallint', 0, 0, 255, 1, '', '', 'BATCH_ID', 'BASE_TP_090421', 0, 0, 'PUBLICKEY', null );
insert into Measurementcolumn ( MTABLEID, DATANAME, COLNUMBER, DATATYPE, DATASIZE, DATASCALE, UNIQUEVALUE, NULLABLE, INDEXES, DESCRIPTION, DATAID, RELEASEID, UNIQUEKEY, INCLUDESQL, COLTYPE, FOLLOWJOHN ) values ( 'DC_E_AFG:((13)):DC_E_AFG_OPENID_CONN:DAYBH', 'BHCLASS', 10, 'smallint', 0, 0, 10, 1, 'LF', '', 'BHCLASS', 'BASE_TP_090421', 0, 1, 'PUBLICKEY', null );
insert into Measurementcolumn ( MTABLEID, DATANAME, COLNUMBER, DATATYPE, DATASIZE, DATASCALE, UNIQUEVALUE, NULLABLE, INDEXES, DESCRIPTION, DATAID, RELEASEID, UNIQUEKEY, INCLUDESQL, COLTYPE, FOLLOWJOHN ) values ( 'DC_E_AFG:((13)):DC_E_AFG_OPENID_CONN:DAYBH', 'BHTYPE', 8, 'varchar', 50, 0, 20, 1, 'LF', '', 'BHTYPE', 'BASE_TP_090421', 1, 1, 'PUBLICKEY', null );
insert into Measurementcolumn ( MTABLEID, DATANAME, COLNUMBER, DATATYPE, DATASIZE, DATASCALE, UNIQUEVALUE, NULLABLE, INDEXES, DESCRIPTION, DATAID, RELEASEID, UNIQUEKEY, INCLUDESQL, COLTYPE, FOLLOWJOHN ) values ( 'DC_E_AFG:((13)):DC_E_AFG_OPENID_CONN:DAYBH', 'BH_ID', 20, 'unsigned int', 0, 0, 255, 1, '', '', 'BH_ID', 'BASE_TP_20100318', 0, 0, 'PUBLICKEY', null );
insert into Measurementcolumn ( MTABLEID, DATANAME, COLNUMBER, DATATYPE, DATASIZE, DATASCALE, UNIQUEVALUE, NULLABLE, INDEXES, DESCRIPTION, DATAID, RELEASEID, UNIQUEKEY, INCLUDESQL, COLTYPE, FOLLOWJOHN ) values ( 'DC_E_AFG:((13)):DC_E_AFG_OPENID_CONN:DAYBH', 'BUSYHOUR', 9, 'tinyint', 0, 0, 24, 1, 'LF', '', 'BUSYHOUR', 'BASE_TP_090421', 0, 1, 'PUBLICKEY', null );
insert into Measurementcolumn ( MTABLEID, DATANAME, COLNUMBER, DATATYPE, DATASIZE, DATASCALE, UNIQUEVALUE, NULLABLE, INDEXES, DESCRIPTION, DATAID, RELEASEID, UNIQUEKEY, INCLUDESQL, COLTYPE, FOLLOWJOHN ) values ( 'DC_E_AFG:((13)):DC_E_AFG_OPENID_CONN:DAYBH', 'DATE_ID', 3, 'date', 0, 0, 255, 1, 'LF', '', 'DATE_ID', 'BASE_TP_090421', 1, 1, 'PUBLICKEY', null );
insert into Measurementcolumn ( MTABLEID, DATANAME, COLNUMBER, DATATYPE, DATASIZE, DATASCALE, UNIQUEVALUE, NULLABLE, INDEXES, DESCRIPTION, DATAID, RELEASEID, UNIQUEKEY, INCLUDESQL, COLTYPE, FOLLOWJOHN ) values ( 'DC_E_AFG:((13)):DC_E_AFG_OPENID_CONN:DAYBH', 'DAY_ID', 6, 'tinyint', 0, 0, 31, 1, 'LF', '', 'DAY_ID', 'BASE_TP_090421', 0, 0, 'PUBLICKEY', null );
insert into Measurementcolumn ( MTABLEID, DATANAME, COLNUMBER, DATATYPE, DATASIZE, DATASCALE, UNIQUEVALUE, NULLABLE, INDEXES, DESCRIPTION, DATAID, RELEASEID, UNIQUEKEY, INCLUDESQL, COLTYPE, FOLLOWJOHN ) values ( 'DC_E_AFG:((13)):DC_E_AFG_OPENID_CONN:DAYBH', 'DC_RELEASE', 16, 'varchar', 16, 0, 2, 1, 'LF', '', 'DC_RELEASE', 'BASE_TP_090421', 0, 1, 'PUBLICKEY', null );
insert into Measurementcolumn ( MTABLEID, DATANAME, COLNUMBER, DATATYPE, DATASIZE, DATASCALE, UNIQUEVALUE, NULLABLE, INDEXES, DESCRIPTION, DATAID, RELEASEID, UNIQUEKEY, INCLUDESQL, COLTYPE, FOLLOWJOHN ) values ( 'DC_E_AFG:((13)):DC_E_AFG_OPENID_CONN:DAYBH', 'DC_SOURCE', 17, 'varchar', 16, 0, 2, 1, 'LF', '', 'DC_SOURCE', 'BASE_TP_090421', 0, 1, 'PUBLICKEY', null );
insert into Measurementcolumn ( MTABLEID, DATANAME, COLNUMBER, DATATYPE, DATASIZE, DATASCALE, UNIQUEVALUE, NULLABLE, INDEXES, DESCRIPTION, DATAID, RELEASEID, UNIQUEKEY, INCLUDESQL, COLTYPE, FOLLOWJOHN ) values ( 'DC_E_AFG:((13)):DC_E_AFG_OPENID_CONN:DAYBH', 'DC_SUSPECTFLAG', 19, 'int', 0, 0, 2, 1, 'LF', '', 'DC_SUSPECTFLAG', 'BASE_TP_090421', 0, 1, 'PUBLICKEY', null );
insert into Measurementcolumn ( MTABLEID, DATANAME, COLNUMBER, DATATYPE, DATASIZE, DATASCALE, UNIQUEVALUE, NULLABLE, INDEXES, DESCRIPTION, DATAID, RELEASEID, UNIQUEKEY, INCLUDESQL, COLTYPE, FOLLOWJOHN ) values ( 'DC_E_AFG:((13)):DC_E_AFG_OPENID_CONN:DAYBH', 'DC_TIMEZONE', 18, 'varchar', 16, 0, 2, 1, 'LF', '', 'DC_TIMEZONE', 'BASE_TP_090421', 0, 1, 'PUBLICKEY', null );
insert into Measurementcolumn ( MTABLEID, DATANAME, COLNUMBER, DATATYPE, DATASIZE, DATASCALE, UNIQUEVALUE, NULLABLE, INDEXES, DESCRIPTION, DATAID, RELEASEID, UNIQUEKEY, INCLUDESQL, COLTYPE, FOLLOWJOHN ) values ( 'DC_E_AFG:((13)):DC_E_AFG_OPENID_CONN:DAYBH', 'MIN_ID', 7, 'tinyint', 0, 0, 60, 1, 'LF', '', 'MIN_ID', 'BASE_TP_090421', 1, 1, 'PUBLICKEY', null );
insert into Measurementcolumn ( MTABLEID, DATANAME, COLNUMBER, DATATYPE, DATASIZE, DATASCALE, UNIQUEVALUE, NULLABLE, INDEXES, DESCRIPTION, DATAID, RELEASEID, UNIQUEKEY, INCLUDESQL, COLTYPE, FOLLOWJOHN ) values ( 'DC_E_AFG:((13)):DC_E_AFG_OPENID_CONN:DAYBH', 'MONTH_ID', 5, 'tinyint', 0, 0, 12, 1, 'LF', '', 'MONTH_ID', 'BASE_TP_090421', 0, 0, 'PUBLICKEY', null );
insert into Measurementcolumn ( MTABLEID, DATANAME, COLNUMBER, DATATYPE, DATASIZE, DATASCALE, UNIQUEVALUE, NULLABLE, INDEXES, DESCRIPTION, DATAID, RELEASEID, UNIQUEKEY, INCLUDESQL, COLTYPE, FOLLOWJOHN ) values ( 'DC_E_AFG:((13)):DC_E_AFG_OPENID_CONN:DAYBH', 'NODE_NAME', 2, 'varchar', 50, 0, 255, 1, 'HG', 'Node Name', 'NODE_NAME', 'DC_E_AFG:((13))', 1, 1, 'KEY', null );
insert into Measurementcolumn ( MTABLEID, DATANAME, COLNUMBER, DATATYPE, DATASIZE, DATASCALE, UNIQUEVALUE, NULLABLE, INDEXES, DESCRIPTION, DATAID, RELEASEID, UNIQUEKEY, INCLUDESQL, COLTYPE, FOLLOWJOHN ) values ( 'DC_E_AFG:((13)):DC_E_AFG_OPENID_CONN:DAYBH', 'OFFSET', 21, 'unsigned int', 0, 0, 255, 1, '', '', 'OFFSET', 'BASE_TP_20100318', 0, 0, 'PUBLICKEY', null );
insert into Measurementcolumn ( MTABLEID, DATANAME, COLNUMBER, DATATYPE, DATASIZE, DATASCALE, UNIQUEVALUE, NULLABLE, INDEXES, DESCRIPTION, DATAID, RELEASEID, UNIQUEKEY, INCLUDESQL, COLTYPE, FOLLOWJOHN ) values ( 'DC_E_AFG:((13)):DC_E_AFG_OPENID_CONN:DAYBH', 'OSS_ID', 1, 'varchar', 50, 0, 255, 1, 'HG', 'OSS Id', 'OSS_ID', 'DC_E_AFG:((13))', 1, 1, 'KEY', null );
insert into Measurementcolumn ( MTABLEID, DATANAME, COLNUMBER, DATATYPE, DATASIZE, DATASCALE, UNIQUEVALUE, NULLABLE, INDEXES, DESCRIPTION, DATAID, RELEASEID, UNIQUEKEY, INCLUDESQL, COLTYPE, FOLLOWJOHN ) values ( 'DC_E_AFG:((13)):DC_E_AFG_OPENID_CONN:DAYBH', 'PERIOD_DURATION', 14, 'unsigned int', 0, 0, 10, 1, '', '', 'PERIOD_DURATION', 'BASE_TP_090421', 0, 1, 'PUBLICKEY', null );
insert into Measurementcolumn ( MTABLEID, DATANAME, COLNUMBER, DATATYPE, DATASIZE, DATASCALE, UNIQUEVALUE, NULLABLE, INDEXES, DESCRIPTION, DATAID, RELEASEID, UNIQUEKEY, INCLUDESQL, COLTYPE, FOLLOWJOHN ) values ( 'DC_E_AFG:((13)):DC_E_AFG_OPENID_CONN:DAYBH', 'ROWSTATUS', 15, 'varchar', 16, 0, 10, 1, '', '', 'ROWSTATUS', 'BASE_TP_090421', 0, 1, 'PUBLICKEY', null );
insert into Measurementcolumn ( MTABLEID, DATANAME, COLNUMBER, DATATYPE, DATASIZE, DATASCALE, UNIQUEVALUE, NULLABLE, INDEXES, DESCRIPTION, DATAID, RELEASEID, UNIQUEKEY, INCLUDESQL, COLTYPE, FOLLOWJOHN ) values ( 'DC_E_AFG:((13)):DC_E_AFG_OPENID_CONN:DAYBH', 'SESSION_ID', 12, 'unsigned int', 0, 0, 255, 1, '', '', 'SESSION_ID', 'BASE_TP_090421', 0, 0, 'PUBLICKEY', null );
insert into Measurementcolumn ( MTABLEID, DATANAME, COLNUMBER, DATATYPE, DATASIZE, DATASCALE, UNIQUEVALUE, NULLABLE, INDEXES, DESCRIPTION, DATAID, RELEASEID, UNIQUEKEY, INCLUDESQL, COLTYPE, FOLLOWJOHN ) values ( 'DC_E_AFG:((13)):DC_E_AFG_OPENID_CONN:DAYBH', 'TIMELEVEL', 11, 'varchar', 10, 0, 10, 1, 'LF', '', 'TIMELEVEL', 'BASE_TP_090421', 0, 0, 'PUBLICKEY', null );
insert into Measurementcolumn ( MTABLEID, DATANAME, COLNUMBER, DATATYPE, DATASIZE, DATASCALE, UNIQUEVALUE, NULLABLE, INDEXES, DESCRIPTION, DATAID, RELEASEID, UNIQUEKEY, INCLUDESQL, COLTYPE, FOLLOWJOHN ) values ( 'DC_E_AFG:((13)):DC_E_AFG_OPENID_CONN:DAYBH', 'YEAR_ID', 4, 'smallint', 0, 0, 20, 1, 'LF', '', 'YEAR_ID', 'BASE_TP_090421', 0, 0, 'PUBLICKEY', null );
insert into Measurementcolumn ( MTABLEID, DATANAME, COLNUMBER, DATATYPE, DATASIZE, DATASCALE, UNIQUEVALUE, NULLABLE, INDEXES, DESCRIPTION, DATAID, RELEASEID, UNIQUEKEY, INCLUDESQL, COLTYPE, FOLLOWJOHN ) values ( 'DC_E_AFG:((13)):DC_E_AFG_OPENID_CONN:DAYBH', 'oidcAuthFail401_actual', 24, 'numeric', 20, 0, 255, 1, '', 'Number of OpenID Connect authentication requests that resulted in a 401.', 'oidcAuthFail401.actual', 'DC_E_AFG:((13))', 0, 1, 'COUNTER', null );
insert into Measurementcolumn ( MTABLEID, DATANAME, COLNUMBER, DATATYPE, DATASIZE, DATASCALE, UNIQUEVALUE, NULLABLE, INDEXES, DESCRIPTION, DATAID, RELEASEID, UNIQUEKEY, INCLUDESQL, COLTYPE, FOLLOWJOHN ) values ( 'DC_E_AFG:((13)):DC_E_AFG_OPENID_CONN:DAYBH', 'oidcAuthFail401_delta', 25, 'numeric', 20, 0, 255, 1, '', 'Number of OpenID Connect authentication requests that resulted in a 401.', 'oidcAuthFail401.delta', 'DC_E_AFG:((13))', 0, 1, 'COUNTER', null );
insert into Measurementcolumn ( MTABLEID, DATANAME, COLNUMBER, DATATYPE, DATASIZE, DATASCALE, UNIQUEVALUE, NULLABLE, INDEXES, DESCRIPTION, DATAID, RELEASEID, UNIQUEKEY, INCLUDESQL, COLTYPE, FOLLOWJOHN ) values ( 'DC_E_AFG:((13)):DC_E_AFG_OPENID_CONN:DAYBH', 'oidcAuthFail_actual', 22, 'numeric', 20, 0, 255, 1, '', 'Number of failed OpenID Connect authentication requests.', 'oidcAuthFail.actual', 'DC_E_AFG:((13))', 0, 1, 'COUNTER', null );
insert into Measurementcolumn ( MTABLEID, DATANAME, COLNUMBER, DATATYPE, DATASIZE, DATASCALE, UNIQUEVALUE, NULLABLE, INDEXES, DESCRIPTION, DATAID, RELEASEID, UNIQUEKEY, INCLUDESQL, COLTYPE, FOLLOWJOHN ) values ( 'DC_E_AFG:((13)):DC_E_AFG_OPENID_CONN:DAYBH', 'oidcAuthFail_delta', 23, 'numeric', 20, 0, 255, 1, '', 'Number of failed OpenID Connect authentication requests.', 'oidcAuthFail.delta', 'DC_E_AFG:((13))', 0, 1, 'COUNTER', null );
insert into Measurementcolumn ( MTABLEID, DATANAME, COLNUMBER, DATATYPE, DATASIZE, DATASCALE, UNIQUEVALUE, NULLABLE, INDEXES, DESCRIPTION, DATAID, RELEASEID, UNIQUEKEY, INCLUDESQL, COLTYPE, FOLLOWJOHN ) values ( 'DC_E_AFG:((13)):DC_E_AFG_OPENID_CONN:DAYBH', 'oidcAuthReq_actual', 26, 'numeric', 20, 0, 255, 1, '', 'Total number of OpenID Connect authentication requests.', 'oidcAuthReq.actual', 'DC_E_AFG:((13))', 0, 1, 'COUNTER', null );
insert into Measurementcolumn ( MTABLEID, DATANAME, COLNUMBER, DATATYPE, DATASIZE, DATASCALE, UNIQUEVALUE, NULLABLE, INDEXES, DESCRIPTION, DATAID, RELEASEID, UNIQUEKEY, INCLUDESQL, COLTYPE, FOLLOWJOHN ) values ( 'DC_E_AFG:((13)):DC_E_AFG_OPENID_CONN:DAYBH', 'oidcAuthReq_delta', 27, 'numeric', 20, 0, 255, 1, '', 'Total number of OpenID Connect authentication requests.', 'oidcAuthReq.delta', 'DC_E_AFG:((13))', 0, 1, 'COUNTER', null );
insert into Measurementcolumn ( MTABLEID, DATANAME, COLNUMBER, DATATYPE, DATASIZE, DATASCALE, UNIQUEVALUE, NULLABLE, INDEXES, DESCRIPTION, DATAID, RELEASEID, UNIQUEKEY, INCLUDESQL, COLTYPE, FOLLOWJOHN ) values ( 'DC_E_AFG:((13)):DC_E_AFG_OPENID_CONN:DAYBH', 'oidcAuthSucc_actual', 28, 'numeric', 20, 0, 255, 1, '', 'Number of successful OpenID Connect authentication responses.', 'oidcAuthSucc.actual', 'DC_E_AFG:((13))', 0, 1, 'COUNTER', null );
insert into Measurementcolumn ( MTABLEID, DATANAME, COLNUMBER, DATATYPE, DATASIZE, DATASCALE, UNIQUEVALUE, NULLABLE, INDEXES, DESCRIPTION, DATAID, RELEASEID, UNIQUEKEY, INCLUDESQL, COLTYPE, FOLLOWJOHN ) values ( 'DC_E_AFG:((13)):DC_E_AFG_OPENID_CONN:DAYBH', 'oidcAuthSucc_delta', 29, 'numeric', 20, 0, 255, 1, '', 'Number of successful OpenID Connect authentication responses.', 'oidcAuthSucc.delta', 'DC_E_AFG:((13))', 0, 1, 'COUNTER', null );
insert into Measurementcolumn ( MTABLEID, DATANAME, COLNUMBER, DATATYPE, DATASIZE, DATASCALE, UNIQUEVALUE, NULLABLE, INDEXES, DESCRIPTION, DATAID, RELEASEID, UNIQUEKEY, INCLUDESQL, COLTYPE, FOLLOWJOHN ) values ( 'DC_E_AFG:((13)):DC_E_AFG_OPENID_CONN:RAW', 'BATCH_ID', 12, 'smallint', 0, 0, 255, 1, '', '', 'BATCH_ID', 'BASE_TP_090421', 0, 0, 'PUBLICKEY', null );
insert into Measurementcolumn ( MTABLEID, DATANAME, COLNUMBER, DATATYPE, DATASIZE, DATASCALE, UNIQUEVALUE, NULLABLE, INDEXES, DESCRIPTION, DATAID, RELEASEID, UNIQUEKEY, INCLUDESQL, COLTYPE, FOLLOWJOHN ) values ( 'DC_E_AFG:((13)):DC_E_AFG_OPENID_CONN:RAW', 'DATETIME_ID', 8, 'datetime', 0, 0, 255, 1, 'HG', '', 'DATETIME_ID', 'BASE_TP_090421', 1, 1, 'PUBLICKEY', null );
insert into Measurementcolumn ( MTABLEID, DATANAME, COLNUMBER, DATATYPE, DATASIZE, DATASCALE, UNIQUEVALUE, NULLABLE, INDEXES, DESCRIPTION, DATAID, RELEASEID, UNIQUEKEY, INCLUDESQL, COLTYPE, FOLLOWJOHN ) values ( 'DC_E_AFG:((13)):DC_E_AFG_OPENID_CONN:RAW', 'DATE_ID', 3, 'date', 0, 0, 255, 1, 'LF', '', 'DATE_ID', 'BASE_TP_090421', 0, 0, 'PUBLICKEY', null );
insert into Measurementcolumn ( MTABLEID, DATANAME, COLNUMBER, DATATYPE, DATASIZE, DATASCALE, UNIQUEVALUE, NULLABLE, INDEXES, DESCRIPTION, DATAID, RELEASEID, UNIQUEKEY, INCLUDESQL, COLTYPE, FOLLOWJOHN ) values ( 'DC_E_AFG:((13)):DC_E_AFG_OPENID_CONN:RAW', 'DAY_ID', 6, 'tinyint', 0, 0, 31, 1, 'LF', '', 'DAY_ID', 'BASE_TP_090421', 0, 0, 'PUBLICKEY', null );
insert into Measurementcolumn ( MTABLEID, DATANAME, COLNUMBER, DATATYPE, DATASIZE, DATASCALE, UNIQUEVALUE, NULLABLE, INDEXES, DESCRIPTION, DATAID, RELEASEID, UNIQUEKEY, INCLUDESQL, COLTYPE, FOLLOWJOHN ) values ( 'DC_E_AFG:((13)):DC_E_AFG_OPENID_CONN:RAW', 'DC_RELEASE', 15, 'varchar', 16, 0, 2, 1, 'LF', '', 'DC_RELEASE', 'BASE_TP_090421', 0, 1, 'PUBLICKEY', null );
insert into Measurementcolumn ( MTABLEID, DATANAME, COLNUMBER, DATATYPE, DATASIZE, DATASCALE, UNIQUEVALUE, NULLABLE, INDEXES, DESCRIPTION, DATAID, RELEASEID, UNIQUEKEY, INCLUDESQL, COLTYPE, FOLLOWJOHN ) values ( 'DC_E_AFG:((13)):DC_E_AFG_OPENID_CONN:RAW', 'DC_SOURCE', 16, 'varchar', 16, 0, 2, 1, 'LF', '', 'DC_SOURCE', 'BASE_TP_090421', 0, 1, 'PUBLICKEY', null );
insert into Measurementcolumn ( MTABLEID, DATANAME, COLNUMBER, DATATYPE, DATASIZE, DATASCALE, UNIQUEVALUE, NULLABLE, INDEXES, DESCRIPTION, DATAID, RELEASEID, UNIQUEKEY, INCLUDESQL, COLTYPE, FOLLOWJOHN ) values ( 'DC_E_AFG:((13)):DC_E_AFG_OPENID_CONN:RAW', 'DC_SUSPECTFLAG', 18, 'int', 0, 0, 2, 1, 'LF', '', 'DC_SUSPECTFLAG', 'BASE_TP_090421', 0, 1, 'PUBLICKEY', null );
insert into Measurementcolumn ( MTABLEID, DATANAME, COLNUMBER, DATATYPE, DATASIZE, DATASCALE, UNIQUEVALUE, NULLABLE, INDEXES, DESCRIPTION, DATAID, RELEASEID, UNIQUEKEY, INCLUDESQL, COLTYPE, FOLLOWJOHN ) values ( 'DC_E_AFG:((13)):DC_E_AFG_OPENID_CONN:RAW', 'DC_TIMEZONE', 17, 'varchar', 16, 0, 2, 1, 'LF', '', 'DC_TIMEZONE', 'BASE_TP_090421', 0, 1, 'PUBLICKEY', null );
insert into Measurementcolumn ( MTABLEID, DATANAME, COLNUMBER, DATATYPE, DATASIZE, DATASCALE, UNIQUEVALUE, NULLABLE, INDEXES, DESCRIPTION, DATAID, RELEASEID, UNIQUEKEY, INCLUDESQL, COLTYPE, FOLLOWJOHN ) values ( 'DC_E_AFG:((13)):DC_E_AFG_OPENID_CONN:RAW', 'HOUR_ID', 7, 'tinyint', 0, 0, 24, 1, 'LF', '', 'HOUR_ID', 'BASE_TP_090421', 0, 0, 'PUBLICKEY', null );
insert into Measurementcolumn ( MTABLEID, DATANAME, COLNUMBER, DATATYPE, DATASIZE, DATASCALE, UNIQUEVALUE, NULLABLE, INDEXES, DESCRIPTION, DATAID, RELEASEID, UNIQUEKEY, INCLUDESQL, COLTYPE, FOLLOWJOHN ) values ( 'DC_E_AFG:((13)):DC_E_AFG_OPENID_CONN:RAW', 'MIN_ID', 9, 'tinyint', 0, 0, 60, 1, 'LF', '', 'MIN_ID', 'BASE_TP_090421', 0, 0, 'PUBLICKEY', null );
insert into Measurementcolumn ( MTABLEID, DATANAME, COLNUMBER, DATATYPE, DATASIZE, DATASCALE, UNIQUEVALUE, NULLABLE, INDEXES, DESCRIPTION, DATAID, RELEASEID, UNIQUEKEY, INCLUDESQL, COLTYPE, FOLLOWJOHN ) values ( 'DC_E_AFG:((13)):DC_E_AFG_OPENID_CONN:RAW', 'MONTH_ID', 5, 'tinyint', 0, 0, 12, 1, 'LF', '', 'MONTH_ID', 'BASE_TP_090421', 0, 0, 'PUBLICKEY', null );
insert into Measurementcolumn ( MTABLEID, DATANAME, COLNUMBER, DATATYPE, DATASIZE, DATASCALE, UNIQUEVALUE, NULLABLE, INDEXES, DESCRIPTION, DATAID, RELEASEID, UNIQUEKEY, INCLUDESQL, COLTYPE, FOLLOWJOHN ) values ( 'DC_E_AFG:((13)):DC_E_AFG_OPENID_CONN:RAW', 'NODE_NAME', 2, 'varchar', 50, 0, 255, 1, 'HG', 'Node Name', 'NODE_NAME', 'DC_E_AFG:((13))', 1, 1, 'KEY', null );
insert into Measurementcolumn ( MTABLEID, DATANAME, COLNUMBER, DATATYPE, DATASIZE, DATASCALE, UNIQUEVALUE, NULLABLE, INDEXES, DESCRIPTION, DATAID, RELEASEID, UNIQUEKEY, INCLUDESQL, COLTYPE, FOLLOWJOHN ) values ( 'DC_E_AFG:((13)):DC_E_AFG_OPENID_CONN:RAW', 'OSS_ID', 1, 'varchar', 50, 0, 255, 1, 'HG', 'OSS Id', 'OSS_ID', 'DC_E_AFG:((13))', 1, 1, 'KEY', null );
insert into Measurementcolumn ( MTABLEID, DATANAME, COLNUMBER, DATATYPE, DATASIZE, DATASCALE, UNIQUEVALUE, NULLABLE, INDEXES, DESCRIPTION, DATAID, RELEASEID, UNIQUEKEY, INCLUDESQL, COLTYPE, FOLLOWJOHN ) values ( 'DC_E_AFG:((13)):DC_E_AFG_OPENID_CONN:RAW', 'PERIOD_DURATION', 13, 'unsigned int', 0, 0, 10, 1, '', '', 'PERIOD_DURATION', 'BASE_TP_090421', 0, 1, 'PUBLICKEY', null );
insert into Measurementcolumn ( MTABLEID, DATANAME, COLNUMBER, DATATYPE, DATASIZE, DATASCALE, UNIQUEVALUE, NULLABLE, INDEXES, DESCRIPTION, DATAID, RELEASEID, UNIQUEKEY, INCLUDESQL, COLTYPE, FOLLOWJOHN ) values ( 'DC_E_AFG:((13)):DC_E_AFG_OPENID_CONN:RAW', 'ROWSTATUS', 14, 'varchar', 16, 0, 10, 1, '', '', 'ROWSTATUS', 'BASE_TP_090421', 0, 1, 'PUBLICKEY', null );
insert into Measurementcolumn ( MTABLEID, DATANAME, COLNUMBER, DATATYPE, DATASIZE, DATASCALE, UNIQUEVALUE, NULLABLE, INDEXES, DESCRIPTION, DATAID, RELEASEID, UNIQUEKEY, INCLUDESQL, COLTYPE, FOLLOWJOHN ) values ( 'DC_E_AFG:((13)):DC_E_AFG_OPENID_CONN:RAW', 'SESSION_ID', 11, 'unsigned int', 0, 0, 255, 1, '', '', 'SESSION_ID', 'BASE_TP_090421', 0, 0, 'PUBLICKEY', null );
insert into Measurementcolumn ( MTABLEID, DATANAME, COLNUMBER, DATATYPE, DATASIZE, DATASCALE, UNIQUEVALUE, NULLABLE, INDEXES, DESCRIPTION, DATAID, RELEASEID, UNIQUEKEY, INCLUDESQL, COLTYPE, FOLLOWJOHN ) values ( 'DC_E_AFG:((13)):DC_E_AFG_OPENID_CONN:RAW', 'TIMELEVEL', 10, 'varchar', 10, 0, 10, 1, 'LF', '', 'TIMELEVEL', 'BASE_TP_090421', 0, 0, 'PUBLICKEY', null );
insert into Measurementcolumn ( MTABLEID, DATANAME, COLNUMBER, DATATYPE, DATASIZE, DATASCALE, UNIQUEVALUE, NULLABLE, INDEXES, DESCRIPTION, DATAID, RELEASEID, UNIQUEKEY, INCLUDESQL, COLTYPE, FOLLOWJOHN ) values ( 'DC_E_AFG:((13)):DC_E_AFG_OPENID_CONN:RAW', 'UTC_DATETIME_ID', 19, 'datetime', 0, 0, 255, 1, 'HG', '', 'UTC_DATETIME_ID', 'BASE_TP_090421', 1, 1, 'PUBLICKEY', null );
insert into Measurementcolumn ( MTABLEID, DATANAME, COLNUMBER, DATATYPE, DATASIZE, DATASCALE, UNIQUEVALUE, NULLABLE, INDEXES, DESCRIPTION, DATAID, RELEASEID, UNIQUEKEY, INCLUDESQL, COLTYPE, FOLLOWJOHN ) values ( 'DC_E_AFG:((13)):DC_E_AFG_OPENID_CONN:RAW', 'YEAR_ID', 4, 'smallint', 0, 0, 20, 1, 'LF', '', 'YEAR_ID', 'BASE_TP_090421', 0, 0, 'PUBLICKEY', null );
insert into Measurementcolumn ( MTABLEID, DATANAME, COLNUMBER, DATATYPE, DATASIZE, DATASCALE, UNIQUEVALUE, NULLABLE, INDEXES, DESCRIPTION, DATAID, RELEASEID, UNIQUEKEY, INCLUDESQL, COLTYPE, FOLLOWJOHN ) values ( 'DC_E_AFG:((13)):DC_E_AFG_OPENID_CONN:RAW', 'oidcAuthFail401_actual', 22, 'numeric', 20, 0, 255, 1, '', 'Number of OpenID Connect authentication requests that resulted in a 401.', 'oidcAuthFail401.actual', 'DC_E_AFG:((13))', 0, 1, 'COUNTER', null );
insert into Measurementcolumn ( MTABLEID, DATANAME, COLNUMBER, DATATYPE, DATASIZE, DATASCALE, UNIQUEVALUE, NULLABLE, INDEXES, DESCRIPTION, DATAID, RELEASEID, UNIQUEKEY, INCLUDESQL, COLTYPE, FOLLOWJOHN ) values ( 'DC_E_AFG:((13)):DC_E_AFG_OPENID_CONN:RAW', 'oidcAuthFail401_delta', 23, 'numeric', 20, 0, 255, 1, '', 'Number of OpenID Connect authentication requests that resulted in a 401.', 'oidcAuthFail401.delta', 'DC_E_AFG:((13))', 0, 1, 'COUNTER', null );
insert into Measurementcolumn ( MTABLEID, DATANAME, COLNUMBER, DATATYPE, DATASIZE, DATASCALE, UNIQUEVALUE, NULLABLE, INDEXES, DESCRIPTION, DATAID, RELEASEID, UNIQUEKEY, INCLUDESQL, COLTYPE, FOLLOWJOHN ) values ( 'DC_E_AFG:((13)):DC_E_AFG_OPENID_CONN:RAW', 'oidcAuthFail_actual', 20, 'numeric', 20, 0, 255, 1, '', 'Number of failed OpenID Connect authentication requests.', 'oidcAuthFail.actual', 'DC_E_AFG:((13))', 0, 1, 'COUNTER', null );
insert into Measurementcolumn ( MTABLEID, DATANAME, COLNUMBER, DATATYPE, DATASIZE, DATASCALE, UNIQUEVALUE, NULLABLE, INDEXES, DESCRIPTION, DATAID, RELEASEID, UNIQUEKEY, INCLUDESQL, COLTYPE, FOLLOWJOHN ) values ( 'DC_E_AFG:((13)):DC_E_AFG_OPENID_CONN:RAW', 'oidcAuthFail_delta', 21, 'numeric', 20, 0, 255, 1, '', 'Number of failed OpenID Connect authentication requests.', 'oidcAuthFail.delta', 'DC_E_AFG:((13))', 0, 1, 'COUNTER', null );
insert into Measurementcolumn ( MTABLEID, DATANAME, COLNUMBER, DATATYPE, DATASIZE, DATASCALE, UNIQUEVALUE, NULLABLE, INDEXES, DESCRIPTION, DATAID, RELEASEID, UNIQUEKEY, INCLUDESQL, COLTYPE, FOLLOWJOHN ) values ( 'DC_E_AFG:((13)):DC_E_AFG_OPENID_CONN:RAW', 'oidcAuthReq_actual', 24, 'numeric', 20, 0, 255, 1, '', 'Total number of OpenID Connect authentication requests.', 'oidcAuthReq.actual', 'DC_E_AFG:((13))', 0, 1, 'COUNTER', null );
insert into Measurementcolumn ( MTABLEID, DATANAME, COLNUMBER, DATATYPE, DATASIZE, DATASCALE, UNIQUEVALUE, NULLABLE, INDEXES, DESCRIPTION, DATAID, RELEASEID, UNIQUEKEY, INCLUDESQL, COLTYPE, FOLLOWJOHN ) values ( 'DC_E_AFG:((13)):DC_E_AFG_OPENID_CONN:RAW', 'oidcAuthReq_delta', 25, 'numeric', 20, 0, 255, 1, '', 'Total number of OpenID Connect authentication requests.', 'oidcAuthReq.delta', 'DC_E_AFG:((13))', 0, 1, 'COUNTER', null );
insert into Measurementcolumn ( MTABLEID, DATANAME, COLNUMBER, DATATYPE, DATASIZE, DATASCALE, UNIQUEVALUE, NULLABLE, INDEXES, DESCRIPTION, DATAID, RELEASEID, UNIQUEKEY, INCLUDESQL, COLTYPE, FOLLOWJOHN ) values ( 'DC_E_AFG:((13)):DC_E_AFG_OPENID_CONN:RAW', 'oidcAuthSucc_actual', 26, 'numeric', 20, 0, 255, 1, '', 'Number of successful OpenID Connect authentication responses.', 'oidcAuthSucc.actual', 'DC_E_AFG:((13))', 0, 1, 'COUNTER', null );
insert into Measurementcolumn ( MTABLEID, DATANAME, COLNUMBER, DATATYPE, DATASIZE, DATASCALE, UNIQUEVALUE, NULLABLE, INDEXES, DESCRIPTION, DATAID, RELEASEID, UNIQUEKEY, INCLUDESQL, COLTYPE, FOLLOWJOHN ) values ( 'DC_E_AFG:((13)):DC_E_AFG_OPENID_CONN:RAW', 'oidcAuthSucc_delta', 27, 'numeric', 20, 0, 255, 1, '', 'Number of successful OpenID Connect authentication responses.', 'oidcAuthSucc.delta', 'DC_E_AFG:((13))', 0, 1, 'COUNTER', null );
insert into Measurementcolumn ( MTABLEID, DATANAME, COLNUMBER, DATATYPE, DATASIZE, DATASCALE, UNIQUEVALUE, NULLABLE, INDEXES, DESCRIPTION, DATAID, RELEASEID, UNIQUEKEY, INCLUDESQL, COLTYPE, FOLLOWJOHN ) values ( 'DC_E_AFG:((13)):DC_E_AFG_SYSTEM:DAY', 'AGG_COUNT', 9, 'smallint', 0, 0, 255, 1, '', '', 'AGG_COUNT', 'BASE_TP_090421', 0, 0, 'PUBLICKEY', null );
insert into Measurementcolumn ( MTABLEID, DATANAME, COLNUMBER, DATATYPE, DATASIZE, DATASCALE, UNIQUEVALUE, NULLABLE, INDEXES, DESCRIPTION, DATAID, RELEASEID, UNIQUEKEY, INCLUDESQL, COLTYPE, FOLLOWJOHN ) values ( 'DC_E_AFG:((13)):DC_E_AFG_SYSTEM:DAY', 'BATCH_ID', 12, 'smallint', 0, 0, 255, 1, '', '', 'BATCH_ID', 'BASE_TP_090421', 0, 0, 'PUBLICKEY', null );
insert into Measurementcolumn ( MTABLEID, DATANAME, COLNUMBER, DATATYPE, DATASIZE, DATASCALE, UNIQUEVALUE, NULLABLE, INDEXES, DESCRIPTION, DATAID, RELEASEID, UNIQUEKEY, INCLUDESQL, COLTYPE, FOLLOWJOHN ) values ( 'DC_E_AFG:((13)):DC_E_AFG_SYSTEM:DAY', 'DATACOVERAGE', 8, 'unsigned int', 0, 0, 255, 1, '', '', 'DATACOVERAGE', 'BASE_TP_090421', 0, 1, 'PUBLICKEY', null );
insert into Measurementcolumn ( MTABLEID, DATANAME, COLNUMBER, DATATYPE, DATASIZE, DATASCALE, UNIQUEVALUE, NULLABLE, INDEXES, DESCRIPTION, DATAID, RELEASEID, UNIQUEKEY, INCLUDESQL, COLTYPE, FOLLOWJOHN ) values ( 'DC_E_AFG:((13)):DC_E_AFG_SYSTEM:DAY', 'DATE_ID', 3, 'date', 0, 0, 255, 1, 'LF', '', 'DATE_ID', 'BASE_TP_090421', 1, 1, 'PUBLICKEY', null );
insert into Measurementcolumn ( MTABLEID, DATANAME, COLNUMBER, DATATYPE, DATASIZE, DATASCALE, UNIQUEVALUE, NULLABLE, INDEXES, DESCRIPTION, DATAID, RELEASEID, UNIQUEKEY, INCLUDESQL, COLTYPE, FOLLOWJOHN ) values ( 'DC_E_AFG:((13)):DC_E_AFG_SYSTEM:DAY', 'DAY_ID', 6, 'tinyint', 0, 0, 31, 1, 'LF', '', 'DAY_ID', 'BASE_TP_090421', 0, 0, 'PUBLICKEY', null );
insert into Measurementcolumn ( MTABLEID, DATANAME, COLNUMBER, DATATYPE, DATASIZE, DATASCALE, UNIQUEVALUE, NULLABLE, INDEXES, DESCRIPTION, DATAID, RELEASEID, UNIQUEKEY, INCLUDESQL, COLTYPE, FOLLOWJOHN ) values ( 'DC_E_AFG:((13)):DC_E_AFG_SYSTEM:DAY', 'DC_RELEASE', 15, 'varchar', 16, 0, 2, 1, 'LF', '', 'DC_RELEASE', 'BASE_TP_090421', 1, 1, 'PUBLICKEY', null );
insert into Measurementcolumn ( MTABLEID, DATANAME, COLNUMBER, DATATYPE, DATASIZE, DATASCALE, UNIQUEVALUE, NULLABLE, INDEXES, DESCRIPTION, DATAID, RELEASEID, UNIQUEKEY, INCLUDESQL, COLTYPE, FOLLOWJOHN ) values ( 'DC_E_AFG:((13)):DC_E_AFG_SYSTEM:DAY', 'DC_SOURCE', 16, 'varchar', 16, 0, 2, 1, 'LF', '', 'DC_SOURCE', 'BASE_TP_090421', 0, 1, 'PUBLICKEY', null );
insert into Measurementcolumn ( MTABLEID, DATANAME, COLNUMBER, DATATYPE, DATASIZE, DATASCALE, UNIQUEVALUE, NULLABLE, INDEXES, DESCRIPTION, DATAID, RELEASEID, UNIQUEKEY, INCLUDESQL, COLTYPE, FOLLOWJOHN ) values ( 'DC_E_AFG:((13)):DC_E_AFG_SYSTEM:DAY', 'DC_SUSPECTFLAG', 18, 'int', 0, 0, 2, 1, 'LF', '', 'DC_SUSPECTFLAG', 'BASE_TP_090421', 0, 1, 'PUBLICKEY', null );
insert into Measurementcolumn ( MTABLEID, DATANAME, COLNUMBER, DATATYPE, DATASIZE, DATASCALE, UNIQUEVALUE, NULLABLE, INDEXES, DESCRIPTION, DATAID, RELEASEID, UNIQUEKEY, INCLUDESQL, COLTYPE, FOLLOWJOHN ) values ( 'DC_E_AFG:((13)):DC_E_AFG_SYSTEM:DAY', 'DC_TIMEZONE', 17, 'varchar', 16, 0, 2, 1, 'LF', '', 'DC_TIMEZONE', 'BASE_TP_090421', 0, 1, 'PUBLICKEY', null );
insert into Measurementcolumn ( MTABLEID, DATANAME, COLNUMBER, DATATYPE, DATASIZE, DATASCALE, UNIQUEVALUE, NULLABLE, INDEXES, DESCRIPTION, DATAID, RELEASEID, UNIQUEKEY, INCLUDESQL, COLTYPE, FOLLOWJOHN ) values ( 'DC_E_AFG:((13)):DC_E_AFG_SYSTEM:DAY', 'MONTH_ID', 5, 'tinyint', 0, 0, 12, 1, 'LF', '', 'MONTH_ID', 'BASE_TP_090421', 0, 0, 'PUBLICKEY', null );
insert into Measurementcolumn ( MTABLEID, DATANAME, COLNUMBER, DATATYPE, DATASIZE, DATASCALE, UNIQUEVALUE, NULLABLE, INDEXES, DESCRIPTION, DATAID, RELEASEID, UNIQUEKEY, INCLUDESQL, COLTYPE, FOLLOWJOHN ) values ( 'DC_E_AFG:((13)):DC_E_AFG_SYSTEM:DAY', 'NODE_NAME', 2, 'varchar', 50, 0, 255, 1, 'HG', 'Node Name', 'NODE_NAME', 'DC_E_AFG:((13))', 1, 1, 'KEY', null );
insert into Measurementcolumn ( MTABLEID, DATANAME, COLNUMBER, DATATYPE, DATASIZE, DATASCALE, UNIQUEVALUE, NULLABLE, INDEXES, DESCRIPTION, DATAID, RELEASEID, UNIQUEKEY, INCLUDESQL, COLTYPE, FOLLOWJOHN ) values ( 'DC_E_AFG:((13)):DC_E_AFG_SYSTEM:DAY', 'OSS_ID', 1, 'varchar', 50, 0, 255, 1, 'HG', 'OSS Id', 'OSS_ID', 'DC_E_AFG:((13))', 1, 1, 'KEY', null );
insert into Measurementcolumn ( MTABLEID, DATANAME, COLNUMBER, DATATYPE, DATASIZE, DATASCALE, UNIQUEVALUE, NULLABLE, INDEXES, DESCRIPTION, DATAID, RELEASEID, UNIQUEKEY, INCLUDESQL, COLTYPE, FOLLOWJOHN ) values ( 'DC_E_AFG:((13)):DC_E_AFG_SYSTEM:DAY', 'PERIOD_DURATION', 13, 'unsigned int', 0, 0, 10, 1, '', '', 'PERIOD_DURATION', 'BASE_TP_090421', 0, 1, 'PUBLICKEY', null );
insert into Measurementcolumn ( MTABLEID, DATANAME, COLNUMBER, DATATYPE, DATASIZE, DATASCALE, UNIQUEVALUE, NULLABLE, INDEXES, DESCRIPTION, DATAID, RELEASEID, UNIQUEKEY, INCLUDESQL, COLTYPE, FOLLOWJOHN ) values ( 'DC_E_AFG:((13)):DC_E_AFG_SYSTEM:DAY', 'ROWSTATUS', 14, 'varchar', 16, 0, 10, 1, '', '', 'ROWSTATUS', 'BASE_TP_090421', 0, 1, 'PUBLICKEY', null );
insert into Measurementcolumn ( MTABLEID, DATANAME, COLNUMBER, DATATYPE, DATASIZE, DATASCALE, UNIQUEVALUE, NULLABLE, INDEXES, DESCRIPTION, DATAID, RELEASEID, UNIQUEKEY, INCLUDESQL, COLTYPE, FOLLOWJOHN ) values ( 'DC_E_AFG:((13)):DC_E_AFG_SYSTEM:DAY', 'SESSION_ID', 11, 'unsigned int', 0, 0, 255, 1, '', '', 'SESSION_ID', 'BASE_TP_090421', 0, 0, 'PUBLICKEY', null );
insert into Measurementcolumn ( MTABLEID, DATANAME, COLNUMBER, DATATYPE, DATASIZE, DATASCALE, UNIQUEVALUE, NULLABLE, INDEXES, DESCRIPTION, DATAID, RELEASEID, UNIQUEKEY, INCLUDESQL, COLTYPE, FOLLOWJOHN ) values ( 'DC_E_AFG:((13)):DC_E_AFG_SYSTEM:DAY', 'TIMELEVEL', 10, 'varchar', 10, 0, 10, 1, 'LF', '', 'TIMELEVEL', 'BASE_TP_090421', 0, 0, 'PUBLICKEY', null );
insert into Measurementcolumn ( MTABLEID, DATANAME, COLNUMBER, DATATYPE, DATASIZE, DATASCALE, UNIQUEVALUE, NULLABLE, INDEXES, DESCRIPTION, DATAID, RELEASEID, UNIQUEKEY, INCLUDESQL, COLTYPE, FOLLOWJOHN ) values ( 'DC_E_AFG:((13)):DC_E_AFG_SYSTEM:DAY', 'WEEK_ID', 7, 'tinyint', 0, 0, 53, 1, 'LF', '', 'WEEK_ID', 'BASE_TP_090421', 0, 0, 'PUBLICKEY', null );
insert into Measurementcolumn ( MTABLEID, DATANAME, COLNUMBER, DATATYPE, DATASIZE, DATASCALE, UNIQUEVALUE, NULLABLE, INDEXES, DESCRIPTION, DATAID, RELEASEID, UNIQUEKEY, INCLUDESQL, COLTYPE, FOLLOWJOHN ) values ( 'DC_E_AFG:((13)):DC_E_AFG_SYSTEM:DAY', 'YEAR_ID', 4, 'smallint', 0, 0, 20, 1, 'LF', '', 'YEAR_ID', 'BASE_TP_090421', 0, 0, 'PUBLICKEY', null );
insert into Measurementcolumn ( MTABLEID, DATANAME, COLNUMBER, DATATYPE, DATASIZE, DATASCALE, UNIQUEVALUE, NULLABLE, INDEXES, DESCRIPTION, DATAID, RELEASEID, UNIQUEKEY, INCLUDESQL, COLTYPE, FOLLOWJOHN ) values ( 'DC_E_AFG:((13)):DC_E_AFG_SYSTEM:DAY', 'cpuUsage_actual', 19, 'numeric', 24, 4, 255, 1, '', 'CPU usage is measured as 100  ssCpuIdle (.1.3.6.1.4.1.2021.11.11.0, The percentage of processor time spent idle, calculated over the last minute.).', 'cpuUsage.actual', 'DC_E_AFG:((13))', 0, 1, 'COUNTER', null );
insert into Measurementcolumn ( MTABLEID, DATANAME, COLNUMBER, DATATYPE, DATASIZE, DATASCALE, UNIQUEVALUE, NULLABLE, INDEXES, DESCRIPTION, DATAID, RELEASEID, UNIQUEKEY, INCLUDESQL, COLTYPE, FOLLOWJOHN ) values ( 'DC_E_AFG:((13)):DC_E_AFG_SYSTEM:DAY', 'cpuUsage_max', 21, 'numeric', 24, 4, 255, 1, '', 'CPU usage is measured as 100  ssCpuIdle (.1.3.6.1.4.1.2021.11.11.0, The percentage of processor time spent idle, calculated over the last minute.).', 'cpuUsage.max', 'DC_E_AFG:((13))', 0, 1, 'COUNTER', null );
insert into Measurementcolumn ( MTABLEID, DATANAME, COLNUMBER, DATATYPE, DATASIZE, DATASCALE, UNIQUEVALUE, NULLABLE, INDEXES, DESCRIPTION, DATAID, RELEASEID, UNIQUEKEY, INCLUDESQL, COLTYPE, FOLLOWJOHN ) values ( 'DC_E_AFG:((13)):DC_E_AFG_SYSTEM:DAY', 'cpuUsage_min', 20, 'numeric', 24, 4, 255, 1, '', 'CPU usage is measured as 100  ssCpuIdle (.1.3.6.1.4.1.2021.11.11.0, The percentage of processor time spent idle, calculated over the last minute.).', 'cpuUsage.min', 'DC_E_AFG:((13))', 0, 1, 'COUNTER', null );
insert into Measurementcolumn ( MTABLEID, DATANAME, COLNUMBER, DATATYPE, DATASIZE, DATASCALE, UNIQUEVALUE, NULLABLE, INDEXES, DESCRIPTION, DATAID, RELEASEID, UNIQUEKEY, INCLUDESQL, COLTYPE, FOLLOWJOHN ) values ( 'DC_E_AFG:((13)):DC_E_AFG_SYSTEM:DAY', 'memUsage_actual', 25, 'numeric', 24, 4, 255, 1, '', 'Memory usage is measured as 100  (memAvailReal+memBuffer+memCached)*100/memTotalReal, which represents the percentage of total memory can be used. The counter details are as follows:memAvailReal .1.3.6.1.4.1.2021.4.6.0 The amount of real/physical memory currently unused or available. memBuffer .1.3.6.1.4.1.2021.4.14.0 The total amount of real or virtual memory currently allocated for use as memory buffers.memCached .1.3.6.1.4.1.2021.4.15.0 The total amount of real or virtual memory currently allocated for use as cached memory.memTotalReal .1.3.6.1.4.1.2021.4.5.0 The total amount of real/physical memory installed on this host.', 'memUsage.actual', 'DC_E_AFG:((13))', 0, 1, 'COUNTER', null );
insert into Measurementcolumn ( MTABLEID, DATANAME, COLNUMBER, DATATYPE, DATASIZE, DATASCALE, UNIQUEVALUE, NULLABLE, INDEXES, DESCRIPTION, DATAID, RELEASEID, UNIQUEKEY, INCLUDESQL, COLTYPE, FOLLOWJOHN ) values ( 'DC_E_AFG:((13)):DC_E_AFG_SYSTEM:DAY', 'memUsage_max', 27, 'numeric', 24, 4, 255, 1, '', 'Memory usage is measured as 100  (memAvailReal+memBuffer+memCached)*100/memTotalReal, which represents the percentage of total memory can be used. The counter details are as follows:memAvailReal .1.3.6.1.4.1.2021.4.6.0 The amount of real/physical memory currently unused or available.memBuffer .1.3.6.1.4.1.2021.4.14.0 The total amount of real or virtual memory currently allocated for use as memory buffers.memCached .1.3.6.1.4.1.2021.4.15.0 The total amount of real or virtual memory currently allocated for use as cached memory.memTotalReal .1.3.6.1.4.1.2021.4.5.0 The total amount of real/physical memory installed on this host.', 'memUsage.max', 'DC_E_AFG:((13))', 0, 1, 'COUNTER', null );
insert into Measurementcolumn ( MTABLEID, DATANAME, COLNUMBER, DATATYPE, DATASIZE, DATASCALE, UNIQUEVALUE, NULLABLE, INDEXES, DESCRIPTION, DATAID, RELEASEID, UNIQUEKEY, INCLUDESQL, COLTYPE, FOLLOWJOHN ) values ( 'DC_E_AFG:((13)):DC_E_AFG_SYSTEM:DAY', 'memUsage_min', 26, 'numeric', 24, 4, 255, 1, '', 'Memory usage is measured as 100  (memAvailReal+memBuffer+memCached)*100/memTotalReal, which represents the percentage of total memory can be used. The counter details are as follows:memAvailReal .1.3.6.1.4.1.2021.4.6.0 The amount of real/physical memory currently unused or available.memBuffer .1.3.6.1.4.1.2021.4.14.0 The total amount of real or virtual memory currently allocated for use as memory buffers.memCached .1.3.6.1.4.1.2021.4.15.0 The total amount of real or virtual memory currently allocated for use as cached memory.memTotalReal .1.3.6.1.4.1.2021.4.5.0 The total amount of real/physical memory installed on this host.', 'memUsage.min', 'DC_E_AFG:((13))', 0, 1, 'COUNTER', null );
insert into Measurementcolumn ( MTABLEID, DATANAME, COLNUMBER, DATATYPE, DATASIZE, DATASCALE, UNIQUEVALUE, NULLABLE, INDEXES, DESCRIPTION, DATAID, RELEASEID, UNIQUEKEY, INCLUDESQL, COLTYPE, FOLLOWJOHN ) values ( 'DC_E_AFG:((13)):DC_E_AFG_SYSTEM:DAY', 'rootPath_actual', 22, 'numeric', 24, 4, 255, 1, '', 'Disk usage is measured as the used percentage of the root partition (/ path) in the VM (.1.3.6.1.4.1.2021.9.1.9.1, Percentage of space used on disk of the first entry of dskTable). The root partition is entered there during the VM installation.', 'rootPath.actual', 'DC_E_AFG:((13))', 0, 1, 'COUNTER', null );
insert into Measurementcolumn ( MTABLEID, DATANAME, COLNUMBER, DATATYPE, DATASIZE, DATASCALE, UNIQUEVALUE, NULLABLE, INDEXES, DESCRIPTION, DATAID, RELEASEID, UNIQUEKEY, INCLUDESQL, COLTYPE, FOLLOWJOHN ) values ( 'DC_E_AFG:((13)):DC_E_AFG_SYSTEM:DAY', 'rootPath_max', 24, 'numeric', 24, 4, 255, 1, '', 'Disk usage is measured as the used percentage of the root partition (/ path) in the VM (.1.3.6.1.4.1.2021.9.1.9.1, Percentage of space used on disk of the first entry of dskTable). The root partition is entered there during the VM installation.', 'rootPath.max', 'DC_E_AFG:((13))', 0, 1, 'COUNTER', null );
insert into Measurementcolumn ( MTABLEID, DATANAME, COLNUMBER, DATATYPE, DATASIZE, DATASCALE, UNIQUEVALUE, NULLABLE, INDEXES, DESCRIPTION, DATAID, RELEASEID, UNIQUEKEY, INCLUDESQL, COLTYPE, FOLLOWJOHN ) values ( 'DC_E_AFG:((13)):DC_E_AFG_SYSTEM:DAY', 'rootPath_min', 23, 'numeric', 24, 4, 255, 1, '', 'Disk usage is measured as the used percentage of the root partition (/ path) in the VM (.1.3.6.1.4.1.2021.9.1.9.1, Percentage of space used on disk of the first entry of dskTable). The root partition is entered there during the VM installation.', 'rootPath.min', 'DC_E_AFG:((13))', 0, 1, 'COUNTER', null );
insert into Measurementcolumn ( MTABLEID, DATANAME, COLNUMBER, DATATYPE, DATASIZE, DATASCALE, UNIQUEVALUE, NULLABLE, INDEXES, DESCRIPTION, DATAID, RELEASEID, UNIQUEKEY, INCLUDESQL, COLTYPE, FOLLOWJOHN ) values ( 'DC_E_AFG:((13)):DC_E_AFG_SYSTEM:DAYBH', 'BATCH_ID', 13, 'smallint', 0, 0, 255, 1, '', '', 'BATCH_ID', 'BASE_TP_090421', 0, 0, 'PUBLICKEY', null );
insert into Measurementcolumn ( MTABLEID, DATANAME, COLNUMBER, DATATYPE, DATASIZE, DATASCALE, UNIQUEVALUE, NULLABLE, INDEXES, DESCRIPTION, DATAID, RELEASEID, UNIQUEKEY, INCLUDESQL, COLTYPE, FOLLOWJOHN ) values ( 'DC_E_AFG:((13)):DC_E_AFG_SYSTEM:DAYBH', 'BHCLASS', 10, 'smallint', 0, 0, 10, 1, 'LF', '', 'BHCLASS', 'BASE_TP_090421', 0, 1, 'PUBLICKEY', null );
insert into Measurementcolumn ( MTABLEID, DATANAME, COLNUMBER, DATATYPE, DATASIZE, DATASCALE, UNIQUEVALUE, NULLABLE, INDEXES, DESCRIPTION, DATAID, RELEASEID, UNIQUEKEY, INCLUDESQL, COLTYPE, FOLLOWJOHN ) values ( 'DC_E_AFG:((13)):DC_E_AFG_SYSTEM:DAYBH', 'BHTYPE', 8, 'varchar', 50, 0, 20, 1, 'LF', '', 'BHTYPE', 'BASE_TP_090421', 1, 1, 'PUBLICKEY', null );
insert into Measurementcolumn ( MTABLEID, DATANAME, COLNUMBER, DATATYPE, DATASIZE, DATASCALE, UNIQUEVALUE, NULLABLE, INDEXES, DESCRIPTION, DATAID, RELEASEID, UNIQUEKEY, INCLUDESQL, COLTYPE, FOLLOWJOHN ) values ( 'DC_E_AFG:((13)):DC_E_AFG_SYSTEM:DAYBH', 'BH_ID', 20, 'unsigned int', 0, 0, 255, 1, '', '', 'BH_ID', 'BASE_TP_20100318', 0, 0, 'PUBLICKEY', null );
insert into Measurementcolumn ( MTABLEID, DATANAME, COLNUMBER, DATATYPE, DATASIZE, DATASCALE, UNIQUEVALUE, NULLABLE, INDEXES, DESCRIPTION, DATAID, RELEASEID, UNIQUEKEY, INCLUDESQL, COLTYPE, FOLLOWJOHN ) values ( 'DC_E_AFG:((13)):DC_E_AFG_SYSTEM:DAYBH', 'BUSYHOUR', 9, 'tinyint', 0, 0, 24, 1, 'LF', '', 'BUSYHOUR', 'BASE_TP_090421', 0, 1, 'PUBLICKEY', null );
insert into Measurementcolumn ( MTABLEID, DATANAME, COLNUMBER, DATATYPE, DATASIZE, DATASCALE, UNIQUEVALUE, NULLABLE, INDEXES, DESCRIPTION, DATAID, RELEASEID, UNIQUEKEY, INCLUDESQL, COLTYPE, FOLLOWJOHN ) values ( 'DC_E_AFG:((13)):DC_E_AFG_SYSTEM:DAYBH', 'DATE_ID', 3, 'date', 0, 0, 255, 1, 'LF', '', 'DATE_ID', 'BASE_TP_090421', 1, 1, 'PUBLICKEY', null );
insert into Measurementcolumn ( MTABLEID, DATANAME, COLNUMBER, DATATYPE, DATASIZE, DATASCALE, UNIQUEVALUE, NULLABLE, INDEXES, DESCRIPTION, DATAID, RELEASEID, UNIQUEKEY, INCLUDESQL, COLTYPE, FOLLOWJOHN ) values ( 'DC_E_AFG:((13)):DC_E_AFG_SYSTEM:DAYBH', 'DAY_ID', 6, 'tinyint', 0, 0, 31, 1, 'LF', '', 'DAY_ID', 'BASE_TP_090421', 0, 0, 'PUBLICKEY', null );
insert into Measurementcolumn ( MTABLEID, DATANAME, COLNUMBER, DATATYPE, DATASIZE, DATASCALE, UNIQUEVALUE, NULLABLE, INDEXES, DESCRIPTION, DATAID, RELEASEID, UNIQUEKEY, INCLUDESQL, COLTYPE, FOLLOWJOHN ) values ( 'DC_E_AFG:((13)):DC_E_AFG_SYSTEM:DAYBH', 'DC_RELEASE', 16, 'varchar', 16, 0, 2, 1, 'LF', '', 'DC_RELEASE', 'BASE_TP_090421', 0, 1, 'PUBLICKEY', null );
insert into Measurementcolumn ( MTABLEID, DATANAME, COLNUMBER, DATATYPE, DATASIZE, DATASCALE, UNIQUEVALUE, NULLABLE, INDEXES, DESCRIPTION, DATAID, RELEASEID, UNIQUEKEY, INCLUDESQL, COLTYPE, FOLLOWJOHN ) values ( 'DC_E_AFG:((13)):DC_E_AFG_SYSTEM:DAYBH', 'DC_SOURCE', 17, 'varchar', 16, 0, 2, 1, 'LF', '', 'DC_SOURCE', 'BASE_TP_090421', 0, 1, 'PUBLICKEY', null );
insert into Measurementcolumn ( MTABLEID, DATANAME, COLNUMBER, DATATYPE, DATASIZE, DATASCALE, UNIQUEVALUE, NULLABLE, INDEXES, DESCRIPTION, DATAID, RELEASEID, UNIQUEKEY, INCLUDESQL, COLTYPE, FOLLOWJOHN ) values ( 'DC_E_AFG:((13)):DC_E_AFG_SYSTEM:DAYBH', 'DC_SUSPECTFLAG', 19, 'int', 0, 0, 2, 1, 'LF', '', 'DC_SUSPECTFLAG', 'BASE_TP_090421', 0, 1, 'PUBLICKEY', null );
insert into Measurementcolumn ( MTABLEID, DATANAME, COLNUMBER, DATATYPE, DATASIZE, DATASCALE, UNIQUEVALUE, NULLABLE, INDEXES, DESCRIPTION, DATAID, RELEASEID, UNIQUEKEY, INCLUDESQL, COLTYPE, FOLLOWJOHN ) values ( 'DC_E_AFG:((13)):DC_E_AFG_SYSTEM:DAYBH', 'DC_TIMEZONE', 18, 'varchar', 16, 0, 2, 1, 'LF', '', 'DC_TIMEZONE', 'BASE_TP_090421', 0, 1, 'PUBLICKEY', null );
insert into Measurementcolumn ( MTABLEID, DATANAME, COLNUMBER, DATATYPE, DATASIZE, DATASCALE, UNIQUEVALUE, NULLABLE, INDEXES, DESCRIPTION, DATAID, RELEASEID, UNIQUEKEY, INCLUDESQL, COLTYPE, FOLLOWJOHN ) values ( 'DC_E_AFG:((13)):DC_E_AFG_SYSTEM:DAYBH', 'MIN_ID', 7, 'tinyint', 0, 0, 60, 1, 'LF', '', 'MIN_ID', 'BASE_TP_090421', 1, 1, 'PUBLICKEY', null );
insert into Measurementcolumn ( MTABLEID, DATANAME, COLNUMBER, DATATYPE, DATASIZE, DATASCALE, UNIQUEVALUE, NULLABLE, INDEXES, DESCRIPTION, DATAID, RELEASEID, UNIQUEKEY, INCLUDESQL, COLTYPE, FOLLOWJOHN ) values ( 'DC_E_AFG:((13)):DC_E_AFG_SYSTEM:DAYBH', 'MONTH_ID', 5, 'tinyint', 0, 0, 12, 1, 'LF', '', 'MONTH_ID', 'BASE_TP_090421', 0, 0, 'PUBLICKEY', null );
insert into Measurementcolumn ( MTABLEID, DATANAME, COLNUMBER, DATATYPE, DATASIZE, DATASCALE, UNIQUEVALUE, NULLABLE, INDEXES, DESCRIPTION, DATAID, RELEASEID, UNIQUEKEY, INCLUDESQL, COLTYPE, FOLLOWJOHN ) values ( 'DC_E_AFG:((13)):DC_E_AFG_SYSTEM:DAYBH', 'NODE_NAME', 2, 'varchar', 50, 0, 255, 1, 'HG', 'Node Name', 'NODE_NAME', 'DC_E_AFG:((13))', 1, 1, 'KEY', null );
insert into Measurementcolumn ( MTABLEID, DATANAME, COLNUMBER, DATATYPE, DATASIZE, DATASCALE, UNIQUEVALUE, NULLABLE, INDEXES, DESCRIPTION, DATAID, RELEASEID, UNIQUEKEY, INCLUDESQL, COLTYPE, FOLLOWJOHN ) values ( 'DC_E_AFG:((13)):DC_E_AFG_SYSTEM:DAYBH', 'OFFSET', 21, 'unsigned int', 0, 0, 255, 1, '', '', 'OFFSET', 'BASE_TP_20100318', 0, 0, 'PUBLICKEY', null );
insert into Measurementcolumn ( MTABLEID, DATANAME, COLNUMBER, DATATYPE, DATASIZE, DATASCALE, UNIQUEVALUE, NULLABLE, INDEXES, DESCRIPTION, DATAID, RELEASEID, UNIQUEKEY, INCLUDESQL, COLTYPE, FOLLOWJOHN ) values ( 'DC_E_AFG:((13)):DC_E_AFG_SYSTEM:DAYBH', 'OSS_ID', 1, 'varchar', 50, 0, 255, 1, 'HG', 'OSS Id', 'OSS_ID', 'DC_E_AFG:((13))', 1, 1, 'KEY', null );
insert into Measurementcolumn ( MTABLEID, DATANAME, COLNUMBER, DATATYPE, DATASIZE, DATASCALE, UNIQUEVALUE, NULLABLE, INDEXES, DESCRIPTION, DATAID, RELEASEID, UNIQUEKEY, INCLUDESQL, COLTYPE, FOLLOWJOHN ) values ( 'DC_E_AFG:((13)):DC_E_AFG_SYSTEM:DAYBH', 'PERIOD_DURATION', 14, 'unsigned int', 0, 0, 10, 1, '', '', 'PERIOD_DURATION', 'BASE_TP_090421', 0, 1, 'PUBLICKEY', null );
insert into Measurementcolumn ( MTABLEID, DATANAME, COLNUMBER, DATATYPE, DATASIZE, DATASCALE, UNIQUEVALUE, NULLABLE, INDEXES, DESCRIPTION, DATAID, RELEASEID, UNIQUEKEY, INCLUDESQL, COLTYPE, FOLLOWJOHN ) values ( 'DC_E_AFG:((13)):DC_E_AFG_SYSTEM:DAYBH', 'ROWSTATUS', 15, 'varchar', 16, 0, 10, 1, '', '', 'ROWSTATUS', 'BASE_TP_090421', 0, 1, 'PUBLICKEY', null );
insert into Measurementcolumn ( MTABLEID, DATANAME, COLNUMBER, DATATYPE, DATASIZE, DATASCALE, UNIQUEVALUE, NULLABLE, INDEXES, DESCRIPTION, DATAID, RELEASEID, UNIQUEKEY, INCLUDESQL, COLTYPE, FOLLOWJOHN ) values ( 'DC_E_AFG:((13)):DC_E_AFG_SYSTEM:DAYBH', 'SESSION_ID', 12, 'unsigned int', 0, 0, 255, 1, '', '', 'SESSION_ID', 'BASE_TP_090421', 0, 0, 'PUBLICKEY', null );
insert into Measurementcolumn ( MTABLEID, DATANAME, COLNUMBER, DATATYPE, DATASIZE, DATASCALE, UNIQUEVALUE, NULLABLE, INDEXES, DESCRIPTION, DATAID, RELEASEID, UNIQUEKEY, INCLUDESQL, COLTYPE, FOLLOWJOHN ) values ( 'DC_E_AFG:((13)):DC_E_AFG_SYSTEM:DAYBH', 'TIMELEVEL', 11, 'varchar', 10, 0, 10, 1, 'LF', '', 'TIMELEVEL', 'BASE_TP_090421', 0, 0, 'PUBLICKEY', null );
insert into Measurementcolumn ( MTABLEID, DATANAME, COLNUMBER, DATATYPE, DATASIZE, DATASCALE, UNIQUEVALUE, NULLABLE, INDEXES, DESCRIPTION, DATAID, RELEASEID, UNIQUEKEY, INCLUDESQL, COLTYPE, FOLLOWJOHN ) values ( 'DC_E_AFG:((13)):DC_E_AFG_SYSTEM:DAYBH', 'YEAR_ID', 4, 'smallint', 0, 0, 20, 1, 'LF', '', 'YEAR_ID', 'BASE_TP_090421', 0, 0, 'PUBLICKEY', null );
insert into Measurementcolumn ( MTABLEID, DATANAME, COLNUMBER, DATATYPE, DATASIZE, DATASCALE, UNIQUEVALUE, NULLABLE, INDEXES, DESCRIPTION, DATAID, RELEASEID, UNIQUEKEY, INCLUDESQL, COLTYPE, FOLLOWJOHN ) values ( 'DC_E_AFG:((13)):DC_E_AFG_SYSTEM:DAYBH', 'cpuUsage_actual', 22, 'numeric', 24, 4, 255, 1, '', 'CPU usage is measured as 100  ssCpuIdle (.1.3.6.1.4.1.2021.11.11.0, The percentage of processor time spent idle, calculated over the last minute.).', 'cpuUsage.actual', 'DC_E_AFG:((13))', 0, 1, 'COUNTER', null );
insert into Measurementcolumn ( MTABLEID, DATANAME, COLNUMBER, DATATYPE, DATASIZE, DATASCALE, UNIQUEVALUE, NULLABLE, INDEXES, DESCRIPTION, DATAID, RELEASEID, UNIQUEKEY, INCLUDESQL, COLTYPE, FOLLOWJOHN ) values ( 'DC_E_AFG:((13)):DC_E_AFG_SYSTEM:DAYBH', 'cpuUsage_max', 24, 'numeric', 24, 4, 255, 1, '', 'CPU usage is measured as 100  ssCpuIdle (.1.3.6.1.4.1.2021.11.11.0, The percentage of processor time spent idle, calculated over the last minute.).', 'cpuUsage.max', 'DC_E_AFG:((13))', 0, 1, 'COUNTER', null );
insert into Measurementcolumn ( MTABLEID, DATANAME, COLNUMBER, DATATYPE, DATASIZE, DATASCALE, UNIQUEVALUE, NULLABLE, INDEXES, DESCRIPTION, DATAID, RELEASEID, UNIQUEKEY, INCLUDESQL, COLTYPE, FOLLOWJOHN ) values ( 'DC_E_AFG:((13)):DC_E_AFG_SYSTEM:DAYBH', 'cpuUsage_min', 23, 'numeric', 24, 4, 255, 1, '', 'CPU usage is measured as 100  ssCpuIdle (.1.3.6.1.4.1.2021.11.11.0, The percentage of processor time spent idle, calculated over the last minute.).', 'cpuUsage.min', 'DC_E_AFG:((13))', 0, 1, 'COUNTER', null );
insert into Measurementcolumn ( MTABLEID, DATANAME, COLNUMBER, DATATYPE, DATASIZE, DATASCALE, UNIQUEVALUE, NULLABLE, INDEXES, DESCRIPTION, DATAID, RELEASEID, UNIQUEKEY, INCLUDESQL, COLTYPE, FOLLOWJOHN ) values ( 'DC_E_AFG:((13)):DC_E_AFG_SYSTEM:DAYBH', 'memUsage_actual', 28, 'numeric', 24, 4, 255, 1, '', 'Memory usage is measured as 100  (memAvailReal+memBuffer+memCached)*100/memTotalReal, which represents the percentage of total memory can be used. The counter details are as follows:memAvailReal .1.3.6.1.4.1.2021.4.6.0 The amount of real/physical memory currently unused or available.memBuffer .1.3.6.1.4.1.2021.4.14.0 The total amount of real or virtual memory currently allocated for use as memory buffers.memCached .1.3.6.1.4.1.2021.4.15.0 The total amount of real or virtual memory currently allocated for use as cached memory.memTotalReal .1.3.6.1.4.1.2021.4.5.0 The total amount of real/physical memory installed on this host.', 'memUsage.actual', 'DC_E_AFG:((13))', 0, 1, 'COUNTER', null );
insert into Measurementcolumn ( MTABLEID, DATANAME, COLNUMBER, DATATYPE, DATASIZE, DATASCALE, UNIQUEVALUE, NULLABLE, INDEXES, DESCRIPTION, DATAID, RELEASEID, UNIQUEKEY, INCLUDESQL, COLTYPE, FOLLOWJOHN ) values ( 'DC_E_AFG:((13)):DC_E_AFG_SYSTEM:DAYBH', 'memUsage_max', 30, 'numeric', 24, 4, 255, 1, '', 'Memory usage is measured as 100  (memAvailReal+memBuffer+memCached)*100/memTotalReal, which represents the percentage of total memory can be used. The counter details are as follows:memAvailReal .1.3.6.1.4.1.2021.4.6.0 The amount of real/physical memory currently unused or available.memBuffer .1.3.6.1.4.1.2021.4.14.0 The total amount of real or virtual memory currently allocated for use as memory buffers.memCached .1.3.6.1.4.1.2021.4.15.0 The total amount of real or virtual memory currently allocated for use as cached memory.memTotalReal .1.3.6.1.4.1.2021.4.5.0 The total amount of real/physical memory installed on this host.', 'memUsage.max', 'DC_E_AFG:((13))', 0, 1, 'COUNTER', null );
insert into Measurementcolumn ( MTABLEID, DATANAME, COLNUMBER, DATATYPE, DATASIZE, DATASCALE, UNIQUEVALUE, NULLABLE, INDEXES, DESCRIPTION, DATAID, RELEASEID, UNIQUEKEY, INCLUDESQL, COLTYPE, FOLLOWJOHN ) values ( 'DC_E_AFG:((13)):DC_E_AFG_SYSTEM:DAYBH', 'memUsage_min', 29, 'numeric', 24, 4, 255, 1, '', 'Memory usage is measured as 100  (memAvailReal+memBuffer+memCached)*100/memTotalReal, which represents the percentage of total memory can be used. The counter details are as follows:memAvailReal .1.3.6.1.4.1.2021.4.6.0 The amount of real/physical memory currently unused or available.memBuffer .1.3.6.1.4.1.2021.4.14.0 The total amount of real or virtual memory currently allocated for use as memory buffers.memCached .1.3.6.1.4.1.2021.4.15.0 The total amount of real or virtual memory currently allocated for use as cached memory.memTotalReal .1.3.6.1.4.1.2021.4.5.0 The total amount of real/physical memory installed on this host.', 'memUsage.min', 'DC_E_AFG:((13))', 0, 1, 'COUNTER', null );
insert into Measurementcolumn ( MTABLEID, DATANAME, COLNUMBER, DATATYPE, DATASIZE, DATASCALE, UNIQUEVALUE, NULLABLE, INDEXES, DESCRIPTION, DATAID, RELEASEID, UNIQUEKEY, INCLUDESQL, COLTYPE, FOLLOWJOHN ) values ( 'DC_E_AFG:((13)):DC_E_AFG_SYSTEM:DAYBH', 'rootPath_actual', 25, 'numeric', 24, 4, 255, 1, '', 'Disk usage is measured as the used percentage of the root partition (/ path) in the VM (.1.3.6.1.4.1.2021.9.1.9.1, Percentage of space used on disk of the first entry of dskTable). The root partition is entered there during the VM installation.', 'rootPath.actual', 'DC_E_AFG:((13))', 0, 1, 'COUNTER', null );
insert into Measurementcolumn ( MTABLEID, DATANAME, COLNUMBER, DATATYPE, DATASIZE, DATASCALE, UNIQUEVALUE, NULLABLE, INDEXES, DESCRIPTION, DATAID, RELEASEID, UNIQUEKEY, INCLUDESQL, COLTYPE, FOLLOWJOHN ) values ( 'DC_E_AFG:((13)):DC_E_AFG_SYSTEM:DAYBH', 'rootPath_max', 27, 'numeric', 24, 4, 255, 1, '', 'Disk usage is measured as the used percentage of the root partition (/ path) in the VM (.1.3.6.1.4.1.2021.9.1.9.1, Percentage of space used on disk of the first entry of dskTable). The root partition is entered there during the VM installation.', 'rootPath.max', 'DC_E_AFG:((13))', 0, 1, 'COUNTER', null );
insert into Measurementcolumn ( MTABLEID, DATANAME, COLNUMBER, DATATYPE, DATASIZE, DATASCALE, UNIQUEVALUE, NULLABLE, INDEXES, DESCRIPTION, DATAID, RELEASEID, UNIQUEKEY, INCLUDESQL, COLTYPE, FOLLOWJOHN ) values ( 'DC_E_AFG:((13)):DC_E_AFG_SYSTEM:DAYBH', 'rootPath_min', 26, 'numeric', 24, 4, 255, 1, '', 'Disk usage is measured as the used percentage of the root partition (/ path) in the VM (.1.3.6.1.4.1.2021.9.1.9.1, Percentage of space used on disk of the first entry of dskTable). The root partition is entered there during the VM installation.', 'rootPath.min', 'DC_E_AFG:((13))', 0, 1, 'COUNTER', null );
insert into Measurementcolumn ( MTABLEID, DATANAME, COLNUMBER, DATATYPE, DATASIZE, DATASCALE, UNIQUEVALUE, NULLABLE, INDEXES, DESCRIPTION, DATAID, RELEASEID, UNIQUEKEY, INCLUDESQL, COLTYPE, FOLLOWJOHN ) values ( 'DC_E_AFG:((13)):DC_E_AFG_SYSTEM:RAW', 'BATCH_ID', 12, 'smallint', 0, 0, 255, 1, '', '', 'BATCH_ID', 'BASE_TP_090421', 0, 0, 'PUBLICKEY', null );
insert into Measurementcolumn ( MTABLEID, DATANAME, COLNUMBER, DATATYPE, DATASIZE, DATASCALE, UNIQUEVALUE, NULLABLE, INDEXES, DESCRIPTION, DATAID, RELEASEID, UNIQUEKEY, INCLUDESQL, COLTYPE, FOLLOWJOHN ) values ( 'DC_E_AFG:((13)):DC_E_AFG_SYSTEM:RAW', 'DATETIME_ID', 8, 'datetime', 0, 0, 255, 1, 'HG', '', 'DATETIME_ID', 'BASE_TP_090421', 1, 1, 'PUBLICKEY', null );
insert into Measurementcolumn ( MTABLEID, DATANAME, COLNUMBER, DATATYPE, DATASIZE, DATASCALE, UNIQUEVALUE, NULLABLE, INDEXES, DESCRIPTION, DATAID, RELEASEID, UNIQUEKEY, INCLUDESQL, COLTYPE, FOLLOWJOHN ) values ( 'DC_E_AFG:((13)):DC_E_AFG_SYSTEM:RAW', 'DATE_ID', 3, 'date', 0, 0, 255, 1, 'LF', '', 'DATE_ID', 'BASE_TP_090421', 0, 0, 'PUBLICKEY', null );
insert into Measurementcolumn ( MTABLEID, DATANAME, COLNUMBER, DATATYPE, DATASIZE, DATASCALE, UNIQUEVALUE, NULLABLE, INDEXES, DESCRIPTION, DATAID, RELEASEID, UNIQUEKEY, INCLUDESQL, COLTYPE, FOLLOWJOHN ) values ( 'DC_E_AFG:((13)):DC_E_AFG_SYSTEM:RAW', 'DAY_ID', 6, 'tinyint', 0, 0, 31, 1, 'LF', '', 'DAY_ID', 'BASE_TP_090421', 0, 0, 'PUBLICKEY', null );
insert into Measurementcolumn ( MTABLEID, DATANAME, COLNUMBER, DATATYPE, DATASIZE, DATASCALE, UNIQUEVALUE, NULLABLE, INDEXES, DESCRIPTION, DATAID, RELEASEID, UNIQUEKEY, INCLUDESQL, COLTYPE, FOLLOWJOHN ) values ( 'DC_E_AFG:((13)):DC_E_AFG_SYSTEM:RAW', 'DC_RELEASE', 15, 'varchar', 16, 0, 2, 1, 'LF', '', 'DC_RELEASE', 'BASE_TP_090421', 0, 1, 'PUBLICKEY', null );
insert into Measurementcolumn ( MTABLEID, DATANAME, COLNUMBER, DATATYPE, DATASIZE, DATASCALE, UNIQUEVALUE, NULLABLE, INDEXES, DESCRIPTION, DATAID, RELEASEID, UNIQUEKEY, INCLUDESQL, COLTYPE, FOLLOWJOHN ) values ( 'DC_E_AFG:((13)):DC_E_AFG_SYSTEM:RAW', 'DC_SOURCE', 16, 'varchar', 16, 0, 2, 1, 'LF', '', 'DC_SOURCE', 'BASE_TP_090421', 0, 1, 'PUBLICKEY', null );
insert into Measurementcolumn ( MTABLEID, DATANAME, COLNUMBER, DATATYPE, DATASIZE, DATASCALE, UNIQUEVALUE, NULLABLE, INDEXES, DESCRIPTION, DATAID, RELEASEID, UNIQUEKEY, INCLUDESQL, COLTYPE, FOLLOWJOHN ) values ( 'DC_E_AFG:((13)):DC_E_AFG_SYSTEM:RAW', 'DC_SUSPECTFLAG', 18, 'int', 0, 0, 2, 1, 'LF', '', 'DC_SUSPECTFLAG', 'BASE_TP_090421', 0, 1, 'PUBLICKEY', null );
insert into Measurementcolumn ( MTABLEID, DATANAME, COLNUMBER, DATATYPE, DATASIZE, DATASCALE, UNIQUEVALUE, NULLABLE, INDEXES, DESCRIPTION, DATAID, RELEASEID, UNIQUEKEY, INCLUDESQL, COLTYPE, FOLLOWJOHN ) values ( 'DC_E_AFG:((13)):DC_E_AFG_SYSTEM:RAW', 'DC_TIMEZONE', 17, 'varchar', 16, 0, 2, 1, 'LF', '', 'DC_TIMEZONE', 'BASE_TP_090421', 0, 1, 'PUBLICKEY', null );
insert into Measurementcolumn ( MTABLEID, DATANAME, COLNUMBER, DATATYPE, DATASIZE, DATASCALE, UNIQUEVALUE, NULLABLE, INDEXES, DESCRIPTION, DATAID, RELEASEID, UNIQUEKEY, INCLUDESQL, COLTYPE, FOLLOWJOHN ) values ( 'DC_E_AFG:((13)):DC_E_AFG_SYSTEM:RAW', 'HOUR_ID', 7, 'tinyint', 0, 0, 24, 1, 'LF', '', 'HOUR_ID', 'BASE_TP_090421', 0, 0, 'PUBLICKEY', null );
insert into Measurementcolumn ( MTABLEID, DATANAME, COLNUMBER, DATATYPE, DATASIZE, DATASCALE, UNIQUEVALUE, NULLABLE, INDEXES, DESCRIPTION, DATAID, RELEASEID, UNIQUEKEY, INCLUDESQL, COLTYPE, FOLLOWJOHN ) values ( 'DC_E_AFG:((13)):DC_E_AFG_SYSTEM:RAW', 'MIN_ID', 9, 'tinyint', 0, 0, 60, 1, 'LF', '', 'MIN_ID', 'BASE_TP_090421', 0, 0, 'PUBLICKEY', null );
insert into Measurementcolumn ( MTABLEID, DATANAME, COLNUMBER, DATATYPE, DATASIZE, DATASCALE, UNIQUEVALUE, NULLABLE, INDEXES, DESCRIPTION, DATAID, RELEASEID, UNIQUEKEY, INCLUDESQL, COLTYPE, FOLLOWJOHN ) values ( 'DC_E_AFG:((13)):DC_E_AFG_SYSTEM:RAW', 'MONTH_ID', 5, 'tinyint', 0, 0, 12, 1, 'LF', '', 'MONTH_ID', 'BASE_TP_090421', 0, 0, 'PUBLICKEY', null );
insert into Measurementcolumn ( MTABLEID, DATANAME, COLNUMBER, DATATYPE, DATASIZE, DATASCALE, UNIQUEVALUE, NULLABLE, INDEXES, DESCRIPTION, DATAID, RELEASEID, UNIQUEKEY, INCLUDESQL, COLTYPE, FOLLOWJOHN ) values ( 'DC_E_AFG:((13)):DC_E_AFG_SYSTEM:RAW', 'NODE_NAME', 2, 'varchar', 50, 0, 255, 1, 'HG', 'Node Name', 'NODE_NAME', 'DC_E_AFG:((13))', 1, 1, 'KEY', null );
insert into Measurementcolumn ( MTABLEID, DATANAME, COLNUMBER, DATATYPE, DATASIZE, DATASCALE, UNIQUEVALUE, NULLABLE, INDEXES, DESCRIPTION, DATAID, RELEASEID, UNIQUEKEY, INCLUDESQL, COLTYPE, FOLLOWJOHN ) values ( 'DC_E_AFG:((13)):DC_E_AFG_SYSTEM:RAW', 'OSS_ID', 1, 'varchar', 50, 0, 255, 1, 'HG', 'OSS Id', 'OSS_ID', 'DC_E_AFG:((13))', 1, 1, 'KEY', null );
insert into Measurementcolumn ( MTABLEID, DATANAME, COLNUMBER, DATATYPE, DATASIZE, DATASCALE, UNIQUEVALUE, NULLABLE, INDEXES, DESCRIPTION, DATAID, RELEASEID, UNIQUEKEY, INCLUDESQL, COLTYPE, FOLLOWJOHN ) values ( 'DC_E_AFG:((13)):DC_E_AFG_SYSTEM:RAW', 'PERIOD_DURATION', 13, 'unsigned int', 0, 0, 10, 1, '', '', 'PERIOD_DURATION', 'BASE_TP_090421', 0, 1, 'PUBLICKEY', null );
insert into Measurementcolumn ( MTABLEID, DATANAME, COLNUMBER, DATATYPE, DATASIZE, DATASCALE, UNIQUEVALUE, NULLABLE, INDEXES, DESCRIPTION, DATAID, RELEASEID, UNIQUEKEY, INCLUDESQL, COLTYPE, FOLLOWJOHN ) values ( 'DC_E_AFG:((13)):DC_E_AFG_SYSTEM:RAW', 'ROWSTATUS', 14, 'varchar', 16, 0, 10, 1, '', '', 'ROWSTATUS', 'BASE_TP_090421', 0, 1, 'PUBLICKEY', null );
insert into Measurementcolumn ( MTABLEID, DATANAME, COLNUMBER, DATATYPE, DATASIZE, DATASCALE, UNIQUEVALUE, NULLABLE, INDEXES, DESCRIPTION, DATAID, RELEASEID, UNIQUEKEY, INCLUDESQL, COLTYPE, FOLLOWJOHN ) values ( 'DC_E_AFG:((13)):DC_E_AFG_SYSTEM:RAW', 'SESSION_ID', 11, 'unsigned int', 0, 0, 255, 1, '', '', 'SESSION_ID', 'BASE_TP_090421', 0, 0, 'PUBLICKEY', null );
insert into Measurementcolumn ( MTABLEID, DATANAME, COLNUMBER, DATATYPE, DATASIZE, DATASCALE, UNIQUEVALUE, NULLABLE, INDEXES, DESCRIPTION, DATAID, RELEASEID, UNIQUEKEY, INCLUDESQL, COLTYPE, FOLLOWJOHN ) values ( 'DC_E_AFG:((13)):DC_E_AFG_SYSTEM:RAW', 'TIMELEVEL', 10, 'varchar', 10, 0, 10, 1, 'LF', '', 'TIMELEVEL', 'BASE_TP_090421', 0, 0, 'PUBLICKEY', null );
insert into Measurementcolumn ( MTABLEID, DATANAME, COLNUMBER, DATATYPE, DATASIZE, DATASCALE, UNIQUEVALUE, NULLABLE, INDEXES, DESCRIPTION, DATAID, RELEASEID, UNIQUEKEY, INCLUDESQL, COLTYPE, FOLLOWJOHN ) values ( 'DC_E_AFG:((13)):DC_E_AFG_SYSTEM:RAW', 'UTC_DATETIME_ID', 19, 'datetime', 0, 0, 255, 1, 'HG', '', 'UTC_DATETIME_ID', 'BASE_TP_090421', 1, 1, 'PUBLICKEY', null );
insert into Measurementcolumn ( MTABLEID, DATANAME, COLNUMBER, DATATYPE, DATASIZE, DATASCALE, UNIQUEVALUE, NULLABLE, INDEXES, DESCRIPTION, DATAID, RELEASEID, UNIQUEKEY, INCLUDESQL, COLTYPE, FOLLOWJOHN ) values ( 'DC_E_AFG:((13)):DC_E_AFG_SYSTEM:RAW', 'YEAR_ID', 4, 'smallint', 0, 0, 20, 1, 'LF', '', 'YEAR_ID', 'BASE_TP_090421', 0, 0, 'PUBLICKEY', null );
insert into Measurementcolumn ( MTABLEID, DATANAME, COLNUMBER, DATATYPE, DATASIZE, DATASCALE, UNIQUEVALUE, NULLABLE, INDEXES, DESCRIPTION, DATAID, RELEASEID, UNIQUEKEY, INCLUDESQL, COLTYPE, FOLLOWJOHN ) values ( 'DC_E_AFG:((13)):DC_E_AFG_SYSTEM:RAW', 'cpuUsage_actual', 20, 'numeric', 24, 4, 255, 1, '', 'CPU usage is measured as 100  ssCpuIdle (.1.3.6.1.4.1.2021.11.11.0, The percentage of processor time spent idle, calculated over the last minute.).', 'cpuUsage.actual', 'DC_E_AFG:((13))', 0, 1, 'COUNTER', null );
insert into Measurementcolumn ( MTABLEID, DATANAME, COLNUMBER, DATATYPE, DATASIZE, DATASCALE, UNIQUEVALUE, NULLABLE, INDEXES, DESCRIPTION, DATAID, RELEASEID, UNIQUEKEY, INCLUDESQL, COLTYPE, FOLLOWJOHN ) values ( 'DC_E_AFG:((13)):DC_E_AFG_SYSTEM:RAW', 'cpuUsage_max', 22, 'numeric', 24, 4, 255, 1, '', 'CPU usage is measured as 100  ssCpuIdle (.1.3.6.1.4.1.2021.11.11.0, The percentage of processor time spent idle, calculated over the last minute.).', 'cpuUsage.max', 'DC_E_AFG:((13))', 0, 1, 'COUNTER', null );
insert into Measurementcolumn ( MTABLEID, DATANAME, COLNUMBER, DATATYPE, DATASIZE, DATASCALE, UNIQUEVALUE, NULLABLE, INDEXES, DESCRIPTION, DATAID, RELEASEID, UNIQUEKEY, INCLUDESQL, COLTYPE, FOLLOWJOHN ) values ( 'DC_E_AFG:((13)):DC_E_AFG_SYSTEM:RAW', 'cpuUsage_min', 21, 'numeric', 24, 4, 255, 1, '', 'CPU usage is measured as 100  ssCpuIdle (.1.3.6.1.4.1.2021.11.11.0, The percentage of processor time spent idle, calculated over the last minute.).', 'cpuUsage.min', 'DC_E_AFG:((13))', 0, 1, 'COUNTER', null );
insert into Measurementcolumn ( MTABLEID, DATANAME, COLNUMBER, DATATYPE, DATASIZE, DATASCALE, UNIQUEVALUE, NULLABLE, INDEXES, DESCRIPTION, DATAID, RELEASEID, UNIQUEKEY, INCLUDESQL, COLTYPE, FOLLOWJOHN ) values ( 'DC_E_AFG:((13)):DC_E_AFG_SYSTEM:RAW', 'memUsage_actual', 26, 'numeric', 24, 4, 255, 1, '', 'Memory usage is measured as 100  (memAvailReal+memBuffer+memCached)*100/memTotalReal, which represents the percentage of total memory can be used. The counter details are as follows:memAvailReal .1.3.6.1.4.1.2021.4.6.0 The amount of real/physical memory currently unused or available.memBuffer .1.3.6.1.4.1.2021.4.14.0 The total amount of real or virtual memory currently allocated for use as memory buffers.memCached .1.3.6.1.4.1.2021.4.15.0 The total amount of real or virtual memory currently allocated for use as cached memory.memTotalReal .1.3.6.1.4.1.2021.4.5.0 The total amount of real/physical memory installed on this host.', 'memUsage.actual', 'DC_E_AFG:((13))', 0, 1, 'COUNTER', null );
insert into Measurementcolumn ( MTABLEID, DATANAME, COLNUMBER, DATATYPE, DATASIZE, DATASCALE, UNIQUEVALUE, NULLABLE, INDEXES, DESCRIPTION, DATAID, RELEASEID, UNIQUEKEY, INCLUDESQL, COLTYPE, FOLLOWJOHN ) values ( 'DC_E_AFG:((13)):DC_E_AFG_SYSTEM:RAW', 'memUsage_max', 28, 'numeric', 24, 4, 255, 1, '', 'Memory usage is measured as 100  (memAvailReal+memBuffer+memCached)*100/memTotalReal, which represents the percentage of total memory can be used. The counter details are as follows:memAvailReal .1.3.6.1.4.1.2021.4.6.0 The amount of real/physical memory currently unused or available.memBuffer .1.3.6.1.4.1.2021.4.14.0 The total amount of real or virtual memory currently allocated for use as memory buffers.memCached .1.3.6.1.4.1.2021.4.15.0 The total amount of real or virtual memory currently allocated for use as cached memory.memTotalReal .1.3.6.1.4.1.2021.4.5.0 The total amount of real/physical memory installed on this host.', 'memUsage.max', 'DC_E_AFG:((13))', 0, 1, 'COUNTER', null );
insert into Measurementcolumn ( MTABLEID, DATANAME, COLNUMBER, DATATYPE, DATASIZE, DATASCALE, UNIQUEVALUE, NULLABLE, INDEXES, DESCRIPTION, DATAID, RELEASEID, UNIQUEKEY, INCLUDESQL, COLTYPE, FOLLOWJOHN ) values ( 'DC_E_AFG:((13)):DC_E_AFG_SYSTEM:RAW', 'memUsage_min', 27, 'numeric', 24, 4, 255, 1, '', 'Memory usage is measured as 100  (memAvailReal+memBuffer+memCached)*100/memTotalReal, which represents the percentage of total memory can be used. The counter details are as follows:memAvailReal .1.3.6.1.4.1.2021.4.6.0 The amount of real/physical memory currently unused or available.memBuffer .1.3.6.1.4.1.2021.4.14.0 The total amount of real or virtual memory currently allocated for use as memory buffers.memCached .1.3.6.1.4.1.2021.4.15.0 The total amount of real or virtual memory currently allocated for use as cached memory.memTotalReal .1.3.6.1.4.1.2021.4.5.0 The total amount of real/physical memory installed on this host.', 'memUsage.min', 'DC_E_AFG:((13))', 0, 1, 'COUNTER', null );
insert into Measurementcolumn ( MTABLEID, DATANAME, COLNUMBER, DATATYPE, DATASIZE, DATASCALE, UNIQUEVALUE, NULLABLE, INDEXES, DESCRIPTION, DATAID, RELEASEID, UNIQUEKEY, INCLUDESQL, COLTYPE, FOLLOWJOHN ) values ( 'DC_E_AFG:((13)):DC_E_AFG_SYSTEM:RAW', 'rootPath_actual', 23, 'numeric', 24, 4, 255, 1, '', 'Disk usage is measured as the used percentage of the root partition (/ path) in the VM (.1.3.6.1.4.1.2021.9.1.9.1, Percentage of space used on disk of the first entry of dskTable). The root partition is entered there during the VM installation.', 'rootPath.actual', 'DC_E_AFG:((13))', 0, 1, 'COUNTER', null );
insert into Measurementcolumn ( MTABLEID, DATANAME, COLNUMBER, DATATYPE, DATASIZE, DATASCALE, UNIQUEVALUE, NULLABLE, INDEXES, DESCRIPTION, DATAID, RELEASEID, UNIQUEKEY, INCLUDESQL, COLTYPE, FOLLOWJOHN ) values ( 'DC_E_AFG:((13)):DC_E_AFG_SYSTEM:RAW', 'rootPath_max', 25, 'numeric', 24, 4, 255, 1, '', 'Disk usage is measured as the used percentage of the root partition (/ path) in the VM (.1.3.6.1.4.1.2021.9.1.9.1, Percentage of space used on disk of the first entry of dskTable). The root partition is entered there during the VM installation.', 'rootPath.max', 'DC_E_AFG:((13))', 0, 1, 'COUNTER', null );
insert into Measurementcolumn ( MTABLEID, DATANAME, COLNUMBER, DATATYPE, DATASIZE, DATASCALE, UNIQUEVALUE, NULLABLE, INDEXES, DESCRIPTION, DATAID, RELEASEID, UNIQUEKEY, INCLUDESQL, COLTYPE, FOLLOWJOHN ) values ( 'DC_E_AFG:((13)):DC_E_AFG_SYSTEM:RAW', 'rootPath_min', 24, 'numeric', 24, 4, 255, 1, '', 'Disk usage is measured as the used percentage of the root partition (/ path) in the VM (.1.3.6.1.4.1.2021.9.1.9.1, Percentage of space used on disk of the first entry of dskTable). The root partition is entered there during the VM installation.', 'rootPath.min', 'DC_E_AFG:((13))', 0, 1, 'COUNTER', null );
insert into Measurementcolumn ( MTABLEID, DATANAME, COLNUMBER, DATATYPE, DATASIZE, DATASCALE, UNIQUEVALUE, NULLABLE, INDEXES, DESCRIPTION, DATAID, RELEASEID, UNIQUEKEY, INCLUDESQL, COLTYPE, FOLLOWJOHN ) values ( 'DC_E_AFG:((13)):DC_E_AFG_TRUSTEDPROXY:DAY', 'AGG_COUNT', 9, 'smallint', 0, 0, 255, 1, '', '', 'AGG_COUNT', 'BASE_TP_090421', 0, 0, 'PUBLICKEY', null );
insert into Measurementcolumn ( MTABLEID, DATANAME, COLNUMBER, DATATYPE, DATASIZE, DATASCALE, UNIQUEVALUE, NULLABLE, INDEXES, DESCRIPTION, DATAID, RELEASEID, UNIQUEKEY, INCLUDESQL, COLTYPE, FOLLOWJOHN ) values ( 'DC_E_AFG:((13)):DC_E_AFG_TRUSTEDPROXY:DAY', 'BATCH_ID', 12, 'smallint', 0, 0, 255, 1, '', '', 'BATCH_ID', 'BASE_TP_090421', 0, 0, 'PUBLICKEY', null );
insert into Measurementcolumn ( MTABLEID, DATANAME, COLNUMBER, DATATYPE, DATASIZE, DATASCALE, UNIQUEVALUE, NULLABLE, INDEXES, DESCRIPTION, DATAID, RELEASEID, UNIQUEKEY, INCLUDESQL, COLTYPE, FOLLOWJOHN ) values ( 'DC_E_AFG:((13)):DC_E_AFG_TRUSTEDPROXY:DAY', 'DATACOVERAGE', 8, 'unsigned int', 0, 0, 255, 1, '', '', 'DATACOVERAGE', 'BASE_TP_090421', 0, 1, 'PUBLICKEY', null );
insert into Measurementcolumn ( MTABLEID, DATANAME, COLNUMBER, DATATYPE, DATASIZE, DATASCALE, UNIQUEVALUE, NULLABLE, INDEXES, DESCRIPTION, DATAID, RELEASEID, UNIQUEKEY, INCLUDESQL, COLTYPE, FOLLOWJOHN ) values ( 'DC_E_AFG:((13)):DC_E_AFG_TRUSTEDPROXY:DAY', 'DATE_ID', 3, 'date', 0, 0, 255, 1, 'LF', '', 'DATE_ID', 'BASE_TP_090421', 1, 1, 'PUBLICKEY', null );
insert into Measurementcolumn ( MTABLEID, DATANAME, COLNUMBER, DATATYPE, DATASIZE, DATASCALE, UNIQUEVALUE, NULLABLE, INDEXES, DESCRIPTION, DATAID, RELEASEID, UNIQUEKEY, INCLUDESQL, COLTYPE, FOLLOWJOHN ) values ( 'DC_E_AFG:((13)):DC_E_AFG_TRUSTEDPROXY:DAY', 'DAY_ID', 6, 'tinyint', 0, 0, 31, 1, 'LF', '', 'DAY_ID', 'BASE_TP_090421', 0, 0, 'PUBLICKEY', null );
insert into Measurementcolumn ( MTABLEID, DATANAME, COLNUMBER, DATATYPE, DATASIZE, DATASCALE, UNIQUEVALUE, NULLABLE, INDEXES, DESCRIPTION, DATAID, RELEASEID, UNIQUEKEY, INCLUDESQL, COLTYPE, FOLLOWJOHN ) values ( 'DC_E_AFG:((13)):DC_E_AFG_TRUSTEDPROXY:DAY', 'DC_RELEASE', 15, 'varchar', 16, 0, 2, 1, 'LF', '', 'DC_RELEASE', 'BASE_TP_090421', 1, 1, 'PUBLICKEY', null );
insert into Measurementcolumn ( MTABLEID, DATANAME, COLNUMBER, DATATYPE, DATASIZE, DATASCALE, UNIQUEVALUE, NULLABLE, INDEXES, DESCRIPTION, DATAID, RELEASEID, UNIQUEKEY, INCLUDESQL, COLTYPE, FOLLOWJOHN ) values ( 'DC_E_AFG:((13)):DC_E_AFG_TRUSTEDPROXY:DAY', 'DC_SOURCE', 16, 'varchar', 16, 0, 2, 1, 'LF', '', 'DC_SOURCE', 'BASE_TP_090421', 0, 1, 'PUBLICKEY', null );
insert into Measurementcolumn ( MTABLEID, DATANAME, COLNUMBER, DATATYPE, DATASIZE, DATASCALE, UNIQUEVALUE, NULLABLE, INDEXES, DESCRIPTION, DATAID, RELEASEID, UNIQUEKEY, INCLUDESQL, COLTYPE, FOLLOWJOHN ) values ( 'DC_E_AFG:((13)):DC_E_AFG_TRUSTEDPROXY:DAY', 'DC_SUSPECTFLAG', 18, 'int', 0, 0, 2, 1, 'LF', '', 'DC_SUSPECTFLAG', 'BASE_TP_090421', 0, 1, 'PUBLICKEY', null );
insert into Measurementcolumn ( MTABLEID, DATANAME, COLNUMBER, DATATYPE, DATASIZE, DATASCALE, UNIQUEVALUE, NULLABLE, INDEXES, DESCRIPTION, DATAID, RELEASEID, UNIQUEKEY, INCLUDESQL, COLTYPE, FOLLOWJOHN ) values ( 'DC_E_AFG:((13)):DC_E_AFG_TRUSTEDPROXY:DAY', 'DC_TIMEZONE', 17, 'varchar', 16, 0, 2, 1, 'LF', '', 'DC_TIMEZONE', 'BASE_TP_090421', 0, 1, 'PUBLICKEY', null );
insert into Measurementcolumn ( MTABLEID, DATANAME, COLNUMBER, DATATYPE, DATASIZE, DATASCALE, UNIQUEVALUE, NULLABLE, INDEXES, DESCRIPTION, DATAID, RELEASEID, UNIQUEKEY, INCLUDESQL, COLTYPE, FOLLOWJOHN ) values ( 'DC_E_AFG:((13)):DC_E_AFG_TRUSTEDPROXY:DAY', 'MONTH_ID', 5, 'tinyint', 0, 0, 12, 1, 'LF', '', 'MONTH_ID', 'BASE_TP_090421', 0, 0, 'PUBLICKEY', null );
insert into Measurementcolumn ( MTABLEID, DATANAME, COLNUMBER, DATATYPE, DATASIZE, DATASCALE, UNIQUEVALUE, NULLABLE, INDEXES, DESCRIPTION, DATAID, RELEASEID, UNIQUEKEY, INCLUDESQL, COLTYPE, FOLLOWJOHN ) values ( 'DC_E_AFG:((13)):DC_E_AFG_TRUSTEDPROXY:DAY', 'NODE_NAME', 2, 'varchar', 50, 0, 255, 1, 'HG', 'Node Name', 'NODE_NAME', 'DC_E_AFG:((13))', 1, 1, 'KEY', null );
insert into Measurementcolumn ( MTABLEID, DATANAME, COLNUMBER, DATATYPE, DATASIZE, DATASCALE, UNIQUEVALUE, NULLABLE, INDEXES, DESCRIPTION, DATAID, RELEASEID, UNIQUEKEY, INCLUDESQL, COLTYPE, FOLLOWJOHN ) values ( 'DC_E_AFG:((13)):DC_E_AFG_TRUSTEDPROXY:DAY', 'OSS_ID', 1, 'varchar', 50, 0, 255, 1, 'HG', 'OSS Id', 'OSS_ID', 'DC_E_AFG:((13))', 1, 1, 'KEY', null );
insert into Measurementcolumn ( MTABLEID, DATANAME, COLNUMBER, DATATYPE, DATASIZE, DATASCALE, UNIQUEVALUE, NULLABLE, INDEXES, DESCRIPTION, DATAID, RELEASEID, UNIQUEKEY, INCLUDESQL, COLTYPE, FOLLOWJOHN ) values ( 'DC_E_AFG:((13)):DC_E_AFG_TRUSTEDPROXY:DAY', 'PERIOD_DURATION', 13, 'unsigned int', 0, 0, 10, 1, '', '', 'PERIOD_DURATION', 'BASE_TP_090421', 0, 1, 'PUBLICKEY', null );
insert into Measurementcolumn ( MTABLEID, DATANAME, COLNUMBER, DATATYPE, DATASIZE, DATASCALE, UNIQUEVALUE, NULLABLE, INDEXES, DESCRIPTION, DATAID, RELEASEID, UNIQUEKEY, INCLUDESQL, COLTYPE, FOLLOWJOHN ) values ( 'DC_E_AFG:((13)):DC_E_AFG_TRUSTEDPROXY:DAY', 'ROWSTATUS', 14, 'varchar', 16, 0, 10, 1, '', '', 'ROWSTATUS', 'BASE_TP_090421', 0, 1, 'PUBLICKEY', null );
insert into Measurementcolumn ( MTABLEID, DATANAME, COLNUMBER, DATATYPE, DATASIZE, DATASCALE, UNIQUEVALUE, NULLABLE, INDEXES, DESCRIPTION, DATAID, RELEASEID, UNIQUEKEY, INCLUDESQL, COLTYPE, FOLLOWJOHN ) values ( 'DC_E_AFG:((13)):DC_E_AFG_TRUSTEDPROXY:DAY', 'SESSION_ID', 11, 'unsigned int', 0, 0, 255, 1, '', '', 'SESSION_ID', 'BASE_TP_090421', 0, 0, 'PUBLICKEY', null );
insert into Measurementcolumn ( MTABLEID, DATANAME, COLNUMBER, DATATYPE, DATASIZE, DATASCALE, UNIQUEVALUE, NULLABLE, INDEXES, DESCRIPTION, DATAID, RELEASEID, UNIQUEKEY, INCLUDESQL, COLTYPE, FOLLOWJOHN ) values ( 'DC_E_AFG:((13)):DC_E_AFG_TRUSTEDPROXY:DAY', 'TIMELEVEL', 10, 'varchar', 10, 0, 10, 1, 'LF', '', 'TIMELEVEL', 'BASE_TP_090421', 0, 0, 'PUBLICKEY', null );
insert into Measurementcolumn ( MTABLEID, DATANAME, COLNUMBER, DATATYPE, DATASIZE, DATASCALE, UNIQUEVALUE, NULLABLE, INDEXES, DESCRIPTION, DATAID, RELEASEID, UNIQUEKEY, INCLUDESQL, COLTYPE, FOLLOWJOHN ) values ( 'DC_E_AFG:((13)):DC_E_AFG_TRUSTEDPROXY:DAY', 'WEEK_ID', 7, 'tinyint', 0, 0, 53, 1, 'LF', '', 'WEEK_ID', 'BASE_TP_090421', 0, 0, 'PUBLICKEY', null );
insert into Measurementcolumn ( MTABLEID, DATANAME, COLNUMBER, DATATYPE, DATASIZE, DATASCALE, UNIQUEVALUE, NULLABLE, INDEXES, DESCRIPTION, DATAID, RELEASEID, UNIQUEKEY, INCLUDESQL, COLTYPE, FOLLOWJOHN ) values ( 'DC_E_AFG:((13)):DC_E_AFG_TRUSTEDPROXY:DAY', 'YEAR_ID', 4, 'smallint', 0, 0, 20, 1, 'LF', '', 'YEAR_ID', 'BASE_TP_090421', 0, 0, 'PUBLICKEY', null );
insert into Measurementcolumn ( MTABLEID, DATANAME, COLNUMBER, DATATYPE, DATASIZE, DATASCALE, UNIQUEVALUE, NULLABLE, INDEXES, DESCRIPTION, DATAID, RELEASEID, UNIQUEKEY, INCLUDESQL, COLTYPE, FOLLOWJOHN ) values ( 'DC_E_AFG:((13)):DC_E_AFG_TRUSTEDPROXY:DAY', 'tpAuthCntAuthFailed403_actual', 21, 'numeric', 20, 0, 255, 1, '', 'Counts the number of Trusted Proxy authentication failures with error code 403.', 'tpAuthCntAuthFailed403.actual', 'DC_E_AFG:((13))', 0, 1, 'COUNTER', null );
insert into Measurementcolumn ( MTABLEID, DATANAME, COLNUMBER, DATATYPE, DATASIZE, DATASCALE, UNIQUEVALUE, NULLABLE, INDEXES, DESCRIPTION, DATAID, RELEASEID, UNIQUEKEY, INCLUDESQL, COLTYPE, FOLLOWJOHN ) values ( 'DC_E_AFG:((13)):DC_E_AFG_TRUSTEDPROXY:DAY', 'tpAuthCntAuthFailed403_delta', 22, 'numeric', 20, 0, 255, 1, '', 'Counts the number of Trusted Proxy authentication failures with error code 403.', 'tpAuthCntAuthFailed403.delta', 'DC_E_AFG:((13))', 0, 1, 'COUNTER', null );
insert into Measurementcolumn ( MTABLEID, DATANAME, COLNUMBER, DATATYPE, DATASIZE, DATASCALE, UNIQUEVALUE, NULLABLE, INDEXES, DESCRIPTION, DATAID, RELEASEID, UNIQUEKEY, INCLUDESQL, COLTYPE, FOLLOWJOHN ) values ( 'DC_E_AFG:((13)):DC_E_AFG_TRUSTEDPROXY:DAY', 'tpAuthCntAuthFailed_actual', 19, 'numeric', 20, 0, 255, 1, '', 'Counts the total number of Trusted Proxy authentication failures.', 'tpAuthCntAuthFailed.actual', 'DC_E_AFG:((13))', 0, 1, 'COUNTER', null );
insert into Measurementcolumn ( MTABLEID, DATANAME, COLNUMBER, DATATYPE, DATASIZE, DATASCALE, UNIQUEVALUE, NULLABLE, INDEXES, DESCRIPTION, DATAID, RELEASEID, UNIQUEKEY, INCLUDESQL, COLTYPE, FOLLOWJOHN ) values ( 'DC_E_AFG:((13)):DC_E_AFG_TRUSTEDPROXY:DAY', 'tpAuthCntAuthFailed_delta', 20, 'numeric', 20, 0, 255, 1, '', 'Counts the total number of Trusted Proxy authentication failures.', 'tpAuthCntAuthFailed.delta', 'DC_E_AFG:((13))', 0, 1, 'COUNTER', null );
insert into Measurementcolumn ( MTABLEID, DATANAME, COLNUMBER, DATATYPE, DATASIZE, DATASCALE, UNIQUEVALUE, NULLABLE, INDEXES, DESCRIPTION, DATAID, RELEASEID, UNIQUEKEY, INCLUDESQL, COLTYPE, FOLLOWJOHN ) values ( 'DC_E_AFG:((13)):DC_E_AFG_TRUSTEDPROXY:DAY', 'tpAuthCntAuthGbaDigestReq_actual', 23, 'numeric', 20, 0, 255, 1, '', 'Counts the number of Trusted Proxy GBA Digest authentication requests.', 'tpAuthCntAuthGbaDigestReq.actual', 'DC_E_AFG:((13))', 0, 1, 'COUNTER', null );
insert into Measurementcolumn ( MTABLEID, DATANAME, COLNUMBER, DATATYPE, DATASIZE, DATASCALE, UNIQUEVALUE, NULLABLE, INDEXES, DESCRIPTION, DATAID, RELEASEID, UNIQUEKEY, INCLUDESQL, COLTYPE, FOLLOWJOHN ) values ( 'DC_E_AFG:((13)):DC_E_AFG_TRUSTEDPROXY:DAY', 'tpAuthCntAuthGbaDigestReq_delta', 24, 'numeric', 20, 0, 255, 1, '', 'Counts the number of Trusted Proxy GBA Digest authentication requests.', 'tpAuthCntAuthGbaDigestReq.delta', 'DC_E_AFG:((13))', 0, 1, 'COUNTER', null );
insert into Measurementcolumn ( MTABLEID, DATANAME, COLNUMBER, DATATYPE, DATASIZE, DATASCALE, UNIQUEVALUE, NULLABLE, INDEXES, DESCRIPTION, DATAID, RELEASEID, UNIQUEKEY, INCLUDESQL, COLTYPE, FOLLOWJOHN ) values ( 'DC_E_AFG:((13)):DC_E_AFG_TRUSTEDPROXY:DAY', 'tpAuthCntAuthGbaMeBasedReq_actual', 25, 'numeric', 20, 0, 255, 1, '', 'Counts the number of Trusted Proxy ME-based GBA authentication requests, where the client application resides in the ME.', 'tpAuthCntAuthGbaMeBasedReq.actual', 'DC_E_AFG:((13))', 0, 1, 'COUNTER', null );
insert into Measurementcolumn ( MTABLEID, DATANAME, COLNUMBER, DATATYPE, DATASIZE, DATASCALE, UNIQUEVALUE, NULLABLE, INDEXES, DESCRIPTION, DATAID, RELEASEID, UNIQUEKEY, INCLUDESQL, COLTYPE, FOLLOWJOHN ) values ( 'DC_E_AFG:((13)):DC_E_AFG_TRUSTEDPROXY:DAY', 'tpAuthCntAuthGbaMeBasedReq_delta', 26, 'numeric', 20, 0, 255, 1, '', 'Counts the number of Trusted Proxy ME-based GBA authentication requests, where the client application resides in the ME.', 'tpAuthCntAuthGbaMeBasedReq.delta', 'DC_E_AFG:((13))', 0, 1, 'COUNTER', null );
insert into Measurementcolumn ( MTABLEID, DATANAME, COLNUMBER, DATATYPE, DATASIZE, DATASCALE, UNIQUEVALUE, NULLABLE, INDEXES, DESCRIPTION, DATAID, RELEASEID, UNIQUEKEY, INCLUDESQL, COLTYPE, FOLLOWJOHN ) values ( 'DC_E_AFG:((13)):DC_E_AFG_TRUSTEDPROXY:DAY', 'tpAuthCntAuthGbaReq_actual', 27, 'numeric', 20, 0, 255, 1, '', 'Counts the total number of Trusted Proxy GBA authentication requests.', 'tpAuthCntAuthGbaReq.actual', 'DC_E_AFG:((13))', 0, 1, 'COUNTER', null );
insert into Measurementcolumn ( MTABLEID, DATANAME, COLNUMBER, DATATYPE, DATASIZE, DATASCALE, UNIQUEVALUE, NULLABLE, INDEXES, DESCRIPTION, DATAID, RELEASEID, UNIQUEKEY, INCLUDESQL, COLTYPE, FOLLOWJOHN ) values ( 'DC_E_AFG:((13)):DC_E_AFG_TRUSTEDPROXY:DAY', 'tpAuthCntAuthGbaReq_delta', 28, 'numeric', 20, 0, 255, 1, '', 'Counts the total number of Trusted Proxy GBA authentication requests.', 'tpAuthCntAuthGbaReq.delta', 'DC_E_AFG:((13))', 0, 1, 'COUNTER', null );
insert into Measurementcolumn ( MTABLEID, DATANAME, COLNUMBER, DATATYPE, DATASIZE, DATASCALE, UNIQUEVALUE, NULLABLE, INDEXES, DESCRIPTION, DATAID, RELEASEID, UNIQUEKEY, INCLUDESQL, COLTYPE, FOLLOWJOHN ) values ( 'DC_E_AFG:((13)):DC_E_AFG_TRUSTEDPROXY:DAY', 'tpAuthCntAuthGibaReq_actual', 29, 'numeric', 20, 0, 255, 1, '', 'Counts the number of Trusted Proxy GIBA authentication requests.', 'tpAuthCntAuthGibaReq.actual', 'DC_E_AFG:((13))', 0, 1, 'COUNTER', null );
insert into Measurementcolumn ( MTABLEID, DATANAME, COLNUMBER, DATATYPE, DATASIZE, DATASCALE, UNIQUEVALUE, NULLABLE, INDEXES, DESCRIPTION, DATAID, RELEASEID, UNIQUEKEY, INCLUDESQL, COLTYPE, FOLLOWJOHN ) values ( 'DC_E_AFG:((13)):DC_E_AFG_TRUSTEDPROXY:DAY', 'tpAuthCntAuthGibaReq_delta', 30, 'numeric', 20, 0, 255, 1, '', 'Counts the number of Trusted Proxy GIBA authentication requests.', 'tpAuthCntAuthGibaReq.delta', 'DC_E_AFG:((13))', 0, 1, 'COUNTER', null );
insert into Measurementcolumn ( MTABLEID, DATANAME, COLNUMBER, DATATYPE, DATASIZE, DATASCALE, UNIQUEVALUE, NULLABLE, INDEXES, DESCRIPTION, DATAID, RELEASEID, UNIQUEKEY, INCLUDESQL, COLTYPE, FOLLOWJOHN ) values ( 'DC_E_AFG:((13)):DC_E_AFG_TRUSTEDPROXY:DAY', 'tpAuthCntAuthReq_actual', 31, 'numeric', 20, 0, 255, 1, '', 'Counts the total number of Trusted Proxy authentication requests.', 'tpAuthCntAuthReq.actual', 'DC_E_AFG:((13))', 0, 1, 'COUNTER', null );
insert into Measurementcolumn ( MTABLEID, DATANAME, COLNUMBER, DATATYPE, DATASIZE, DATASCALE, UNIQUEVALUE, NULLABLE, INDEXES, DESCRIPTION, DATAID, RELEASEID, UNIQUEKEY, INCLUDESQL, COLTYPE, FOLLOWJOHN ) values ( 'DC_E_AFG:((13)):DC_E_AFG_TRUSTEDPROXY:DAY', 'tpAuthCntAuthReq_delta', 32, 'numeric', 20, 0, 255, 1, '', 'Counts the total number of Trusted Proxy authentication requests.', 'tpAuthCntAuthReq.delta', 'DC_E_AFG:((13))', 0, 1, 'COUNTER', null );
insert into Measurementcolumn ( MTABLEID, DATANAME, COLNUMBER, DATATYPE, DATASIZE, DATASCALE, UNIQUEVALUE, NULLABLE, INDEXES, DESCRIPTION, DATAID, RELEASEID, UNIQUEKEY, INCLUDESQL, COLTYPE, FOLLOWJOHN ) values ( 'DC_E_AFG:((13)):DC_E_AFG_TRUSTEDPROXY:DAY', 'tpAuthCntAuthResp_actual', 33, 'numeric', 20, 0, 255, 1, '', 'Counts the total number of Trusted Proxy authentication responses.', 'tpAuthCntAuthResp.actual', 'DC_E_AFG:((13))', 0, 1, 'COUNTER', null );
insert into Measurementcolumn ( MTABLEID, DATANAME, COLNUMBER, DATATYPE, DATASIZE, DATASCALE, UNIQUEVALUE, NULLABLE, INDEXES, DESCRIPTION, DATAID, RELEASEID, UNIQUEKEY, INCLUDESQL, COLTYPE, FOLLOWJOHN ) values ( 'DC_E_AFG:((13)):DC_E_AFG_TRUSTEDPROXY:DAY', 'tpAuthCntAuthResp_delta', 34, 'numeric', 20, 0, 255, 1, '', 'Counts the total number of Trusted Proxy authentication responses.', 'tpAuthCntAuthResp.delta', 'DC_E_AFG:((13))', 0, 1, 'COUNTER', null );
insert into Measurementcolumn ( MTABLEID, DATANAME, COLNUMBER, DATATYPE, DATASIZE, DATASCALE, UNIQUEVALUE, NULLABLE, INDEXES, DESCRIPTION, DATAID, RELEASEID, UNIQUEKEY, INCLUDESQL, COLTYPE, FOLLOWJOHN ) values ( 'DC_E_AFG:((13)):DC_E_AFG_TRUSTEDPROXY:DAY', 'tpAuthCntAuthZxDigestReq_actual', 35, 'numeric', 20, 0, 255, 1, '', 'Counts the number of Trusted Proxy Zx Digest authentication requests.', 'tpAuthCntAuthZxDigestReq.actual', 'DC_E_AFG:((13))', 0, 1, 'COUNTER', null );
insert into Measurementcolumn ( MTABLEID, DATANAME, COLNUMBER, DATATYPE, DATASIZE, DATASCALE, UNIQUEVALUE, NULLABLE, INDEXES, DESCRIPTION, DATAID, RELEASEID, UNIQUEKEY, INCLUDESQL, COLTYPE, FOLLOWJOHN ) values ( 'DC_E_AFG:((13)):DC_E_AFG_TRUSTEDPROXY:DAY', 'tpAuthCntAuthZxDigestReq_delta', 36, 'numeric', 20, 0, 255, 1, '', 'Counts the number of Trusted Proxy Zx Digest authentication requests.', 'tpAuthCntAuthZxDigestReq.delta', 'DC_E_AFG:((13))', 0, 1, 'COUNTER', null );
insert into Measurementcolumn ( MTABLEID, DATANAME, COLNUMBER, DATATYPE, DATASIZE, DATASCALE, UNIQUEVALUE, NULLABLE, INDEXES, DESCRIPTION, DATAID, RELEASEID, UNIQUEKEY, INCLUDESQL, COLTYPE, FOLLOWJOHN ) values ( 'DC_E_AFG:((13)):DC_E_AFG_TRUSTEDPROXY:DAY', 'tpAuthCntAuthZxSsoReq_actual', 37, 'numeric', 20, 0, 255, 1, '', 'Counts the number of Trusted Proxy Zx SSO authentication requests.', 'tpAuthCntAuthZxSsoReq.actual', 'DC_E_AFG:((13))', 0, 1, 'COUNTER', null );
insert into Measurementcolumn ( MTABLEID, DATANAME, COLNUMBER, DATATYPE, DATASIZE, DATASCALE, UNIQUEVALUE, NULLABLE, INDEXES, DESCRIPTION, DATAID, RELEASEID, UNIQUEKEY, INCLUDESQL, COLTYPE, FOLLOWJOHN ) values ( 'DC_E_AFG:((13)):DC_E_AFG_TRUSTEDPROXY:DAY', 'tpAuthCntAuthZxSsoReq_delta', 38, 'numeric', 20, 0, 255, 1, '', 'Counts the number of Trusted Proxy Zx SSO authentication requests.', 'tpAuthCntAuthZxSsoReq.delta', 'DC_E_AFG:((13))', 0, 1, 'COUNTER', null );
insert into Measurementcolumn ( MTABLEID, DATANAME, COLNUMBER, DATATYPE, DATASIZE, DATASCALE, UNIQUEVALUE, NULLABLE, INDEXES, DESCRIPTION, DATAID, RELEASEID, UNIQUEKEY, INCLUDESQL, COLTYPE, FOLLOWJOHN ) values ( 'DC_E_AFG:((13)):DC_E_AFG_TRUSTEDPROXY:DAY', 'tpAuthCntZnReq_actual', 39, 'numeric', 20, 0, 255, 1, '', 'Counts the number of Trusted Proxy Zn requests to the BSF.', 'tpAuthCntZnReq.actual', 'DC_E_AFG:((13))', 0, 1, 'COUNTER', null );
insert into Measurementcolumn ( MTABLEID, DATANAME, COLNUMBER, DATATYPE, DATASIZE, DATASCALE, UNIQUEVALUE, NULLABLE, INDEXES, DESCRIPTION, DATAID, RELEASEID, UNIQUEKEY, INCLUDESQL, COLTYPE, FOLLOWJOHN ) values ( 'DC_E_AFG:((13)):DC_E_AFG_TRUSTEDPROXY:DAY', 'tpAuthCntZnReq_delta', 40, 'numeric', 20, 0, 255, 1, '', 'Counts the number of Trusted Proxy Zn requests to the BSF.', 'tpAuthCntZnReq.delta', 'DC_E_AFG:((13))', 0, 1, 'COUNTER', null );
insert into Measurementcolumn ( MTABLEID, DATANAME, COLNUMBER, DATATYPE, DATASIZE, DATASCALE, UNIQUEVALUE, NULLABLE, INDEXES, DESCRIPTION, DATAID, RELEASEID, UNIQUEKEY, INCLUDESQL, COLTYPE, FOLLOWJOHN ) values ( 'DC_E_AFG:((13)):DC_E_AFG_TRUSTEDPROXY:DAY', 'tpCntHttpDeleteReq_actual', 41, 'numeric', 20, 0, 255, 1, '', 'Counts the number of Trusted Proxy HTTP DELETE requests.', 'tpCntHttpDeleteReq.actual', 'DC_E_AFG:((13))', 0, 1, 'COUNTER', null );
insert into Measurementcolumn ( MTABLEID, DATANAME, COLNUMBER, DATATYPE, DATASIZE, DATASCALE, UNIQUEVALUE, NULLABLE, INDEXES, DESCRIPTION, DATAID, RELEASEID, UNIQUEKEY, INCLUDESQL, COLTYPE, FOLLOWJOHN ) values ( 'DC_E_AFG:((13)):DC_E_AFG_TRUSTEDPROXY:DAY', 'tpCntHttpDeleteReq_delta', 42, 'numeric', 20, 0, 255, 1, '', 'Counts the number of Trusted Proxy HTTP DELETE requests.', 'tpCntHttpDeleteReq.delta', 'DC_E_AFG:((13))', 0, 1, 'COUNTER', null );
insert into Measurementcolumn ( MTABLEID, DATANAME, COLNUMBER, DATATYPE, DATASIZE, DATASCALE, UNIQUEVALUE, NULLABLE, INDEXES, DESCRIPTION, DATAID, RELEASEID, UNIQUEKEY, INCLUDESQL, COLTYPE, FOLLOWJOHN ) values ( 'DC_E_AFG:((13)):DC_E_AFG_TRUSTEDPROXY:DAY', 'tpCntHttpDsFailedResp_actual', 43, 'numeric', 20, 0, 255, 1, '', 'Counts the number of Trusted Proxy requests not receiving a 2xx response from the destination servers.', 'tpCntHttpDsFailedResp.actual', 'DC_E_AFG:((13))', 0, 1, 'COUNTER', null );
insert into Measurementcolumn ( MTABLEID, DATANAME, COLNUMBER, DATATYPE, DATASIZE, DATASCALE, UNIQUEVALUE, NULLABLE, INDEXES, DESCRIPTION, DATAID, RELEASEID, UNIQUEKEY, INCLUDESQL, COLTYPE, FOLLOWJOHN ) values ( 'DC_E_AFG:((13)):DC_E_AFG_TRUSTEDPROXY:DAY', 'tpCntHttpDsFailedResp_delta', 44, 'numeric', 20, 0, 255, 1, '', 'Counts the number of Trusted Proxy requests not receiving a 2xx response from the destination servers.', 'tpCntHttpDsFailedResp.delta', 'DC_E_AFG:((13))', 0, 1, 'COUNTER', null );
insert into Measurementcolumn ( MTABLEID, DATANAME, COLNUMBER, DATATYPE, DATASIZE, DATASCALE, UNIQUEVALUE, NULLABLE, INDEXES, DESCRIPTION, DATAID, RELEASEID, UNIQUEKEY, INCLUDESQL, COLTYPE, FOLLOWJOHN ) values ( 'DC_E_AFG:((13)):DC_E_AFG_TRUSTEDPROXY:DAY', 'tpCntHttpFailedResp_actual', 45, 'numeric', 20, 0, 255, 1, '', 'Counts the number of all Trusted Proxy requests not receiving a 2xx response.', 'tpCntHttpFailedResp.actual', 'DC_E_AFG:((13))', 0, 1, 'COUNTER', null );
insert into Measurementcolumn ( MTABLEID, DATANAME, COLNUMBER, DATATYPE, DATASIZE, DATASCALE, UNIQUEVALUE, NULLABLE, INDEXES, DESCRIPTION, DATAID, RELEASEID, UNIQUEKEY, INCLUDESQL, COLTYPE, FOLLOWJOHN ) values ( 'DC_E_AFG:((13)):DC_E_AFG_TRUSTEDPROXY:DAY', 'tpCntHttpFailedResp_delta', 46, 'numeric', 20, 0, 255, 1, '', 'Counts the number of all Trusted Proxy requests not receiving a 2xx response.', 'tpCntHttpFailedResp.delta', 'DC_E_AFG:((13))', 0, 1, 'COUNTER', null );
insert into Measurementcolumn ( MTABLEID, DATANAME, COLNUMBER, DATATYPE, DATASIZE, DATASCALE, UNIQUEVALUE, NULLABLE, INDEXES, DESCRIPTION, DATAID, RELEASEID, UNIQUEKEY, INCLUDESQL, COLTYPE, FOLLOWJOHN ) values ( 'DC_E_AFG:((13)):DC_E_AFG_TRUSTEDPROXY:DAY', 'tpCntHttpFwdReq_actual', 47, 'numeric', 20, 0, 255, 1, '', 'Counts the number of Trusted Proxy requests forwarded to the destination servers.', 'tpCntHttpFwdReq.actual', 'DC_E_AFG:((13))', 0, 1, 'COUNTER', null );
insert into Measurementcolumn ( MTABLEID, DATANAME, COLNUMBER, DATATYPE, DATASIZE, DATASCALE, UNIQUEVALUE, NULLABLE, INDEXES, DESCRIPTION, DATAID, RELEASEID, UNIQUEKEY, INCLUDESQL, COLTYPE, FOLLOWJOHN ) values ( 'DC_E_AFG:((13)):DC_E_AFG_TRUSTEDPROXY:DAY', 'tpCntHttpFwdReq_delta', 48, 'numeric', 20, 0, 255, 1, '', 'Counts the number of Trusted Proxy requests forwarded to the destination servers.', 'tpCntHttpFwdReq.delta', 'DC_E_AFG:((13))', 0, 1, 'COUNTER', null );
insert into Measurementcolumn ( MTABLEID, DATANAME, COLNUMBER, DATATYPE, DATASIZE, DATASCALE, UNIQUEVALUE, NULLABLE, INDEXES, DESCRIPTION, DATAID, RELEASEID, UNIQUEKEY, INCLUDESQL, COLTYPE, FOLLOWJOHN ) values ( 'DC_E_AFG:((13)):DC_E_AFG_TRUSTEDPROXY:DAY', 'tpCntHttpGetReq_actual', 49, 'numeric', 20, 0, 255, 1, '', 'Counts the number of Trusted Proxy HTTP GET requests.', 'tpCntHttpGetReq.actual', 'DC_E_AFG:((13))', 0, 1, 'COUNTER', null );
insert into Measurementcolumn ( MTABLEID, DATANAME, COLNUMBER, DATATYPE, DATASIZE, DATASCALE, UNIQUEVALUE, NULLABLE, INDEXES, DESCRIPTION, DATAID, RELEASEID, UNIQUEKEY, INCLUDESQL, COLTYPE, FOLLOWJOHN ) values ( 'DC_E_AFG:((13)):DC_E_AFG_TRUSTEDPROXY:DAY', 'tpCntHttpGetReq_delta', 50, 'numeric', 20, 0, 255, 1, '', 'Counts the number of Trusted Proxy HTTP GET requests.', 'tpCntHttpGetReq.delta', 'DC_E_AFG:((13))', 0, 1, 'COUNTER', null );
insert into Measurementcolumn ( MTABLEID, DATANAME, COLNUMBER, DATATYPE, DATASIZE, DATASCALE, UNIQUEVALUE, NULLABLE, INDEXES, DESCRIPTION, DATAID, RELEASEID, UNIQUEKEY, INCLUDESQL, COLTYPE, FOLLOWJOHN ) values ( 'DC_E_AFG:((13)):DC_E_AFG_TRUSTEDPROXY:DAY', 'tpCntHttpOtherReq_actual', 51, 'numeric', 20, 0, 255, 1, '', 'Counts the number of Trusted Proxy requests with other HTTP methods.', 'tpCntHttpOtherReq.actual', 'DC_E_AFG:((13))', 0, 1, 'COUNTER', null );
insert into Measurementcolumn ( MTABLEID, DATANAME, COLNUMBER, DATATYPE, DATASIZE, DATASCALE, UNIQUEVALUE, NULLABLE, INDEXES, DESCRIPTION, DATAID, RELEASEID, UNIQUEKEY, INCLUDESQL, COLTYPE, FOLLOWJOHN ) values ( 'DC_E_AFG:((13)):DC_E_AFG_TRUSTEDPROXY:DAY', 'tpCntHttpOtherReq_delta', 52, 'numeric', 20, 0, 255, 1, '', 'Counts the number of Trusted Proxy requests with other HTTP methods.', 'tpCntHttpOtherReq.delta', 'DC_E_AFG:((13))', 0, 1, 'COUNTER', null );
insert into Measurementcolumn ( MTABLEID, DATANAME, COLNUMBER, DATATYPE, DATASIZE, DATASCALE, UNIQUEVALUE, NULLABLE, INDEXES, DESCRIPTION, DATAID, RELEASEID, UNIQUEKEY, INCLUDESQL, COLTYPE, FOLLOWJOHN ) values ( 'DC_E_AFG:((13)):DC_E_AFG_TRUSTEDPROXY:DAY', 'tpCntHttpPostReq_actual', 53, 'numeric', 20, 0, 255, 1, '', 'Counts the number of Trusted Proxy HTTP POST requests.', 'tpCntHttpPostReq.actual', 'DC_E_AFG:((13))', 0, 1, 'COUNTER', null );
insert into Measurementcolumn ( MTABLEID, DATANAME, COLNUMBER, DATATYPE, DATASIZE, DATASCALE, UNIQUEVALUE, NULLABLE, INDEXES, DESCRIPTION, DATAID, RELEASEID, UNIQUEKEY, INCLUDESQL, COLTYPE, FOLLOWJOHN ) values ( 'DC_E_AFG:((13)):DC_E_AFG_TRUSTEDPROXY:DAY', 'tpCntHttpPostReq_delta', 54, 'numeric', 20, 0, 255, 1, '', 'Counts the number of Trusted Proxy HTTP POST requests.', 'tpCntHttpPostReq.delta', 'DC_E_AFG:((13))', 0, 1, 'COUNTER', null );
insert into Measurementcolumn ( MTABLEID, DATANAME, COLNUMBER, DATATYPE, DATASIZE, DATASCALE, UNIQUEVALUE, NULLABLE, INDEXES, DESCRIPTION, DATAID, RELEASEID, UNIQUEKEY, INCLUDESQL, COLTYPE, FOLLOWJOHN ) values ( 'DC_E_AFG:((13)):DC_E_AFG_TRUSTEDPROXY:DAY', 'tpCntHttpPutReq_actual', 55, 'numeric', 20, 0, 255, 1, '', 'Counts the number of Trusted Proxy HTTP PUT requests.', 'tpCntHttpPutReq.actual', 'DC_E_AFG:((13))', 0, 1, 'COUNTER', null );
insert into Measurementcolumn ( MTABLEID, DATANAME, COLNUMBER, DATATYPE, DATASIZE, DATASCALE, UNIQUEVALUE, NULLABLE, INDEXES, DESCRIPTION, DATAID, RELEASEID, UNIQUEKEY, INCLUDESQL, COLTYPE, FOLLOWJOHN ) values ( 'DC_E_AFG:((13)):DC_E_AFG_TRUSTEDPROXY:DAY', 'tpCntHttpPutReq_delta', 56, 'numeric', 20, 0, 255, 1, '', 'Counts the number of Trusted Proxy HTTP PUT requests.', 'tpCntHttpPutReq.delta', 'DC_E_AFG:((13))', 0, 1, 'COUNTER', null );
insert into Measurementcolumn ( MTABLEID, DATANAME, COLNUMBER, DATATYPE, DATASIZE, DATASCALE, UNIQUEVALUE, NULLABLE, INDEXES, DESCRIPTION, DATAID, RELEASEID, UNIQUEKEY, INCLUDESQL, COLTYPE, FOLLOWJOHN ) values ( 'DC_E_AFG:((13)):DC_E_AFG_TRUSTEDPROXY:DAY', 'tpCntHttpTotalReq_actual', 57, 'numeric', 20, 0, 255, 1, '', 'Counts the total number of Trusted Proxy HTTTP requests.', 'tpCntHttpTotalReq.actual', 'DC_E_AFG:((13))', 0, 1, 'COUNTER', null );
insert into Measurementcolumn ( MTABLEID, DATANAME, COLNUMBER, DATATYPE, DATASIZE, DATASCALE, UNIQUEVALUE, NULLABLE, INDEXES, DESCRIPTION, DATAID, RELEASEID, UNIQUEKEY, INCLUDESQL, COLTYPE, FOLLOWJOHN ) values ( 'DC_E_AFG:((13)):DC_E_AFG_TRUSTEDPROXY:DAY', 'tpCntHttpTotalReq_delta', 58, 'numeric', 20, 0, 255, 1, '', 'Counts the total number of Trusted Proxy HTTTP requests.', 'tpCntHttpTotalReq.delta', 'DC_E_AFG:((13))', 0, 1, 'COUNTER', null );
insert into Measurementcolumn ( MTABLEID, DATANAME, COLNUMBER, DATATYPE, DATASIZE, DATASCALE, UNIQUEVALUE, NULLABLE, INDEXES, DESCRIPTION, DATAID, RELEASEID, UNIQUEKEY, INCLUDESQL, COLTYPE, FOLLOWJOHN ) values ( 'DC_E_AFG:((13)):DC_E_AFG_TRUSTEDPROXY:DAY', 'tpSubCntImpiVpActSubCount_actual', 59, 'numeric', 24, 4, 255, 1, '', 'Number of active IMPI subscribers using the Trusted Proxy VP', 'tpSubCntImpiVpActSubCount.actual', 'DC_E_AFG:((13))', 0, 1, 'COUNTER', null );
insert into Measurementcolumn ( MTABLEID, DATANAME, COLNUMBER, DATATYPE, DATASIZE, DATASCALE, UNIQUEVALUE, NULLABLE, INDEXES, DESCRIPTION, DATAID, RELEASEID, UNIQUEKEY, INCLUDESQL, COLTYPE, FOLLOWJOHN ) values ( 'DC_E_AFG:((13)):DC_E_AFG_TRUSTEDPROXY:DAY', 'tpSubCntImpiVpActSubCount_max', 61, 'numeric', 24, 4, 255, 1, '', 'Number of active IMPI subscribers using the Trusted Proxy VP', 'tpSubCntImpiVpActSubCount.max', 'DC_E_AFG:((13))', 0, 1, 'COUNTER', null );
insert into Measurementcolumn ( MTABLEID, DATANAME, COLNUMBER, DATATYPE, DATASIZE, DATASCALE, UNIQUEVALUE, NULLABLE, INDEXES, DESCRIPTION, DATAID, RELEASEID, UNIQUEKEY, INCLUDESQL, COLTYPE, FOLLOWJOHN ) values ( 'DC_E_AFG:((13)):DC_E_AFG_TRUSTEDPROXY:DAY', 'tpSubCntImpiVpActSubCount_min', 60, 'numeric', 24, 4, 255, 1, '', 'Number of active IMPI subscribers using the Trusted Proxy VP', 'tpSubCntImpiVpActSubCount.min', 'DC_E_AFG:((13))', 0, 1, 'COUNTER', null );
insert into Measurementcolumn ( MTABLEID, DATANAME, COLNUMBER, DATATYPE, DATASIZE, DATASCALE, UNIQUEVALUE, NULLABLE, INDEXES, DESCRIPTION, DATAID, RELEASEID, UNIQUEKEY, INCLUDESQL, COLTYPE, FOLLOWJOHN ) values ( 'DC_E_AFG:((13)):DC_E_AFG_TRUSTEDPROXY:DAY', 'tpSubCntImpiVpMaxSubCount_actual', 62, 'numeric', 20, 0, 255, 1, '', 'Maximum number of active IMPI subscribers allowed to use the Trusted Proxy VP according to the license available', 'tpSubCntImpiVpMaxSubCount.actual', 'DC_E_AFG:((13))', 0, 1, 'COUNTER', null );
insert into Measurementcolumn ( MTABLEID, DATANAME, COLNUMBER, DATATYPE, DATASIZE, DATASCALE, UNIQUEVALUE, NULLABLE, INDEXES, DESCRIPTION, DATAID, RELEASEID, UNIQUEKEY, INCLUDESQL, COLTYPE, FOLLOWJOHN ) values ( 'DC_E_AFG:((13)):DC_E_AFG_TRUSTEDPROXY:DAY', 'tpSubCntImpiVpMaxSubCount_delta', 63, 'numeric', 20, 0, 255, 1, '', 'Maximum number of active IMPI subscribers allowed to use the Trusted Proxy VP according to the license available', 'tpSubCntImpiVpMaxSubCount.delta', 'DC_E_AFG:((13))', 0, 1, 'COUNTER', null );
insert into Measurementcolumn ( MTABLEID, DATANAME, COLNUMBER, DATATYPE, DATASIZE, DATASCALE, UNIQUEVALUE, NULLABLE, INDEXES, DESCRIPTION, DATAID, RELEASEID, UNIQUEKEY, INCLUDESQL, COLTYPE, FOLLOWJOHN ) values ( 'DC_E_AFG:((13)):DC_E_AFG_TRUSTEDPROXY:DAY', 'tpSubCntImpuVpActSubCount_actual', 64, 'numeric', 24, 4, 255, 1, '', 'Number of active IMPU subscribers using the Trusted Proxy VP', 'tpSubCntImpuVpActSubCount.actual', 'DC_E_AFG:((13))', 0, 1, 'COUNTER', null );
insert into Measurementcolumn ( MTABLEID, DATANAME, COLNUMBER, DATATYPE, DATASIZE, DATASCALE, UNIQUEVALUE, NULLABLE, INDEXES, DESCRIPTION, DATAID, RELEASEID, UNIQUEKEY, INCLUDESQL, COLTYPE, FOLLOWJOHN ) values ( 'DC_E_AFG:((13)):DC_E_AFG_TRUSTEDPROXY:DAY', 'tpSubCntImpuVpActSubCount_max', 66, 'numeric', 24, 4, 255, 1, '', 'Number of active IMPU subscribers using the Trusted Proxy VP', 'tpSubCntImpuVpActSubCount.max', 'DC_E_AFG:((13))', 0, 1, 'COUNTER', null );
insert into Measurementcolumn ( MTABLEID, DATANAME, COLNUMBER, DATATYPE, DATASIZE, DATASCALE, UNIQUEVALUE, NULLABLE, INDEXES, DESCRIPTION, DATAID, RELEASEID, UNIQUEKEY, INCLUDESQL, COLTYPE, FOLLOWJOHN ) values ( 'DC_E_AFG:((13)):DC_E_AFG_TRUSTEDPROXY:DAY', 'tpSubCntImpuVpActSubCount_min', 65, 'numeric', 24, 4, 255, 1, '', 'Number of active IMPU subscribers using the Trusted Proxy VP', 'tpSubCntImpuVpActSubCount.min', 'DC_E_AFG:((13))', 0, 1, 'COUNTER', null );
insert into Measurementcolumn ( MTABLEID, DATANAME, COLNUMBER, DATATYPE, DATASIZE, DATASCALE, UNIQUEVALUE, NULLABLE, INDEXES, DESCRIPTION, DATAID, RELEASEID, UNIQUEKEY, INCLUDESQL, COLTYPE, FOLLOWJOHN ) values ( 'DC_E_AFG:((13)):DC_E_AFG_TRUSTEDPROXY:DAY', 'tpSubCntImpuVpMaxSubCount_actual', 67, 'numeric', 20, 0, 255, 1, '', 'Maximum number of active IMPU subscribers allowed to use the Trusted Proxy VP according to the license available', 'tpSubCntImpuVpMaxSubCount.actual', 'DC_E_AFG:((13))', 0, 1, 'COUNTER', null );
insert into Measurementcolumn ( MTABLEID, DATANAME, COLNUMBER, DATATYPE, DATASIZE, DATASCALE, UNIQUEVALUE, NULLABLE, INDEXES, DESCRIPTION, DATAID, RELEASEID, UNIQUEKEY, INCLUDESQL, COLTYPE, FOLLOWJOHN ) values ( 'DC_E_AFG:((13)):DC_E_AFG_TRUSTEDPROXY:DAY', 'tpSubCntImpuVpMaxSubCount_delta', 68, 'numeric', 20, 0, 255, 1, '', 'Maximum number of active IMPU subscribers allowed to use the Trusted Proxy VP according to the license available', 'tpSubCntImpuVpMaxSubCount.delta', 'DC_E_AFG:((13))', 0, 1, 'COUNTER', null );
insert into Measurementcolumn ( MTABLEID, DATANAME, COLNUMBER, DATATYPE, DATASIZE, DATASCALE, UNIQUEVALUE, NULLABLE, INDEXES, DESCRIPTION, DATAID, RELEASEID, UNIQUEKEY, INCLUDESQL, COLTYPE, FOLLOWJOHN ) values ( 'DC_E_AFG:((13)):DC_E_AFG_TRUSTEDPROXY:DAYBH', 'BATCH_ID', 13, 'smallint', 0, 0, 255, 1, '', '', 'BATCH_ID', 'BASE_TP_090421', 0, 0, 'PUBLICKEY', null );
insert into Measurementcolumn ( MTABLEID, DATANAME, COLNUMBER, DATATYPE, DATASIZE, DATASCALE, UNIQUEVALUE, NULLABLE, INDEXES, DESCRIPTION, DATAID, RELEASEID, UNIQUEKEY, INCLUDESQL, COLTYPE, FOLLOWJOHN ) values ( 'DC_E_AFG:((13)):DC_E_AFG_TRUSTEDPROXY:DAYBH', 'BHCLASS', 10, 'smallint', 0, 0, 10, 1, 'LF', '', 'BHCLASS', 'BASE_TP_090421', 0, 1, 'PUBLICKEY', null );
insert into Measurementcolumn ( MTABLEID, DATANAME, COLNUMBER, DATATYPE, DATASIZE, DATASCALE, UNIQUEVALUE, NULLABLE, INDEXES, DESCRIPTION, DATAID, RELEASEID, UNIQUEKEY, INCLUDESQL, COLTYPE, FOLLOWJOHN ) values ( 'DC_E_AFG:((13)):DC_E_AFG_TRUSTEDPROXY:DAYBH', 'BHTYPE', 8, 'varchar', 50, 0, 20, 1, 'LF', '', 'BHTYPE', 'BASE_TP_090421', 1, 1, 'PUBLICKEY', null );
insert into Measurementcolumn ( MTABLEID, DATANAME, COLNUMBER, DATATYPE, DATASIZE, DATASCALE, UNIQUEVALUE, NULLABLE, INDEXES, DESCRIPTION, DATAID, RELEASEID, UNIQUEKEY, INCLUDESQL, COLTYPE, FOLLOWJOHN ) values ( 'DC_E_AFG:((13)):DC_E_AFG_TRUSTEDPROXY:DAYBH', 'BH_ID', 20, 'unsigned int', 0, 0, 255, 1, '', '', 'BH_ID', 'BASE_TP_20100318', 0, 0, 'PUBLICKEY', null );
insert into Measurementcolumn ( MTABLEID, DATANAME, COLNUMBER, DATATYPE, DATASIZE, DATASCALE, UNIQUEVALUE, NULLABLE, INDEXES, DESCRIPTION, DATAID, RELEASEID, UNIQUEKEY, INCLUDESQL, COLTYPE, FOLLOWJOHN ) values ( 'DC_E_AFG:((13)):DC_E_AFG_TRUSTEDPROXY:DAYBH', 'BUSYHOUR', 9, 'tinyint', 0, 0, 24, 1, 'LF', '', 'BUSYHOUR', 'BASE_TP_090421', 0, 1, 'PUBLICKEY', null );
insert into Measurementcolumn ( MTABLEID, DATANAME, COLNUMBER, DATATYPE, DATASIZE, DATASCALE, UNIQUEVALUE, NULLABLE, INDEXES, DESCRIPTION, DATAID, RELEASEID, UNIQUEKEY, INCLUDESQL, COLTYPE, FOLLOWJOHN ) values ( 'DC_E_AFG:((13)):DC_E_AFG_TRUSTEDPROXY:DAYBH', 'DATE_ID', 3, 'date', 0, 0, 255, 1, 'LF', '', 'DATE_ID', 'BASE_TP_090421', 1, 1, 'PUBLICKEY', null );
insert into Measurementcolumn ( MTABLEID, DATANAME, COLNUMBER, DATATYPE, DATASIZE, DATASCALE, UNIQUEVALUE, NULLABLE, INDEXES, DESCRIPTION, DATAID, RELEASEID, UNIQUEKEY, INCLUDESQL, COLTYPE, FOLLOWJOHN ) values ( 'DC_E_AFG:((13)):DC_E_AFG_TRUSTEDPROXY:DAYBH', 'DAY_ID', 6, 'tinyint', 0, 0, 31, 1, 'LF', '', 'DAY_ID', 'BASE_TP_090421', 0, 0, 'PUBLICKEY', null );
insert into Measurementcolumn ( MTABLEID, DATANAME, COLNUMBER, DATATYPE, DATASIZE, DATASCALE, UNIQUEVALUE, NULLABLE, INDEXES, DESCRIPTION, DATAID, RELEASEID, UNIQUEKEY, INCLUDESQL, COLTYPE, FOLLOWJOHN ) values ( 'DC_E_AFG:((13)):DC_E_AFG_TRUSTEDPROXY:DAYBH', 'DC_RELEASE', 16, 'varchar', 16, 0, 2, 1, 'LF', '', 'DC_RELEASE', 'BASE_TP_090421', 0, 1, 'PUBLICKEY', null );
insert into Measurementcolumn ( MTABLEID, DATANAME, COLNUMBER, DATATYPE, DATASIZE, DATASCALE, UNIQUEVALUE, NULLABLE, INDEXES, DESCRIPTION, DATAID, RELEASEID, UNIQUEKEY, INCLUDESQL, COLTYPE, FOLLOWJOHN ) values ( 'DC_E_AFG:((13)):DC_E_AFG_TRUSTEDPROXY:DAYBH', 'DC_SOURCE', 17, 'varchar', 16, 0, 2, 1, 'LF', '', 'DC_SOURCE', 'BASE_TP_090421', 0, 1, 'PUBLICKEY', null );
insert into Measurementcolumn ( MTABLEID, DATANAME, COLNUMBER, DATATYPE, DATASIZE, DATASCALE, UNIQUEVALUE, NULLABLE, INDEXES, DESCRIPTION, DATAID, RELEASEID, UNIQUEKEY, INCLUDESQL, COLTYPE, FOLLOWJOHN ) values ( 'DC_E_AFG:((13)):DC_E_AFG_TRUSTEDPROXY:DAYBH', 'DC_SUSPECTFLAG', 19, 'int', 0, 0, 2, 1, 'LF', '', 'DC_SUSPECTFLAG', 'BASE_TP_090421', 0, 1, 'PUBLICKEY', null );
insert into Measurementcolumn ( MTABLEID, DATANAME, COLNUMBER, DATATYPE, DATASIZE, DATASCALE, UNIQUEVALUE, NULLABLE, INDEXES, DESCRIPTION, DATAID, RELEASEID, UNIQUEKEY, INCLUDESQL, COLTYPE, FOLLOWJOHN ) values ( 'DC_E_AFG:((13)):DC_E_AFG_TRUSTEDPROXY:DAYBH', 'DC_TIMEZONE', 18, 'varchar', 16, 0, 2, 1, 'LF', '', 'DC_TIMEZONE', 'BASE_TP_090421', 0, 1, 'PUBLICKEY', null );
insert into Measurementcolumn ( MTABLEID, DATANAME, COLNUMBER, DATATYPE, DATASIZE, DATASCALE, UNIQUEVALUE, NULLABLE, INDEXES, DESCRIPTION, DATAID, RELEASEID, UNIQUEKEY, INCLUDESQL, COLTYPE, FOLLOWJOHN ) values ( 'DC_E_AFG:((13)):DC_E_AFG_TRUSTEDPROXY:DAYBH', 'MIN_ID', 7, 'tinyint', 0, 0, 60, 1, 'LF', '', 'MIN_ID', 'BASE_TP_090421', 1, 1, 'PUBLICKEY', null );
insert into Measurementcolumn ( MTABLEID, DATANAME, COLNUMBER, DATATYPE, DATASIZE, DATASCALE, UNIQUEVALUE, NULLABLE, INDEXES, DESCRIPTION, DATAID, RELEASEID, UNIQUEKEY, INCLUDESQL, COLTYPE, FOLLOWJOHN ) values ( 'DC_E_AFG:((13)):DC_E_AFG_TRUSTEDPROXY:DAYBH', 'MONTH_ID', 5, 'tinyint', 0, 0, 12, 1, 'LF', '', 'MONTH_ID', 'BASE_TP_090421', 0, 0, 'PUBLICKEY', null );
insert into Measurementcolumn ( MTABLEID, DATANAME, COLNUMBER, DATATYPE, DATASIZE, DATASCALE, UNIQUEVALUE, NULLABLE, INDEXES, DESCRIPTION, DATAID, RELEASEID, UNIQUEKEY, INCLUDESQL, COLTYPE, FOLLOWJOHN ) values ( 'DC_E_AFG:((13)):DC_E_AFG_TRUSTEDPROXY:DAYBH', 'NODE_NAME', 2, 'varchar', 50, 0, 255, 1, 'HG', 'Node Name', 'NODE_NAME', 'DC_E_AFG:((13))', 1, 1, 'KEY', null );
insert into Measurementcolumn ( MTABLEID, DATANAME, COLNUMBER, DATATYPE, DATASIZE, DATASCALE, UNIQUEVALUE, NULLABLE, INDEXES, DESCRIPTION, DATAID, RELEASEID, UNIQUEKEY, INCLUDESQL, COLTYPE, FOLLOWJOHN ) values ( 'DC_E_AFG:((13)):DC_E_AFG_TRUSTEDPROXY:DAYBH', 'OFFSET', 21, 'unsigned int', 0, 0, 255, 1, '', '', 'OFFSET', 'BASE_TP_20100318', 0, 0, 'PUBLICKEY', null );
insert into Measurementcolumn ( MTABLEID, DATANAME, COLNUMBER, DATATYPE, DATASIZE, DATASCALE, UNIQUEVALUE, NULLABLE, INDEXES, DESCRIPTION, DATAID, RELEASEID, UNIQUEKEY, INCLUDESQL, COLTYPE, FOLLOWJOHN ) values ( 'DC_E_AFG:((13)):DC_E_AFG_TRUSTEDPROXY:DAYBH', 'OSS_ID', 1, 'varchar', 50, 0, 255, 1, 'HG', 'OSS Id', 'OSS_ID', 'DC_E_AFG:((13))', 1, 1, 'KEY', null );
insert into Measurementcolumn ( MTABLEID, DATANAME, COLNUMBER, DATATYPE, DATASIZE, DATASCALE, UNIQUEVALUE, NULLABLE, INDEXES, DESCRIPTION, DATAID, RELEASEID, UNIQUEKEY, INCLUDESQL, COLTYPE, FOLLOWJOHN ) values ( 'DC_E_AFG:((13)):DC_E_AFG_TRUSTEDPROXY:DAYBH', 'PERIOD_DURATION', 14, 'unsigned int', 0, 0, 10, 1, '', '', 'PERIOD_DURATION', 'BASE_TP_090421', 0, 1, 'PUBLICKEY', null );
insert into Measurementcolumn ( MTABLEID, DATANAME, COLNUMBER, DATATYPE, DATASIZE, DATASCALE, UNIQUEVALUE, NULLABLE, INDEXES, DESCRIPTION, DATAID, RELEASEID, UNIQUEKEY, INCLUDESQL, COLTYPE, FOLLOWJOHN ) values ( 'DC_E_AFG:((13)):DC_E_AFG_TRUSTEDPROXY:DAYBH', 'ROWSTATUS', 15, 'varchar', 16, 0, 10, 1, '', '', 'ROWSTATUS', 'BASE_TP_090421', 0, 1, 'PUBLICKEY', null );
insert into Measurementcolumn ( MTABLEID, DATANAME, COLNUMBER, DATATYPE, DATASIZE, DATASCALE, UNIQUEVALUE, NULLABLE, INDEXES, DESCRIPTION, DATAID, RELEASEID, UNIQUEKEY, INCLUDESQL, COLTYPE, FOLLOWJOHN ) values ( 'DC_E_AFG:((13)):DC_E_AFG_TRUSTEDPROXY:DAYBH', 'SESSION_ID', 12, 'unsigned int', 0, 0, 255, 1, '', '', 'SESSION_ID', 'BASE_TP_090421', 0, 0, 'PUBLICKEY', null );
insert into Measurementcolumn ( MTABLEID, DATANAME, COLNUMBER, DATATYPE, DATASIZE, DATASCALE, UNIQUEVALUE, NULLABLE, INDEXES, DESCRIPTION, DATAID, RELEASEID, UNIQUEKEY, INCLUDESQL, COLTYPE, FOLLOWJOHN ) values ( 'DC_E_AFG:((13)):DC_E_AFG_TRUSTEDPROXY:DAYBH', 'TIMELEVEL', 11, 'varchar', 10, 0, 10, 1, 'LF', '', 'TIMELEVEL', 'BASE_TP_090421', 0, 0, 'PUBLICKEY', null );
insert into Measurementcolumn ( MTABLEID, DATANAME, COLNUMBER, DATATYPE, DATASIZE, DATASCALE, UNIQUEVALUE, NULLABLE, INDEXES, DESCRIPTION, DATAID, RELEASEID, UNIQUEKEY, INCLUDESQL, COLTYPE, FOLLOWJOHN ) values ( 'DC_E_AFG:((13)):DC_E_AFG_TRUSTEDPROXY:DAYBH', 'YEAR_ID', 4, 'smallint', 0, 0, 20, 1, 'LF', '', 'YEAR_ID', 'BASE_TP_090421', 0, 0, 'PUBLICKEY', null );
insert into Measurementcolumn ( MTABLEID, DATANAME, COLNUMBER, DATATYPE, DATASIZE, DATASCALE, UNIQUEVALUE, NULLABLE, INDEXES, DESCRIPTION, DATAID, RELEASEID, UNIQUEKEY, INCLUDESQL, COLTYPE, FOLLOWJOHN ) values ( 'DC_E_AFG:((13)):DC_E_AFG_TRUSTEDPROXY:DAYBH', 'tpAuthCntAuthFailed403_actual', 24, 'numeric', 20, 0, 255, 1, '', 'Counts the number of Trusted Proxy authentication failures with error code 403.', 'tpAuthCntAuthFailed403.actual', 'DC_E_AFG:((13))', 0, 1, 'COUNTER', null );
insert into Measurementcolumn ( MTABLEID, DATANAME, COLNUMBER, DATATYPE, DATASIZE, DATASCALE, UNIQUEVALUE, NULLABLE, INDEXES, DESCRIPTION, DATAID, RELEASEID, UNIQUEKEY, INCLUDESQL, COLTYPE, FOLLOWJOHN ) values ( 'DC_E_AFG:((13)):DC_E_AFG_TRUSTEDPROXY:DAYBH', 'tpAuthCntAuthFailed403_delta', 25, 'numeric', 20, 0, 255, 1, '', 'Counts the number of Trusted Proxy authentication failures with error code 403.', 'tpAuthCntAuthFailed403.delta', 'DC_E_AFG:((13))', 0, 1, 'COUNTER', null );
insert into Measurementcolumn ( MTABLEID, DATANAME, COLNUMBER, DATATYPE, DATASIZE, DATASCALE, UNIQUEVALUE, NULLABLE, INDEXES, DESCRIPTION, DATAID, RELEASEID, UNIQUEKEY, INCLUDESQL, COLTYPE, FOLLOWJOHN ) values ( 'DC_E_AFG:((13)):DC_E_AFG_TRUSTEDPROXY:DAYBH', 'tpAuthCntAuthFailed_actual', 22, 'numeric', 20, 0, 255, 1, '', 'Counts the total number of Trusted Proxy authentication failures.', 'tpAuthCntAuthFailed.actual', 'DC_E_AFG:((13))', 0, 1, 'COUNTER', null );
insert into Measurementcolumn ( MTABLEID, DATANAME, COLNUMBER, DATATYPE, DATASIZE, DATASCALE, UNIQUEVALUE, NULLABLE, INDEXES, DESCRIPTION, DATAID, RELEASEID, UNIQUEKEY, INCLUDESQL, COLTYPE, FOLLOWJOHN ) values ( 'DC_E_AFG:((13)):DC_E_AFG_TRUSTEDPROXY:DAYBH', 'tpAuthCntAuthFailed_delta', 23, 'numeric', 20, 0, 255, 1, '', 'Counts the total number of Trusted Proxy authentication failures.', 'tpAuthCntAuthFailed.delta', 'DC_E_AFG:((13))', 0, 1, 'COUNTER', null );
insert into Measurementcolumn ( MTABLEID, DATANAME, COLNUMBER, DATATYPE, DATASIZE, DATASCALE, UNIQUEVALUE, NULLABLE, INDEXES, DESCRIPTION, DATAID, RELEASEID, UNIQUEKEY, INCLUDESQL, COLTYPE, FOLLOWJOHN ) values ( 'DC_E_AFG:((13)):DC_E_AFG_TRUSTEDPROXY:DAYBH', 'tpAuthCntAuthGbaDigestReq_actual', 26, 'numeric', 20, 0, 255, 1, '', 'Counts the number of Trusted Proxy GBA Digest authentication requests.', 'tpAuthCntAuthGbaDigestReq.actual', 'DC_E_AFG:((13))', 0, 1, 'COUNTER', null );
insert into Measurementcolumn ( MTABLEID, DATANAME, COLNUMBER, DATATYPE, DATASIZE, DATASCALE, UNIQUEVALUE, NULLABLE, INDEXES, DESCRIPTION, DATAID, RELEASEID, UNIQUEKEY, INCLUDESQL, COLTYPE, FOLLOWJOHN ) values ( 'DC_E_AFG:((13)):DC_E_AFG_TRUSTEDPROXY:DAYBH', 'tpAuthCntAuthGbaDigestReq_delta', 27, 'numeric', 20, 0, 255, 1, '', 'Counts the number of Trusted Proxy GBA Digest authentication requests.', 'tpAuthCntAuthGbaDigestReq.delta', 'DC_E_AFG:((13))', 0, 1, 'COUNTER', null );
insert into Measurementcolumn ( MTABLEID, DATANAME, COLNUMBER, DATATYPE, DATASIZE, DATASCALE, UNIQUEVALUE, NULLABLE, INDEXES, DESCRIPTION, DATAID, RELEASEID, UNIQUEKEY, INCLUDESQL, COLTYPE, FOLLOWJOHN ) values ( 'DC_E_AFG:((13)):DC_E_AFG_TRUSTEDPROXY:DAYBH', 'tpAuthCntAuthGbaMeBasedReq_actual', 28, 'numeric', 20, 0, 255, 1, '', 'Counts the number of Trusted Proxy ME-based GBA authentication requests, where the client application resides in the ME.', 'tpAuthCntAuthGbaMeBasedReq.actual', 'DC_E_AFG:((13))', 0, 1, 'COUNTER', null );
insert into Measurementcolumn ( MTABLEID, DATANAME, COLNUMBER, DATATYPE, DATASIZE, DATASCALE, UNIQUEVALUE, NULLABLE, INDEXES, DESCRIPTION, DATAID, RELEASEID, UNIQUEKEY, INCLUDESQL, COLTYPE, FOLLOWJOHN ) values ( 'DC_E_AFG:((13)):DC_E_AFG_TRUSTEDPROXY:DAYBH', 'tpAuthCntAuthGbaMeBasedReq_delta', 29, 'numeric', 20, 0, 255, 1, '', 'Counts the number of Trusted Proxy ME-based GBA authentication requests, where the client application resides in the ME.', 'tpAuthCntAuthGbaMeBasedReq.delta', 'DC_E_AFG:((13))', 0, 1, 'COUNTER', null );
insert into Measurementcolumn ( MTABLEID, DATANAME, COLNUMBER, DATATYPE, DATASIZE, DATASCALE, UNIQUEVALUE, NULLABLE, INDEXES, DESCRIPTION, DATAID, RELEASEID, UNIQUEKEY, INCLUDESQL, COLTYPE, FOLLOWJOHN ) values ( 'DC_E_AFG:((13)):DC_E_AFG_TRUSTEDPROXY:DAYBH', 'tpAuthCntAuthGbaReq_actual', 30, 'numeric', 20, 0, 255, 1, '', 'Counts the total number of Trusted Proxy GBA authentication requests.', 'tpAuthCntAuthGbaReq.actual', 'DC_E_AFG:((13))', 0, 1, 'COUNTER', null );
insert into Measurementcolumn ( MTABLEID, DATANAME, COLNUMBER, DATATYPE, DATASIZE, DATASCALE, UNIQUEVALUE, NULLABLE, INDEXES, DESCRIPTION, DATAID, RELEASEID, UNIQUEKEY, INCLUDESQL, COLTYPE, FOLLOWJOHN ) values ( 'DC_E_AFG:((13)):DC_E_AFG_TRUSTEDPROXY:DAYBH', 'tpAuthCntAuthGbaReq_delta', 31, 'numeric', 20, 0, 255, 1, '', 'Counts the total number of Trusted Proxy GBA authentication requests.', 'tpAuthCntAuthGbaReq.delta', 'DC_E_AFG:((13))', 0, 1, 'COUNTER', null );
insert into Measurementcolumn ( MTABLEID, DATANAME, COLNUMBER, DATATYPE, DATASIZE, DATASCALE, UNIQUEVALUE, NULLABLE, INDEXES, DESCRIPTION, DATAID, RELEASEID, UNIQUEKEY, INCLUDESQL, COLTYPE, FOLLOWJOHN ) values ( 'DC_E_AFG:((13)):DC_E_AFG_TRUSTEDPROXY:DAYBH', 'tpAuthCntAuthGibaReq_actual', 32, 'numeric', 20, 0, 255, 1, '', 'Counts the number of Trusted Proxy GIBA authentication requests.', 'tpAuthCntAuthGibaReq.actual', 'DC_E_AFG:((13))', 0, 1, 'COUNTER', null );
insert into Measurementcolumn ( MTABLEID, DATANAME, COLNUMBER, DATATYPE, DATASIZE, DATASCALE, UNIQUEVALUE, NULLABLE, INDEXES, DESCRIPTION, DATAID, RELEASEID, UNIQUEKEY, INCLUDESQL, COLTYPE, FOLLOWJOHN ) values ( 'DC_E_AFG:((13)):DC_E_AFG_TRUSTEDPROXY:DAYBH', 'tpAuthCntAuthGibaReq_delta', 33, 'numeric', 20, 0, 255, 1, '', 'Counts the number of Trusted Proxy GIBA authentication requests.', 'tpAuthCntAuthGibaReq.delta', 'DC_E_AFG:((13))', 0, 1, 'COUNTER', null );
insert into Measurementcolumn ( MTABLEID, DATANAME, COLNUMBER, DATATYPE, DATASIZE, DATASCALE, UNIQUEVALUE, NULLABLE, INDEXES, DESCRIPTION, DATAID, RELEASEID, UNIQUEKEY, INCLUDESQL, COLTYPE, FOLLOWJOHN ) values ( 'DC_E_AFG:((13)):DC_E_AFG_TRUSTEDPROXY:DAYBH', 'tpAuthCntAuthReq_actual', 34, 'numeric', 20, 0, 255, 1, '', 'Counts the total number of Trusted Proxy authentication requests.', 'tpAuthCntAuthReq.actual', 'DC_E_AFG:((13))', 0, 1, 'COUNTER', null );
insert into Measurementcolumn ( MTABLEID, DATANAME, COLNUMBER, DATATYPE, DATASIZE, DATASCALE, UNIQUEVALUE, NULLABLE, INDEXES, DESCRIPTION, DATAID, RELEASEID, UNIQUEKEY, INCLUDESQL, COLTYPE, FOLLOWJOHN ) values ( 'DC_E_AFG:((13)):DC_E_AFG_TRUSTEDPROXY:DAYBH', 'tpAuthCntAuthReq_delta', 35, 'numeric', 20, 0, 255, 1, '', 'Counts the total number of Trusted Proxy authentication requests.', 'tpAuthCntAuthReq.delta', 'DC_E_AFG:((13))', 0, 1, 'COUNTER', null );
insert into Measurementcolumn ( MTABLEID, DATANAME, COLNUMBER, DATATYPE, DATASIZE, DATASCALE, UNIQUEVALUE, NULLABLE, INDEXES, DESCRIPTION, DATAID, RELEASEID, UNIQUEKEY, INCLUDESQL, COLTYPE, FOLLOWJOHN ) values ( 'DC_E_AFG:((13)):DC_E_AFG_TRUSTEDPROXY:DAYBH', 'tpAuthCntAuthResp_actual', 36, 'numeric', 20, 0, 255, 1, '', 'Counts the total number of Trusted Proxy authentication responses.', 'tpAuthCntAuthResp.actual', 'DC_E_AFG:((13))', 0, 1, 'COUNTER', null );
insert into Measurementcolumn ( MTABLEID, DATANAME, COLNUMBER, DATATYPE, DATASIZE, DATASCALE, UNIQUEVALUE, NULLABLE, INDEXES, DESCRIPTION, DATAID, RELEASEID, UNIQUEKEY, INCLUDESQL, COLTYPE, FOLLOWJOHN ) values ( 'DC_E_AFG:((13)):DC_E_AFG_TRUSTEDPROXY:DAYBH', 'tpAuthCntAuthResp_delta', 37, 'numeric', 20, 0, 255, 1, '', 'Counts the total number of Trusted Proxy authentication responses.', 'tpAuthCntAuthResp.delta', 'DC_E_AFG:((13))', 0, 1, 'COUNTER', null );
insert into Measurementcolumn ( MTABLEID, DATANAME, COLNUMBER, DATATYPE, DATASIZE, DATASCALE, UNIQUEVALUE, NULLABLE, INDEXES, DESCRIPTION, DATAID, RELEASEID, UNIQUEKEY, INCLUDESQL, COLTYPE, FOLLOWJOHN ) values ( 'DC_E_AFG:((13)):DC_E_AFG_TRUSTEDPROXY:DAYBH', 'tpAuthCntAuthZxDigestReq_actual', 38, 'numeric', 20, 0, 255, 1, '', 'Counts the number of Trusted Proxy Zx Digest authentication requests.', 'tpAuthCntAuthZxDigestReq.actual', 'DC_E_AFG:((13))', 0, 1, 'COUNTER', null );
insert into Measurementcolumn ( MTABLEID, DATANAME, COLNUMBER, DATATYPE, DATASIZE, DATASCALE, UNIQUEVALUE, NULLABLE, INDEXES, DESCRIPTION, DATAID, RELEASEID, UNIQUEKEY, INCLUDESQL, COLTYPE, FOLLOWJOHN ) values ( 'DC_E_AFG:((13)):DC_E_AFG_TRUSTEDPROXY:DAYBH', 'tpAuthCntAuthZxDigestReq_delta', 39, 'numeric', 20, 0, 255, 1, '', 'Counts the number of Trusted Proxy Zx Digest authentication requests.', 'tpAuthCntAuthZxDigestReq.delta', 'DC_E_AFG:((13))', 0, 1, 'COUNTER', null );
insert into Measurementcolumn ( MTABLEID, DATANAME, COLNUMBER, DATATYPE, DATASIZE, DATASCALE, UNIQUEVALUE, NULLABLE, INDEXES, DESCRIPTION, DATAID, RELEASEID, UNIQUEKEY, INCLUDESQL, COLTYPE, FOLLOWJOHN ) values ( 'DC_E_AFG:((13)):DC_E_AFG_TRUSTEDPROXY:DAYBH', 'tpAuthCntAuthZxSsoReq_actual', 40, 'numeric', 20, 0, 255, 1, '', 'Counts the number of Trusted Proxy Zx SSO authentication requests.', 'tpAuthCntAuthZxSsoReq.actual', 'DC_E_AFG:((13))', 0, 1, 'COUNTER', null );
insert into Measurementcolumn ( MTABLEID, DATANAME, COLNUMBER, DATATYPE, DATASIZE, DATASCALE, UNIQUEVALUE, NULLABLE, INDEXES, DESCRIPTION, DATAID, RELEASEID, UNIQUEKEY, INCLUDESQL, COLTYPE, FOLLOWJOHN ) values ( 'DC_E_AFG:((13)):DC_E_AFG_TRUSTEDPROXY:DAYBH', 'tpAuthCntAuthZxSsoReq_delta', 41, 'numeric', 20, 0, 255, 1, '', 'Counts the number of Trusted Proxy Zx SSO authentication requests.', 'tpAuthCntAuthZxSsoReq.delta', 'DC_E_AFG:((13))', 0, 1, 'COUNTER', null );
insert into Measurementcolumn ( MTABLEID, DATANAME, COLNUMBER, DATATYPE, DATASIZE, DATASCALE, UNIQUEVALUE, NULLABLE, INDEXES, DESCRIPTION, DATAID, RELEASEID, UNIQUEKEY, INCLUDESQL, COLTYPE, FOLLOWJOHN ) values ( 'DC_E_AFG:((13)):DC_E_AFG_TRUSTEDPROXY:DAYBH', 'tpAuthCntZnReq_actual', 42, 'numeric', 20, 0, 255, 1, '', 'Counts the number of Trusted Proxy Zn requests to the BSF.', 'tpAuthCntZnReq.actual', 'DC_E_AFG:((13))', 0, 1, 'COUNTER', null );
insert into Measurementcolumn ( MTABLEID, DATANAME, COLNUMBER, DATATYPE, DATASIZE, DATASCALE, UNIQUEVALUE, NULLABLE, INDEXES, DESCRIPTION, DATAID, RELEASEID, UNIQUEKEY, INCLUDESQL, COLTYPE, FOLLOWJOHN ) values ( 'DC_E_AFG:((13)):DC_E_AFG_TRUSTEDPROXY:DAYBH', 'tpAuthCntZnReq_delta', 43, 'numeric', 20, 0, 255, 1, '', 'Counts the number of Trusted Proxy Zn requests to the BSF.', 'tpAuthCntZnReq.delta', 'DC_E_AFG:((13))', 0, 1, 'COUNTER', null );
insert into Measurementcolumn ( MTABLEID, DATANAME, COLNUMBER, DATATYPE, DATASIZE, DATASCALE, UNIQUEVALUE, NULLABLE, INDEXES, DESCRIPTION, DATAID, RELEASEID, UNIQUEKEY, INCLUDESQL, COLTYPE, FOLLOWJOHN ) values ( 'DC_E_AFG:((13)):DC_E_AFG_TRUSTEDPROXY:DAYBH', 'tpCntHttpDeleteReq_actual', 44, 'numeric', 20, 0, 255, 1, '', 'Counts the number of Trusted Proxy HTTP DELETE requests.', 'tpCntHttpDeleteReq.actual', 'DC_E_AFG:((13))', 0, 1, 'COUNTER', null );
insert into Measurementcolumn ( MTABLEID, DATANAME, COLNUMBER, DATATYPE, DATASIZE, DATASCALE, UNIQUEVALUE, NULLABLE, INDEXES, DESCRIPTION, DATAID, RELEASEID, UNIQUEKEY, INCLUDESQL, COLTYPE, FOLLOWJOHN ) values ( 'DC_E_AFG:((13)):DC_E_AFG_TRUSTEDPROXY:DAYBH', 'tpCntHttpDeleteReq_delta', 45, 'numeric', 20, 0, 255, 1, '', 'Counts the number of Trusted Proxy HTTP DELETE requests.', 'tpCntHttpDeleteReq.delta', 'DC_E_AFG:((13))', 0, 1, 'COUNTER', null );
insert into Measurementcolumn ( MTABLEID, DATANAME, COLNUMBER, DATATYPE, DATASIZE, DATASCALE, UNIQUEVALUE, NULLABLE, INDEXES, DESCRIPTION, DATAID, RELEASEID, UNIQUEKEY, INCLUDESQL, COLTYPE, FOLLOWJOHN ) values ( 'DC_E_AFG:((13)):DC_E_AFG_TRUSTEDPROXY:DAYBH', 'tpCntHttpDsFailedResp_actual', 46, 'numeric', 20, 0, 255, 1, '', 'Counts the number of Trusted Proxy requests not receiving a 2xx response from the destination servers.', 'tpCntHttpDsFailedResp.actual', 'DC_E_AFG:((13))', 0, 1, 'COUNTER', null );
insert into Measurementcolumn ( MTABLEID, DATANAME, COLNUMBER, DATATYPE, DATASIZE, DATASCALE, UNIQUEVALUE, NULLABLE, INDEXES, DESCRIPTION, DATAID, RELEASEID, UNIQUEKEY, INCLUDESQL, COLTYPE, FOLLOWJOHN ) values ( 'DC_E_AFG:((13)):DC_E_AFG_TRUSTEDPROXY:DAYBH', 'tpCntHttpDsFailedResp_delta', 47, 'numeric', 20, 0, 255, 1, '', 'Counts the number of Trusted Proxy requests not receiving a 2xx response from the destination servers.', 'tpCntHttpDsFailedResp.delta', 'DC_E_AFG:((13))', 0, 1, 'COUNTER', null );
insert into Measurementcolumn ( MTABLEID, DATANAME, COLNUMBER, DATATYPE, DATASIZE, DATASCALE, UNIQUEVALUE, NULLABLE, INDEXES, DESCRIPTION, DATAID, RELEASEID, UNIQUEKEY, INCLUDESQL, COLTYPE, FOLLOWJOHN ) values ( 'DC_E_AFG:((13)):DC_E_AFG_TRUSTEDPROXY:DAYBH', 'tpCntHttpFailedResp_actual', 48, 'numeric', 20, 0, 255, 1, '', 'Counts the number of all Trusted Proxy requests not receiving a 2xx response.', 'tpCntHttpFailedResp.actual', 'DC_E_AFG:((13))', 0, 1, 'COUNTER', null );
insert into Measurementcolumn ( MTABLEID, DATANAME, COLNUMBER, DATATYPE, DATASIZE, DATASCALE, UNIQUEVALUE, NULLABLE, INDEXES, DESCRIPTION, DATAID, RELEASEID, UNIQUEKEY, INCLUDESQL, COLTYPE, FOLLOWJOHN ) values ( 'DC_E_AFG:((13)):DC_E_AFG_TRUSTEDPROXY:DAYBH', 'tpCntHttpFailedResp_delta', 49, 'numeric', 20, 0, 255, 1, '', 'Counts the number of all Trusted Proxy requests not receiving a 2xx response.', 'tpCntHttpFailedResp.delta', 'DC_E_AFG:((13))', 0, 1, 'COUNTER', null );
insert into Measurementcolumn ( MTABLEID, DATANAME, COLNUMBER, DATATYPE, DATASIZE, DATASCALE, UNIQUEVALUE, NULLABLE, INDEXES, DESCRIPTION, DATAID, RELEASEID, UNIQUEKEY, INCLUDESQL, COLTYPE, FOLLOWJOHN ) values ( 'DC_E_AFG:((13)):DC_E_AFG_TRUSTEDPROXY:DAYBH', 'tpCntHttpFwdReq_actual', 50, 'numeric', 20, 0, 255, 1, '', 'Counts the number of Trusted Proxy requests forwarded to the destination servers.', 'tpCntHttpFwdReq.actual', 'DC_E_AFG:((13))', 0, 1, 'COUNTER', null );
insert into Measurementcolumn ( MTABLEID, DATANAME, COLNUMBER, DATATYPE, DATASIZE, DATASCALE, UNIQUEVALUE, NULLABLE, INDEXES, DESCRIPTION, DATAID, RELEASEID, UNIQUEKEY, INCLUDESQL, COLTYPE, FOLLOWJOHN ) values ( 'DC_E_AFG:((13)):DC_E_AFG_TRUSTEDPROXY:DAYBH', 'tpCntHttpFwdReq_delta', 51, 'numeric', 20, 0, 255, 1, '', 'Counts the number of Trusted Proxy requests forwarded to the destination servers.', 'tpCntHttpFwdReq.delta', 'DC_E_AFG:((13))', 0, 1, 'COUNTER', null );
insert into Measurementcolumn ( MTABLEID, DATANAME, COLNUMBER, DATATYPE, DATASIZE, DATASCALE, UNIQUEVALUE, NULLABLE, INDEXES, DESCRIPTION, DATAID, RELEASEID, UNIQUEKEY, INCLUDESQL, COLTYPE, FOLLOWJOHN ) values ( 'DC_E_AFG:((13)):DC_E_AFG_TRUSTEDPROXY:DAYBH', 'tpCntHttpGetReq_actual', 52, 'numeric', 20, 0, 255, 1, '', 'Counts the number of Trusted Proxy HTTP GET requests.', 'tpCntHttpGetReq.actual', 'DC_E_AFG:((13))', 0, 1, 'COUNTER', null );
insert into Measurementcolumn ( MTABLEID, DATANAME, COLNUMBER, DATATYPE, DATASIZE, DATASCALE, UNIQUEVALUE, NULLABLE, INDEXES, DESCRIPTION, DATAID, RELEASEID, UNIQUEKEY, INCLUDESQL, COLTYPE, FOLLOWJOHN ) values ( 'DC_E_AFG:((13)):DC_E_AFG_TRUSTEDPROXY:DAYBH', 'tpCntHttpGetReq_delta', 53, 'numeric', 20, 0, 255, 1, '', 'Counts the number of Trusted Proxy HTTP GET requests.', 'tpCntHttpGetReq.delta', 'DC_E_AFG:((13))', 0, 1, 'COUNTER', null );
insert into Measurementcolumn ( MTABLEID, DATANAME, COLNUMBER, DATATYPE, DATASIZE, DATASCALE, UNIQUEVALUE, NULLABLE, INDEXES, DESCRIPTION, DATAID, RELEASEID, UNIQUEKEY, INCLUDESQL, COLTYPE, FOLLOWJOHN ) values ( 'DC_E_AFG:((13)):DC_E_AFG_TRUSTEDPROXY:DAYBH', 'tpCntHttpOtherReq_actual', 54, 'numeric', 20, 0, 255, 1, '', 'Counts the number of Trusted Proxy requests with other HTTP methods.', 'tpCntHttpOtherReq.actual', 'DC_E_AFG:((13))', 0, 1, 'COUNTER', null );
insert into Measurementcolumn ( MTABLEID, DATANAME, COLNUMBER, DATATYPE, DATASIZE, DATASCALE, UNIQUEVALUE, NULLABLE, INDEXES, DESCRIPTION, DATAID, RELEASEID, UNIQUEKEY, INCLUDESQL, COLTYPE, FOLLOWJOHN ) values ( 'DC_E_AFG:((13)):DC_E_AFG_TRUSTEDPROXY:DAYBH', 'tpCntHttpOtherReq_delta', 55, 'numeric', 20, 0, 255, 1, '', 'Counts the number of Trusted Proxy requests with other HTTP methods.', 'tpCntHttpOtherReq.delta', 'DC_E_AFG:((13))', 0, 1, 'COUNTER', null );
insert into Measurementcolumn ( MTABLEID, DATANAME, COLNUMBER, DATATYPE, DATASIZE, DATASCALE, UNIQUEVALUE, NULLABLE, INDEXES, DESCRIPTION, DATAID, RELEASEID, UNIQUEKEY, INCLUDESQL, COLTYPE, FOLLOWJOHN ) values ( 'DC_E_AFG:((13)):DC_E_AFG_TRUSTEDPROXY:DAYBH', 'tpCntHttpPostReq_actual', 56, 'numeric', 20, 0, 255, 1, '', 'Counts the number of Trusted Proxy HTTP POST requests.', 'tpCntHttpPostReq.actual', 'DC_E_AFG:((13))', 0, 1, 'COUNTER', null );
insert into Measurementcolumn ( MTABLEID, DATANAME, COLNUMBER, DATATYPE, DATASIZE, DATASCALE, UNIQUEVALUE, NULLABLE, INDEXES, DESCRIPTION, DATAID, RELEASEID, UNIQUEKEY, INCLUDESQL, COLTYPE, FOLLOWJOHN ) values ( 'DC_E_AFG:((13)):DC_E_AFG_TRUSTEDPROXY:DAYBH', 'tpCntHttpPostReq_delta', 57, 'numeric', 20, 0, 255, 1, '', 'Counts the number of Trusted Proxy HTTP POST requests.', 'tpCntHttpPostReq.delta', 'DC_E_AFG:((13))', 0, 1, 'COUNTER', null );
insert into Measurementcolumn ( MTABLEID, DATANAME, COLNUMBER, DATATYPE, DATASIZE, DATASCALE, UNIQUEVALUE, NULLABLE, INDEXES, DESCRIPTION, DATAID, RELEASEID, UNIQUEKEY, INCLUDESQL, COLTYPE, FOLLOWJOHN ) values ( 'DC_E_AFG:((13)):DC_E_AFG_TRUSTEDPROXY:DAYBH', 'tpCntHttpPutReq_actual', 58, 'numeric', 20, 0, 255, 1, '', 'Counts the number of Trusted Proxy HTTP PUT requests.', 'tpCntHttpPutReq.actual', 'DC_E_AFG:((13))', 0, 1, 'COUNTER', null );
insert into Measurementcolumn ( MTABLEID, DATANAME, COLNUMBER, DATATYPE, DATASIZE, DATASCALE, UNIQUEVALUE, NULLABLE, INDEXES, DESCRIPTION, DATAID, RELEASEID, UNIQUEKEY, INCLUDESQL, COLTYPE, FOLLOWJOHN ) values ( 'DC_E_AFG:((13)):DC_E_AFG_TRUSTEDPROXY:DAYBH', 'tpCntHttpPutReq_delta', 59, 'numeric', 20, 0, 255, 1, '', 'Counts the number of Trusted Proxy HTTP PUT requests.', 'tpCntHttpPutReq.delta', 'DC_E_AFG:((13))', 0, 1, 'COUNTER', null );
insert into Measurementcolumn ( MTABLEID, DATANAME, COLNUMBER, DATATYPE, DATASIZE, DATASCALE, UNIQUEVALUE, NULLABLE, INDEXES, DESCRIPTION, DATAID, RELEASEID, UNIQUEKEY, INCLUDESQL, COLTYPE, FOLLOWJOHN ) values ( 'DC_E_AFG:((13)):DC_E_AFG_TRUSTEDPROXY:DAYBH', 'tpCntHttpTotalReq_actual', 60, 'numeric', 20, 0, 255, 1, '', 'Counts the total number of Trusted Proxy HTTTP requests.', 'tpCntHttpTotalReq.actual', 'DC_E_AFG:((13))', 0, 1, 'COUNTER', null );
insert into Measurementcolumn ( MTABLEID, DATANAME, COLNUMBER, DATATYPE, DATASIZE, DATASCALE, UNIQUEVALUE, NULLABLE, INDEXES, DESCRIPTION, DATAID, RELEASEID, UNIQUEKEY, INCLUDESQL, COLTYPE, FOLLOWJOHN ) values ( 'DC_E_AFG:((13)):DC_E_AFG_TRUSTEDPROXY:DAYBH', 'tpCntHttpTotalReq_delta', 61, 'numeric', 20, 0, 255, 1, '', 'Counts the total number of Trusted Proxy HTTTP requests.', 'tpCntHttpTotalReq.delta', 'DC_E_AFG:((13))', 0, 1, 'COUNTER', null );
insert into Measurementcolumn ( MTABLEID, DATANAME, COLNUMBER, DATATYPE, DATASIZE, DATASCALE, UNIQUEVALUE, NULLABLE, INDEXES, DESCRIPTION, DATAID, RELEASEID, UNIQUEKEY, INCLUDESQL, COLTYPE, FOLLOWJOHN ) values ( 'DC_E_AFG:((13)):DC_E_AFG_TRUSTEDPROXY:DAYBH', 'tpSubCntImpiVpActSubCount_actual', 62, 'numeric', 24, 4, 255, 1, '', 'Number of active IMPI subscribers using the Trusted Proxy VP', 'tpSubCntImpiVpActSubCount.actual', 'DC_E_AFG:((13))', 0, 1, 'COUNTER', null );
insert into Measurementcolumn ( MTABLEID, DATANAME, COLNUMBER, DATATYPE, DATASIZE, DATASCALE, UNIQUEVALUE, NULLABLE, INDEXES, DESCRIPTION, DATAID, RELEASEID, UNIQUEKEY, INCLUDESQL, COLTYPE, FOLLOWJOHN ) values ( 'DC_E_AFG:((13)):DC_E_AFG_TRUSTEDPROXY:DAYBH', 'tpSubCntImpiVpActSubCount_max', 64, 'numeric', 24, 4, 255, 1, '', 'Number of active IMPI subscribers using the Trusted Proxy VP', 'tpSubCntImpiVpActSubCount.max', 'DC_E_AFG:((13))', 0, 1, 'COUNTER', null );
insert into Measurementcolumn ( MTABLEID, DATANAME, COLNUMBER, DATATYPE, DATASIZE, DATASCALE, UNIQUEVALUE, NULLABLE, INDEXES, DESCRIPTION, DATAID, RELEASEID, UNIQUEKEY, INCLUDESQL, COLTYPE, FOLLOWJOHN ) values ( 'DC_E_AFG:((13)):DC_E_AFG_TRUSTEDPROXY:DAYBH', 'tpSubCntImpiVpActSubCount_min', 63, 'numeric', 24, 4, 255, 1, '', 'Number of active IMPI subscribers using the Trusted Proxy VP', 'tpSubCntImpiVpActSubCount.min', 'DC_E_AFG:((13))', 0, 1, 'COUNTER', null );
insert into Measurementcolumn ( MTABLEID, DATANAME, COLNUMBER, DATATYPE, DATASIZE, DATASCALE, UNIQUEVALUE, NULLABLE, INDEXES, DESCRIPTION, DATAID, RELEASEID, UNIQUEKEY, INCLUDESQL, COLTYPE, FOLLOWJOHN ) values ( 'DC_E_AFG:((13)):DC_E_AFG_TRUSTEDPROXY:DAYBH', 'tpSubCntImpiVpMaxSubCount_actual', 65, 'numeric', 20, 0, 255, 1, '', 'Maximum number of active IMPI subscribers allowed to use the Trusted Proxy VP according to the license available', 'tpSubCntImpiVpMaxSubCount.actual', 'DC_E_AFG:((13))', 0, 1, 'COUNTER', null );
insert into Measurementcolumn ( MTABLEID, DATANAME, COLNUMBER, DATATYPE, DATASIZE, DATASCALE, UNIQUEVALUE, NULLABLE, INDEXES, DESCRIPTION, DATAID, RELEASEID, UNIQUEKEY, INCLUDESQL, COLTYPE, FOLLOWJOHN ) values ( 'DC_E_AFG:((13)):DC_E_AFG_TRUSTEDPROXY:DAYBH', 'tpSubCntImpiVpMaxSubCount_delta', 66, 'numeric', 20, 0, 255, 1, '', 'Maximum number of active IMPI subscribers allowed to use the Trusted Proxy VP according to the license available', 'tpSubCntImpiVpMaxSubCount.delta', 'DC_E_AFG:((13))', 0, 1, 'COUNTER', null );
insert into Measurementcolumn ( MTABLEID, DATANAME, COLNUMBER, DATATYPE, DATASIZE, DATASCALE, UNIQUEVALUE, NULLABLE, INDEXES, DESCRIPTION, DATAID, RELEASEID, UNIQUEKEY, INCLUDESQL, COLTYPE, FOLLOWJOHN ) values ( 'DC_E_AFG:((13)):DC_E_AFG_TRUSTEDPROXY:DAYBH', 'tpSubCntImpuVpActSubCount_actual', 67, 'numeric', 24, 4, 255, 1, '', 'Number of active IMPU subscribers using the Trusted Proxy VP', 'tpSubCntImpuVpActSubCount.actual', 'DC_E_AFG:((13))', 0, 1, 'COUNTER', null );
insert into Measurementcolumn ( MTABLEID, DATANAME, COLNUMBER, DATATYPE, DATASIZE, DATASCALE, UNIQUEVALUE, NULLABLE, INDEXES, DESCRIPTION, DATAID, RELEASEID, UNIQUEKEY, INCLUDESQL, COLTYPE, FOLLOWJOHN ) values ( 'DC_E_AFG:((13)):DC_E_AFG_TRUSTEDPROXY:DAYBH', 'tpSubCntImpuVpActSubCount_max', 69, 'numeric', 24, 4, 255, 1, '', 'Number of active IMPU subscribers using the Trusted Proxy VP', 'tpSubCntImpuVpActSubCount.max', 'DC_E_AFG:((13))', 0, 1, 'COUNTER', null );
insert into Measurementcolumn ( MTABLEID, DATANAME, COLNUMBER, DATATYPE, DATASIZE, DATASCALE, UNIQUEVALUE, NULLABLE, INDEXES, DESCRIPTION, DATAID, RELEASEID, UNIQUEKEY, INCLUDESQL, COLTYPE, FOLLOWJOHN ) values ( 'DC_E_AFG:((13)):DC_E_AFG_TRUSTEDPROXY:DAYBH', 'tpSubCntImpuVpActSubCount_min', 68, 'numeric', 24, 4, 255, 1, '', 'Number of active IMPU subscribers using the Trusted Proxy VP', 'tpSubCntImpuVpActSubCount.min', 'DC_E_AFG:((13))', 0, 1, 'COUNTER', null );
insert into Measurementcolumn ( MTABLEID, DATANAME, COLNUMBER, DATATYPE, DATASIZE, DATASCALE, UNIQUEVALUE, NULLABLE, INDEXES, DESCRIPTION, DATAID, RELEASEID, UNIQUEKEY, INCLUDESQL, COLTYPE, FOLLOWJOHN ) values ( 'DC_E_AFG:((13)):DC_E_AFG_TRUSTEDPROXY:DAYBH', 'tpSubCntImpuVpMaxSubCount_actual', 70, 'numeric', 20, 0, 255, 1, '', 'Maximum number of active IMPU subscribers allowed to use the Trusted Proxy VP according to the license available', 'tpSubCntImpuVpMaxSubCount.actual', 'DC_E_AFG:((13))', 0, 1, 'COUNTER', null );
insert into Measurementcolumn ( MTABLEID, DATANAME, COLNUMBER, DATATYPE, DATASIZE, DATASCALE, UNIQUEVALUE, NULLABLE, INDEXES, DESCRIPTION, DATAID, RELEASEID, UNIQUEKEY, INCLUDESQL, COLTYPE, FOLLOWJOHN ) values ( 'DC_E_AFG:((13)):DC_E_AFG_TRUSTEDPROXY:DAYBH', 'tpSubCntImpuVpMaxSubCount_delta', 71, 'numeric', 20, 0, 255, 1, '', 'Maximum number of active IMPU subscribers allowed to use the Trusted Proxy VP according to the license available', 'tpSubCntImpuVpMaxSubCount.delta', 'DC_E_AFG:((13))', 0, 1, 'COUNTER', null );
insert into Measurementcolumn ( MTABLEID, DATANAME, COLNUMBER, DATATYPE, DATASIZE, DATASCALE, UNIQUEVALUE, NULLABLE, INDEXES, DESCRIPTION, DATAID, RELEASEID, UNIQUEKEY, INCLUDESQL, COLTYPE, FOLLOWJOHN ) values ( 'DC_E_AFG:((13)):DC_E_AFG_TRUSTEDPROXY:RAW', 'BATCH_ID', 12, 'smallint', 0, 0, 255, 1, '', '', 'BATCH_ID', 'BASE_TP_090421', 0, 0, 'PUBLICKEY', null );
insert into Measurementcolumn ( MTABLEID, DATANAME, COLNUMBER, DATATYPE, DATASIZE, DATASCALE, UNIQUEVALUE, NULLABLE, INDEXES, DESCRIPTION, DATAID, RELEASEID, UNIQUEKEY, INCLUDESQL, COLTYPE, FOLLOWJOHN ) values ( 'DC_E_AFG:((13)):DC_E_AFG_TRUSTEDPROXY:RAW', 'DATETIME_ID', 8, 'datetime', 0, 0, 255, 1, 'HG', '', 'DATETIME_ID', 'BASE_TP_090421', 1, 1, 'PUBLICKEY', null );
insert into Measurementcolumn ( MTABLEID, DATANAME, COLNUMBER, DATATYPE, DATASIZE, DATASCALE, UNIQUEVALUE, NULLABLE, INDEXES, DESCRIPTION, DATAID, RELEASEID, UNIQUEKEY, INCLUDESQL, COLTYPE, FOLLOWJOHN ) values ( 'DC_E_AFG:((13)):DC_E_AFG_TRUSTEDPROXY:RAW', 'DATE_ID', 3, 'date', 0, 0, 255, 1, 'LF', '', 'DATE_ID', 'BASE_TP_090421', 0, 0, 'PUBLICKEY', null );
insert into Measurementcolumn ( MTABLEID, DATANAME, COLNUMBER, DATATYPE, DATASIZE, DATASCALE, UNIQUEVALUE, NULLABLE, INDEXES, DESCRIPTION, DATAID, RELEASEID, UNIQUEKEY, INCLUDESQL, COLTYPE, FOLLOWJOHN ) values ( 'DC_E_AFG:((13)):DC_E_AFG_TRUSTEDPROXY:RAW', 'DAY_ID', 6, 'tinyint', 0, 0, 31, 1, 'LF', '', 'DAY_ID', 'BASE_TP_090421', 0, 0, 'PUBLICKEY', null );
insert into Measurementcolumn ( MTABLEID, DATANAME, COLNUMBER, DATATYPE, DATASIZE, DATASCALE, UNIQUEVALUE, NULLABLE, INDEXES, DESCRIPTION, DATAID, RELEASEID, UNIQUEKEY, INCLUDESQL, COLTYPE, FOLLOWJOHN ) values ( 'DC_E_AFG:((13)):DC_E_AFG_TRUSTEDPROXY:RAW', 'DC_RELEASE', 15, 'varchar', 16, 0, 2, 1, 'LF', '', 'DC_RELEASE', 'BASE_TP_090421', 0, 1, 'PUBLICKEY', null );
insert into Measurementcolumn ( MTABLEID, DATANAME, COLNUMBER, DATATYPE, DATASIZE, DATASCALE, UNIQUEVALUE, NULLABLE, INDEXES, DESCRIPTION, DATAID, RELEASEID, UNIQUEKEY, INCLUDESQL, COLTYPE, FOLLOWJOHN ) values ( 'DC_E_AFG:((13)):DC_E_AFG_TRUSTEDPROXY:RAW', 'DC_SOURCE', 16, 'varchar', 16, 0, 2, 1, 'LF', '', 'DC_SOURCE', 'BASE_TP_090421', 0, 1, 'PUBLICKEY', null );
insert into Measurementcolumn ( MTABLEID, DATANAME, COLNUMBER, DATATYPE, DATASIZE, DATASCALE, UNIQUEVALUE, NULLABLE, INDEXES, DESCRIPTION, DATAID, RELEASEID, UNIQUEKEY, INCLUDESQL, COLTYPE, FOLLOWJOHN ) values ( 'DC_E_AFG:((13)):DC_E_AFG_TRUSTEDPROXY:RAW', 'DC_SUSPECTFLAG', 18, 'int', 0, 0, 2, 1, 'LF', '', 'DC_SUSPECTFLAG', 'BASE_TP_090421', 0, 1, 'PUBLICKEY', null );
insert into Measurementcolumn ( MTABLEID, DATANAME, COLNUMBER, DATATYPE, DATASIZE, DATASCALE, UNIQUEVALUE, NULLABLE, INDEXES, DESCRIPTION, DATAID, RELEASEID, UNIQUEKEY, INCLUDESQL, COLTYPE, FOLLOWJOHN ) values ( 'DC_E_AFG:((13)):DC_E_AFG_TRUSTEDPROXY:RAW', 'DC_TIMEZONE', 17, 'varchar', 16, 0, 2, 1, 'LF', '', 'DC_TIMEZONE', 'BASE_TP_090421', 0, 1, 'PUBLICKEY', null );
insert into Measurementcolumn ( MTABLEID, DATANAME, COLNUMBER, DATATYPE, DATASIZE, DATASCALE, UNIQUEVALUE, NULLABLE, INDEXES, DESCRIPTION, DATAID, RELEASEID, UNIQUEKEY, INCLUDESQL, COLTYPE, FOLLOWJOHN ) values ( 'DC_E_AFG:((13)):DC_E_AFG_TRUSTEDPROXY:RAW', 'HOUR_ID', 7, 'tinyint', 0, 0, 24, 1, 'LF', '', 'HOUR_ID', 'BASE_TP_090421', 0, 0, 'PUBLICKEY', null );
insert into Measurementcolumn ( MTABLEID, DATANAME, COLNUMBER, DATATYPE, DATASIZE, DATASCALE, UNIQUEVALUE, NULLABLE, INDEXES, DESCRIPTION, DATAID, RELEASEID, UNIQUEKEY, INCLUDESQL, COLTYPE, FOLLOWJOHN ) values ( 'DC_E_AFG:((13)):DC_E_AFG_TRUSTEDPROXY:RAW', 'MIN_ID', 9, 'tinyint', 0, 0, 60, 1, 'LF', '', 'MIN_ID', 'BASE_TP_090421', 0, 0, 'PUBLICKEY', null );
insert into Measurementcolumn ( MTABLEID, DATANAME, COLNUMBER, DATATYPE, DATASIZE, DATASCALE, UNIQUEVALUE, NULLABLE, INDEXES, DESCRIPTION, DATAID, RELEASEID, UNIQUEKEY, INCLUDESQL, COLTYPE, FOLLOWJOHN ) values ( 'DC_E_AFG:((13)):DC_E_AFG_TRUSTEDPROXY:RAW', 'MONTH_ID', 5, 'tinyint', 0, 0, 12, 1, 'LF', '', 'MONTH_ID', 'BASE_TP_090421', 0, 0, 'PUBLICKEY', null );
insert into Measurementcolumn ( MTABLEID, DATANAME, COLNUMBER, DATATYPE, DATASIZE, DATASCALE, UNIQUEVALUE, NULLABLE, INDEXES, DESCRIPTION, DATAID, RELEASEID, UNIQUEKEY, INCLUDESQL, COLTYPE, FOLLOWJOHN ) values ( 'DC_E_AFG:((13)):DC_E_AFG_TRUSTEDPROXY:RAW', 'NODE_NAME', 2, 'varchar', 50, 0, 255, 1, 'HG', 'Node Name', 'NODE_NAME', 'DC_E_AFG:((13))', 1, 1, 'KEY', null );
insert into Measurementcolumn ( MTABLEID, DATANAME, COLNUMBER, DATATYPE, DATASIZE, DATASCALE, UNIQUEVALUE, NULLABLE, INDEXES, DESCRIPTION, DATAID, RELEASEID, UNIQUEKEY, INCLUDESQL, COLTYPE, FOLLOWJOHN ) values ( 'DC_E_AFG:((13)):DC_E_AFG_TRUSTEDPROXY:RAW', 'OSS_ID', 1, 'varchar', 50, 0, 255, 1, 'HG', 'OSS Id', 'OSS_ID', 'DC_E_AFG:((13))', 1, 1, 'KEY', null );
insert into Measurementcolumn ( MTABLEID, DATANAME, COLNUMBER, DATATYPE, DATASIZE, DATASCALE, UNIQUEVALUE, NULLABLE, INDEXES, DESCRIPTION, DATAID, RELEASEID, UNIQUEKEY, INCLUDESQL, COLTYPE, FOLLOWJOHN ) values ( 'DC_E_AFG:((13)):DC_E_AFG_TRUSTEDPROXY:RAW', 'PERIOD_DURATION', 13, 'unsigned int', 0, 0, 10, 1, '', '', 'PERIOD_DURATION', 'BASE_TP_090421', 0, 1, 'PUBLICKEY', null );
insert into Measurementcolumn ( MTABLEID, DATANAME, COLNUMBER, DATATYPE, DATASIZE, DATASCALE, UNIQUEVALUE, NULLABLE, INDEXES, DESCRIPTION, DATAID, RELEASEID, UNIQUEKEY, INCLUDESQL, COLTYPE, FOLLOWJOHN ) values ( 'DC_E_AFG:((13)):DC_E_AFG_TRUSTEDPROXY:RAW', 'ROWSTATUS', 14, 'varchar', 16, 0, 10, 1, '', '', 'ROWSTATUS', 'BASE_TP_090421', 0, 1, 'PUBLICKEY', null );
insert into Measurementcolumn ( MTABLEID, DATANAME, COLNUMBER, DATATYPE, DATASIZE, DATASCALE, UNIQUEVALUE, NULLABLE, INDEXES, DESCRIPTION, DATAID, RELEASEID, UNIQUEKEY, INCLUDESQL, COLTYPE, FOLLOWJOHN ) values ( 'DC_E_AFG:((13)):DC_E_AFG_TRUSTEDPROXY:RAW', 'SESSION_ID', 11, 'unsigned int', 0, 0, 255, 1, '', '', 'SESSION_ID', 'BASE_TP_090421', 0, 0, 'PUBLICKEY', null );
insert into Measurementcolumn ( MTABLEID, DATANAME, COLNUMBER, DATATYPE, DATASIZE, DATASCALE, UNIQUEVALUE, NULLABLE, INDEXES, DESCRIPTION, DATAID, RELEASEID, UNIQUEKEY, INCLUDESQL, COLTYPE, FOLLOWJOHN ) values ( 'DC_E_AFG:((13)):DC_E_AFG_TRUSTEDPROXY:RAW', 'TIMELEVEL', 10, 'varchar', 10, 0, 10, 1, 'LF', '', 'TIMELEVEL', 'BASE_TP_090421', 0, 0, 'PUBLICKEY', null );
insert into Measurementcolumn ( MTABLEID, DATANAME, COLNUMBER, DATATYPE, DATASIZE, DATASCALE, UNIQUEVALUE, NULLABLE, INDEXES, DESCRIPTION, DATAID, RELEASEID, UNIQUEKEY, INCLUDESQL, COLTYPE, FOLLOWJOHN ) values ( 'DC_E_AFG:((13)):DC_E_AFG_TRUSTEDPROXY:RAW', 'UTC_DATETIME_ID', 19, 'datetime', 0, 0, 255, 1, 'HG', '', 'UTC_DATETIME_ID', 'BASE_TP_090421', 1, 1, 'PUBLICKEY', null );
insert into Measurementcolumn ( MTABLEID, DATANAME, COLNUMBER, DATATYPE, DATASIZE, DATASCALE, UNIQUEVALUE, NULLABLE, INDEXES, DESCRIPTION, DATAID, RELEASEID, UNIQUEKEY, INCLUDESQL, COLTYPE, FOLLOWJOHN ) values ( 'DC_E_AFG:((13)):DC_E_AFG_TRUSTEDPROXY:RAW', 'YEAR_ID', 4, 'smallint', 0, 0, 20, 1, 'LF', '', 'YEAR_ID', 'BASE_TP_090421', 0, 0, 'PUBLICKEY', null );
insert into Measurementcolumn ( MTABLEID, DATANAME, COLNUMBER, DATATYPE, DATASIZE, DATASCALE, UNIQUEVALUE, NULLABLE, INDEXES, DESCRIPTION, DATAID, RELEASEID, UNIQUEKEY, INCLUDESQL, COLTYPE, FOLLOWJOHN ) values ( 'DC_E_AFG:((13)):DC_E_AFG_TRUSTEDPROXY:RAW', 'tpAuthCntAuthFailed403_actual', 22, 'numeric', 20, 0, 255, 1, '', 'Counts the number of Trusted Proxy authentication failures with error code 403.', 'tpAuthCntAuthFailed403.actual', 'DC_E_AFG:((13))', 0, 1, 'COUNTER', null );
insert into Measurementcolumn ( MTABLEID, DATANAME, COLNUMBER, DATATYPE, DATASIZE, DATASCALE, UNIQUEVALUE, NULLABLE, INDEXES, DESCRIPTION, DATAID, RELEASEID, UNIQUEKEY, INCLUDESQL, COLTYPE, FOLLOWJOHN ) values ( 'DC_E_AFG:((13)):DC_E_AFG_TRUSTEDPROXY:RAW', 'tpAuthCntAuthFailed403_delta', 23, 'numeric', 20, 0, 255, 1, '', 'Counts the number of Trusted Proxy authentication failures with error code 403.', 'tpAuthCntAuthFailed403.delta', 'DC_E_AFG:((13))', 0, 1, 'COUNTER', null );
insert into Measurementcolumn ( MTABLEID, DATANAME, COLNUMBER, DATATYPE, DATASIZE, DATASCALE, UNIQUEVALUE, NULLABLE, INDEXES, DESCRIPTION, DATAID, RELEASEID, UNIQUEKEY, INCLUDESQL, COLTYPE, FOLLOWJOHN ) values ( 'DC_E_AFG:((13)):DC_E_AFG_TRUSTEDPROXY:RAW', 'tpAuthCntAuthFailed_actual', 20, 'numeric', 20, 0, 255, 1, '', 'Counts the total number of Trusted Proxy authentication failures.', 'tpAuthCntAuthFailed.actual', 'DC_E_AFG:((13))', 0, 1, 'COUNTER', null );
insert into Measurementcolumn ( MTABLEID, DATANAME, COLNUMBER, DATATYPE, DATASIZE, DATASCALE, UNIQUEVALUE, NULLABLE, INDEXES, DESCRIPTION, DATAID, RELEASEID, UNIQUEKEY, INCLUDESQL, COLTYPE, FOLLOWJOHN ) values ( 'DC_E_AFG:((13)):DC_E_AFG_TRUSTEDPROXY:RAW', 'tpAuthCntAuthFailed_delta', 21, 'numeric', 20, 0, 255, 1, '', 'Counts the total number of Trusted Proxy authentication failures.', 'tpAuthCntAuthFailed.delta', 'DC_E_AFG:((13))', 0, 1, 'COUNTER', null );
insert into Measurementcolumn ( MTABLEID, DATANAME, COLNUMBER, DATATYPE, DATASIZE, DATASCALE, UNIQUEVALUE, NULLABLE, INDEXES, DESCRIPTION, DATAID, RELEASEID, UNIQUEKEY, INCLUDESQL, COLTYPE, FOLLOWJOHN ) values ( 'DC_E_AFG:((13)):DC_E_AFG_TRUSTEDPROXY:RAW', 'tpAuthCntAuthGbaDigestReq_actual', 24, 'numeric', 20, 0, 255, 1, '', 'Counts the number of Trusted Proxy GBA Digest authentication requests.', 'tpAuthCntAuthGbaDigestReq.actual', 'DC_E_AFG:((13))', 0, 1, 'COUNTER', null );
insert into Measurementcolumn ( MTABLEID, DATANAME, COLNUMBER, DATATYPE, DATASIZE, DATASCALE, UNIQUEVALUE, NULLABLE, INDEXES, DESCRIPTION, DATAID, RELEASEID, UNIQUEKEY, INCLUDESQL, COLTYPE, FOLLOWJOHN ) values ( 'DC_E_AFG:((13)):DC_E_AFG_TRUSTEDPROXY:RAW', 'tpAuthCntAuthGbaDigestReq_delta', 25, 'numeric', 20, 0, 255, 1, '', 'Counts the number of Trusted Proxy GBA Digest authentication requests.', 'tpAuthCntAuthGbaDigestReq.delta', 'DC_E_AFG:((13))', 0, 1, 'COUNTER', null );
insert into Measurementcolumn ( MTABLEID, DATANAME, COLNUMBER, DATATYPE, DATASIZE, DATASCALE, UNIQUEVALUE, NULLABLE, INDEXES, DESCRIPTION, DATAID, RELEASEID, UNIQUEKEY, INCLUDESQL, COLTYPE, FOLLOWJOHN ) values ( 'DC_E_AFG:((13)):DC_E_AFG_TRUSTEDPROXY:RAW', 'tpAuthCntAuthGbaMeBasedReq_actual', 26, 'numeric', 20, 0, 255, 1, '', 'Counts the number of Trusted Proxy ME-based GBA authentication requests, where the client application resides in the ME.', 'tpAuthCntAuthGbaMeBasedReq.actual', 'DC_E_AFG:((13))', 0, 1, 'COUNTER', null );
insert into Measurementcolumn ( MTABLEID, DATANAME, COLNUMBER, DATATYPE, DATASIZE, DATASCALE, UNIQUEVALUE, NULLABLE, INDEXES, DESCRIPTION, DATAID, RELEASEID, UNIQUEKEY, INCLUDESQL, COLTYPE, FOLLOWJOHN ) values ( 'DC_E_AFG:((13)):DC_E_AFG_TRUSTEDPROXY:RAW', 'tpAuthCntAuthGbaMeBasedReq_delta', 27, 'numeric', 20, 0, 255, 1, '', 'Counts the number of Trusted Proxy ME-based GBA authentication requests, where the client application resides in the ME.', 'tpAuthCntAuthGbaMeBasedReq.delta', 'DC_E_AFG:((13))', 0, 1, 'COUNTER', null );
insert into Measurementcolumn ( MTABLEID, DATANAME, COLNUMBER, DATATYPE, DATASIZE, DATASCALE, UNIQUEVALUE, NULLABLE, INDEXES, DESCRIPTION, DATAID, RELEASEID, UNIQUEKEY, INCLUDESQL, COLTYPE, FOLLOWJOHN ) values ( 'DC_E_AFG:((13)):DC_E_AFG_TRUSTEDPROXY:RAW', 'tpAuthCntAuthGbaReq_actual', 28, 'numeric', 20, 0, 255, 1, '', 'Counts the total number of Trusted Proxy GBA authentication requests.', 'tpAuthCntAuthGbaReq.actual', 'DC_E_AFG:((13))', 0, 1, 'COUNTER', null );
insert into Measurementcolumn ( MTABLEID, DATANAME, COLNUMBER, DATATYPE, DATASIZE, DATASCALE, UNIQUEVALUE, NULLABLE, INDEXES, DESCRIPTION, DATAID, RELEASEID, UNIQUEKEY, INCLUDESQL, COLTYPE, FOLLOWJOHN ) values ( 'DC_E_AFG:((13)):DC_E_AFG_TRUSTEDPROXY:RAW', 'tpAuthCntAuthGbaReq_delta', 29, 'numeric', 20, 0, 255, 1, '', 'Counts the total number of Trusted Proxy GBA authentication requests.', 'tpAuthCntAuthGbaReq.delta', 'DC_E_AFG:((13))', 0, 1, 'COUNTER', null );
insert into Measurementcolumn ( MTABLEID, DATANAME, COLNUMBER, DATATYPE, DATASIZE, DATASCALE, UNIQUEVALUE, NULLABLE, INDEXES, DESCRIPTION, DATAID, RELEASEID, UNIQUEKEY, INCLUDESQL, COLTYPE, FOLLOWJOHN ) values ( 'DC_E_AFG:((13)):DC_E_AFG_TRUSTEDPROXY:RAW', 'tpAuthCntAuthGibaReq_actual', 30, 'numeric', 20, 0, 255, 1, '', 'Counts the number of Trusted Proxy GIBA authentication requests.', 'tpAuthCntAuthGibaReq.actual', 'DC_E_AFG:((13))', 0, 1, 'COUNTER', null );
insert into Measurementcolumn ( MTABLEID, DATANAME, COLNUMBER, DATATYPE, DATASIZE, DATASCALE, UNIQUEVALUE, NULLABLE, INDEXES, DESCRIPTION, DATAID, RELEASEID, UNIQUEKEY, INCLUDESQL, COLTYPE, FOLLOWJOHN ) values ( 'DC_E_AFG:((13)):DC_E_AFG_TRUSTEDPROXY:RAW', 'tpAuthCntAuthGibaReq_delta', 31, 'numeric', 20, 0, 255, 1, '', 'Counts the number of Trusted Proxy GIBA authentication requests.', 'tpAuthCntAuthGibaReq.delta', 'DC_E_AFG:((13))', 0, 1, 'COUNTER', null );
insert into Measurementcolumn ( MTABLEID, DATANAME, COLNUMBER, DATATYPE, DATASIZE, DATASCALE, UNIQUEVALUE, NULLABLE, INDEXES, DESCRIPTION, DATAID, RELEASEID, UNIQUEKEY, INCLUDESQL, COLTYPE, FOLLOWJOHN ) values ( 'DC_E_AFG:((13)):DC_E_AFG_TRUSTEDPROXY:RAW', 'tpAuthCntAuthReq_actual', 32, 'numeric', 20, 0, 255, 1, '', 'Counts the total number of Trusted Proxy authentication requests.', 'tpAuthCntAuthReq.actual', 'DC_E_AFG:((13))', 0, 1, 'COUNTER', null );
insert into Measurementcolumn ( MTABLEID, DATANAME, COLNUMBER, DATATYPE, DATASIZE, DATASCALE, UNIQUEVALUE, NULLABLE, INDEXES, DESCRIPTION, DATAID, RELEASEID, UNIQUEKEY, INCLUDESQL, COLTYPE, FOLLOWJOHN ) values ( 'DC_E_AFG:((13)):DC_E_AFG_TRUSTEDPROXY:RAW', 'tpAuthCntAuthReq_delta', 33, 'numeric', 20, 0, 255, 1, '', 'Counts the total number of Trusted Proxy authentication requests.', 'tpAuthCntAuthReq.delta', 'DC_E_AFG:((13))', 0, 1, 'COUNTER', null );
insert into Measurementcolumn ( MTABLEID, DATANAME, COLNUMBER, DATATYPE, DATASIZE, DATASCALE, UNIQUEVALUE, NULLABLE, INDEXES, DESCRIPTION, DATAID, RELEASEID, UNIQUEKEY, INCLUDESQL, COLTYPE, FOLLOWJOHN ) values ( 'DC_E_AFG:((13)):DC_E_AFG_TRUSTEDPROXY:RAW', 'tpAuthCntAuthResp_actual', 34, 'numeric', 20, 0, 255, 1, '', 'Counts the total number of Trusted Proxy authentication responses.', 'tpAuthCntAuthResp.actual', 'DC_E_AFG:((13))', 0, 1, 'COUNTER', null );
insert into Measurementcolumn ( MTABLEID, DATANAME, COLNUMBER, DATATYPE, DATASIZE, DATASCALE, UNIQUEVALUE, NULLABLE, INDEXES, DESCRIPTION, DATAID, RELEASEID, UNIQUEKEY, INCLUDESQL, COLTYPE, FOLLOWJOHN ) values ( 'DC_E_AFG:((13)):DC_E_AFG_TRUSTEDPROXY:RAW', 'tpAuthCntAuthResp_delta', 35, 'numeric', 20, 0, 255, 1, '', 'Counts the total number of Trusted Proxy authentication responses.', 'tpAuthCntAuthResp.delta', 'DC_E_AFG:((13))', 0, 1, 'COUNTER', null );
insert into Measurementcolumn ( MTABLEID, DATANAME, COLNUMBER, DATATYPE, DATASIZE, DATASCALE, UNIQUEVALUE, NULLABLE, INDEXES, DESCRIPTION, DATAID, RELEASEID, UNIQUEKEY, INCLUDESQL, COLTYPE, FOLLOWJOHN ) values ( 'DC_E_AFG:((13)):DC_E_AFG_TRUSTEDPROXY:RAW', 'tpAuthCntAuthZxDigestReq_actual', 36, 'numeric', 20, 0, 255, 1, '', 'Counts the number of Trusted Proxy Zx Digest authentication requests.', 'tpAuthCntAuthZxDigestReq.actual', 'DC_E_AFG:((13))', 0, 1, 'COUNTER', null );
insert into Measurementcolumn ( MTABLEID, DATANAME, COLNUMBER, DATATYPE, DATASIZE, DATASCALE, UNIQUEVALUE, NULLABLE, INDEXES, DESCRIPTION, DATAID, RELEASEID, UNIQUEKEY, INCLUDESQL, COLTYPE, FOLLOWJOHN ) values ( 'DC_E_AFG:((13)):DC_E_AFG_TRUSTEDPROXY:RAW', 'tpAuthCntAuthZxDigestReq_delta', 37, 'numeric', 20, 0, 255, 1, '', 'Counts the number of Trusted Proxy Zx Digest authentication requests.', 'tpAuthCntAuthZxDigestReq.delta', 'DC_E_AFG:((13))', 0, 1, 'COUNTER', null );
insert into Measurementcolumn ( MTABLEID, DATANAME, COLNUMBER, DATATYPE, DATASIZE, DATASCALE, UNIQUEVALUE, NULLABLE, INDEXES, DESCRIPTION, DATAID, RELEASEID, UNIQUEKEY, INCLUDESQL, COLTYPE, FOLLOWJOHN ) values ( 'DC_E_AFG:((13)):DC_E_AFG_TRUSTEDPROXY:RAW', 'tpAuthCntAuthZxSsoReq_actual', 38, 'numeric', 20, 0, 255, 1, '', 'Counts the number of Trusted Proxy Zx SSO authentication requests.', 'tpAuthCntAuthZxSsoReq.actual', 'DC_E_AFG:((13))', 0, 1, 'COUNTER', null );
insert into Measurementcolumn ( MTABLEID, DATANAME, COLNUMBER, DATATYPE, DATASIZE, DATASCALE, UNIQUEVALUE, NULLABLE, INDEXES, DESCRIPTION, DATAID, RELEASEID, UNIQUEKEY, INCLUDESQL, COLTYPE, FOLLOWJOHN ) values ( 'DC_E_AFG:((13)):DC_E_AFG_TRUSTEDPROXY:RAW', 'tpAuthCntAuthZxSsoReq_delta', 39, 'numeric', 20, 0, 255, 1, '', 'Counts the number of Trusted Proxy Zx SSO authentication requests.', 'tpAuthCntAuthZxSsoReq.delta', 'DC_E_AFG:((13))', 0, 1, 'COUNTER', null );
insert into Measurementcolumn ( MTABLEID, DATANAME, COLNUMBER, DATATYPE, DATASIZE, DATASCALE, UNIQUEVALUE, NULLABLE, INDEXES, DESCRIPTION, DATAID, RELEASEID, UNIQUEKEY, INCLUDESQL, COLTYPE, FOLLOWJOHN ) values ( 'DC_E_AFG:((13)):DC_E_AFG_TRUSTEDPROXY:RAW', 'tpAuthCntZnReq_actual', 40, 'numeric', 20, 0, 255, 1, '', 'Counts the number of Trusted Proxy Zn requests to the BSF.', 'tpAuthCntZnReq.actual', 'DC_E_AFG:((13))', 0, 1, 'COUNTER', null );
insert into Measurementcolumn ( MTABLEID, DATANAME, COLNUMBER, DATATYPE, DATASIZE, DATASCALE, UNIQUEVALUE, NULLABLE, INDEXES, DESCRIPTION, DATAID, RELEASEID, UNIQUEKEY, INCLUDESQL, COLTYPE, FOLLOWJOHN ) values ( 'DC_E_AFG:((13)):DC_E_AFG_TRUSTEDPROXY:RAW', 'tpAuthCntZnReq_delta', 41, 'numeric', 20, 0, 255, 1, '', 'Counts the number of Trusted Proxy Zn requests to the BSF.', 'tpAuthCntZnReq.delta', 'DC_E_AFG:((13))', 0, 1, 'COUNTER', null );
insert into Measurementcolumn ( MTABLEID, DATANAME, COLNUMBER, DATATYPE, DATASIZE, DATASCALE, UNIQUEVALUE, NULLABLE, INDEXES, DESCRIPTION, DATAID, RELEASEID, UNIQUEKEY, INCLUDESQL, COLTYPE, FOLLOWJOHN ) values ( 'DC_E_AFG:((13)):DC_E_AFG_TRUSTEDPROXY:RAW', 'tpCntHttpDeleteReq_actual', 42, 'numeric', 20, 0, 255, 1, '', 'Counts the number of Trusted Proxy HTTP DELETE requests.', 'tpCntHttpDeleteReq.actual', 'DC_E_AFG:((13))', 0, 1, 'COUNTER', null );
insert into Measurementcolumn ( MTABLEID, DATANAME, COLNUMBER, DATATYPE, DATASIZE, DATASCALE, UNIQUEVALUE, NULLABLE, INDEXES, DESCRIPTION, DATAID, RELEASEID, UNIQUEKEY, INCLUDESQL, COLTYPE, FOLLOWJOHN ) values ( 'DC_E_AFG:((13)):DC_E_AFG_TRUSTEDPROXY:RAW', 'tpCntHttpDeleteReq_delta', 43, 'numeric', 20, 0, 255, 1, '', 'Counts the number of Trusted Proxy HTTP DELETE requests.', 'tpCntHttpDeleteReq.delta', 'DC_E_AFG:((13))', 0, 1, 'COUNTER', null );
insert into Measurementcolumn ( MTABLEID, DATANAME, COLNUMBER, DATATYPE, DATASIZE, DATASCALE, UNIQUEVALUE, NULLABLE, INDEXES, DESCRIPTION, DATAID, RELEASEID, UNIQUEKEY, INCLUDESQL, COLTYPE, FOLLOWJOHN ) values ( 'DC_E_AFG:((13)):DC_E_AFG_TRUSTEDPROXY:RAW', 'tpCntHttpDsFailedResp_actual', 44, 'numeric', 20, 0, 255, 1, '', 'Counts the number of Trusted Proxy requests not receiving a 2xx response from the destination servers.', 'tpCntHttpDsFailedResp.actual', 'DC_E_AFG:((13))', 0, 1, 'COUNTER', null );
insert into Measurementcolumn ( MTABLEID, DATANAME, COLNUMBER, DATATYPE, DATASIZE, DATASCALE, UNIQUEVALUE, NULLABLE, INDEXES, DESCRIPTION, DATAID, RELEASEID, UNIQUEKEY, INCLUDESQL, COLTYPE, FOLLOWJOHN ) values ( 'DC_E_AFG:((13)):DC_E_AFG_TRUSTEDPROXY:RAW', 'tpCntHttpDsFailedResp_delta', 45, 'numeric', 20, 0, 255, 1, '', 'Counts the number of Trusted Proxy requests not receiving a 2xx response from the destination servers.', 'tpCntHttpDsFailedResp.delta', 'DC_E_AFG:((13))', 0, 1, 'COUNTER', null );
insert into Measurementcolumn ( MTABLEID, DATANAME, COLNUMBER, DATATYPE, DATASIZE, DATASCALE, UNIQUEVALUE, NULLABLE, INDEXES, DESCRIPTION, DATAID, RELEASEID, UNIQUEKEY, INCLUDESQL, COLTYPE, FOLLOWJOHN ) values ( 'DC_E_AFG:((13)):DC_E_AFG_TRUSTEDPROXY:RAW', 'tpCntHttpFailedResp_actual', 46, 'numeric', 20, 0, 255, 1, '', 'Counts the number of all Trusted Proxy requests not receiving a 2xx response.', 'tpCntHttpFailedResp.actual', 'DC_E_AFG:((13))', 0, 1, 'COUNTER', null );
insert into Measurementcolumn ( MTABLEID, DATANAME, COLNUMBER, DATATYPE, DATASIZE, DATASCALE, UNIQUEVALUE, NULLABLE, INDEXES, DESCRIPTION, DATAID, RELEASEID, UNIQUEKEY, INCLUDESQL, COLTYPE, FOLLOWJOHN ) values ( 'DC_E_AFG:((13)):DC_E_AFG_TRUSTEDPROXY:RAW', 'tpCntHttpFailedResp_delta', 47, 'numeric', 20, 0, 255, 1, '', 'Counts the number of all Trusted Proxy requests not receiving a 2xx response.', 'tpCntHttpFailedResp.delta', 'DC_E_AFG:((13))', 0, 1, 'COUNTER', null );
insert into Measurementcolumn ( MTABLEID, DATANAME, COLNUMBER, DATATYPE, DATASIZE, DATASCALE, UNIQUEVALUE, NULLABLE, INDEXES, DESCRIPTION, DATAID, RELEASEID, UNIQUEKEY, INCLUDESQL, COLTYPE, FOLLOWJOHN ) values ( 'DC_E_AFG:((13)):DC_E_AFG_TRUSTEDPROXY:RAW', 'tpCntHttpFwdReq_actual', 48, 'numeric', 20, 0, 255, 1, '', 'Counts the number of Trusted Proxy requests forwarded to the destination servers.', 'tpCntHttpFwdReq.actual', 'DC_E_AFG:((13))', 0, 1, 'COUNTER', null );
insert into Measurementcolumn ( MTABLEID, DATANAME, COLNUMBER, DATATYPE, DATASIZE, DATASCALE, UNIQUEVALUE, NULLABLE, INDEXES, DESCRIPTION, DATAID, RELEASEID, UNIQUEKEY, INCLUDESQL, COLTYPE, FOLLOWJOHN ) values ( 'DC_E_AFG:((13)):DC_E_AFG_TRUSTEDPROXY:RAW', 'tpCntHttpFwdReq_delta', 49, 'numeric', 20, 0, 255, 1, '', 'Counts the number of Trusted Proxy requests forwarded to the destination servers.', 'tpCntHttpFwdReq.delta', 'DC_E_AFG:((13))', 0, 1, 'COUNTER', null );
insert into Measurementcolumn ( MTABLEID, DATANAME, COLNUMBER, DATATYPE, DATASIZE, DATASCALE, UNIQUEVALUE, NULLABLE, INDEXES, DESCRIPTION, DATAID, RELEASEID, UNIQUEKEY, INCLUDESQL, COLTYPE, FOLLOWJOHN ) values ( 'DC_E_AFG:((13)):DC_E_AFG_TRUSTEDPROXY:RAW', 'tpCntHttpGetReq_actual', 50, 'numeric', 20, 0, 255, 1, '', 'Counts the number of Trusted Proxy HTTP GET requests.', 'tpCntHttpGetReq.actual', 'DC_E_AFG:((13))', 0, 1, 'COUNTER', null );
insert into Measurementcolumn ( MTABLEID, DATANAME, COLNUMBER, DATATYPE, DATASIZE, DATASCALE, UNIQUEVALUE, NULLABLE, INDEXES, DESCRIPTION, DATAID, RELEASEID, UNIQUEKEY, INCLUDESQL, COLTYPE, FOLLOWJOHN ) values ( 'DC_E_AFG:((13)):DC_E_AFG_TRUSTEDPROXY:RAW', 'tpCntHttpGetReq_delta', 51, 'numeric', 20, 0, 255, 1, '', 'Counts the number of Trusted Proxy HTTP GET requests.', 'tpCntHttpGetReq.delta', 'DC_E_AFG:((13))', 0, 1, 'COUNTER', null );
insert into Measurementcolumn ( MTABLEID, DATANAME, COLNUMBER, DATATYPE, DATASIZE, DATASCALE, UNIQUEVALUE, NULLABLE, INDEXES, DESCRIPTION, DATAID, RELEASEID, UNIQUEKEY, INCLUDESQL, COLTYPE, FOLLOWJOHN ) values ( 'DC_E_AFG:((13)):DC_E_AFG_TRUSTEDPROXY:RAW', 'tpCntHttpOtherReq_actual', 52, 'numeric', 20, 0, 255, 1, '', 'Counts the number of Trusted Proxy requests with other HTTP methods.', 'tpCntHttpOtherReq.actual', 'DC_E_AFG:((13))', 0, 1, 'COUNTER', null );
insert into Measurementcolumn ( MTABLEID, DATANAME, COLNUMBER, DATATYPE, DATASIZE, DATASCALE, UNIQUEVALUE, NULLABLE, INDEXES, DESCRIPTION, DATAID, RELEASEID, UNIQUEKEY, INCLUDESQL, COLTYPE, FOLLOWJOHN ) values ( 'DC_E_AFG:((13)):DC_E_AFG_TRUSTEDPROXY:RAW', 'tpCntHttpOtherReq_delta', 53, 'numeric', 20, 0, 255, 1, '', 'Counts the number of Trusted Proxy requests with other HTTP methods.', 'tpCntHttpOtherReq.delta', 'DC_E_AFG:((13))', 0, 1, 'COUNTER', null );
insert into Measurementcolumn ( MTABLEID, DATANAME, COLNUMBER, DATATYPE, DATASIZE, DATASCALE, UNIQUEVALUE, NULLABLE, INDEXES, DESCRIPTION, DATAID, RELEASEID, UNIQUEKEY, INCLUDESQL, COLTYPE, FOLLOWJOHN ) values ( 'DC_E_AFG:((13)):DC_E_AFG_TRUSTEDPROXY:RAW', 'tpCntHttpPostReq_actual', 54, 'numeric', 20, 0, 255, 1, '', 'Counts the number of Trusted Proxy HTTP POST requests.', 'tpCntHttpPostReq.actual', 'DC_E_AFG:((13))', 0, 1, 'COUNTER', null );
insert into Measurementcolumn ( MTABLEID, DATANAME, COLNUMBER, DATATYPE, DATASIZE, DATASCALE, UNIQUEVALUE, NULLABLE, INDEXES, DESCRIPTION, DATAID, RELEASEID, UNIQUEKEY, INCLUDESQL, COLTYPE, FOLLOWJOHN ) values ( 'DC_E_AFG:((13)):DC_E_AFG_TRUSTEDPROXY:RAW', 'tpCntHttpPostReq_delta', 55, 'numeric', 20, 0, 255, 1, '', 'Counts the number of Trusted Proxy HTTP POST requests.', 'tpCntHttpPostReq.delta', 'DC_E_AFG:((13))', 0, 1, 'COUNTER', null );
insert into Measurementcolumn ( MTABLEID, DATANAME, COLNUMBER, DATATYPE, DATASIZE, DATASCALE, UNIQUEVALUE, NULLABLE, INDEXES, DESCRIPTION, DATAID, RELEASEID, UNIQUEKEY, INCLUDESQL, COLTYPE, FOLLOWJOHN ) values ( 'DC_E_AFG:((13)):DC_E_AFG_TRUSTEDPROXY:RAW', 'tpCntHttpPutReq_actual', 56, 'numeric', 20, 0, 255, 1, '', 'Counts the number of Trusted Proxy HTTP PUT requests.', 'tpCntHttpPutReq.actual', 'DC_E_AFG:((13))', 0, 1, 'COUNTER', null );
insert into Measurementcolumn ( MTABLEID, DATANAME, COLNUMBER, DATATYPE, DATASIZE, DATASCALE, UNIQUEVALUE, NULLABLE, INDEXES, DESCRIPTION, DATAID, RELEASEID, UNIQUEKEY, INCLUDESQL, COLTYPE, FOLLOWJOHN ) values ( 'DC_E_AFG:((13)):DC_E_AFG_TRUSTEDPROXY:RAW', 'tpCntHttpPutReq_delta', 57, 'numeric', 20, 0, 255, 1, '', 'Counts the number of Trusted Proxy HTTP PUT requests.', 'tpCntHttpPutReq.delta', 'DC_E_AFG:((13))', 0, 1, 'COUNTER', null );
insert into Measurementcolumn ( MTABLEID, DATANAME, COLNUMBER, DATATYPE, DATASIZE, DATASCALE, UNIQUEVALUE, NULLABLE, INDEXES, DESCRIPTION, DATAID, RELEASEID, UNIQUEKEY, INCLUDESQL, COLTYPE, FOLLOWJOHN ) values ( 'DC_E_AFG:((13)):DC_E_AFG_TRUSTEDPROXY:RAW', 'tpCntHttpTotalReq_actual', 58, 'numeric', 20, 0, 255, 1, '', 'Counts the total number of Trusted Proxy HTTTP requests.', 'tpCntHttpTotalReq.actual', 'DC_E_AFG:((13))', 0, 1, 'COUNTER', null );
insert into Measurementcolumn ( MTABLEID, DATANAME, COLNUMBER, DATATYPE, DATASIZE, DATASCALE, UNIQUEVALUE, NULLABLE, INDEXES, DESCRIPTION, DATAID, RELEASEID, UNIQUEKEY, INCLUDESQL, COLTYPE, FOLLOWJOHN ) values ( 'DC_E_AFG:((13)):DC_E_AFG_TRUSTEDPROXY:RAW', 'tpCntHttpTotalReq_delta', 59, 'numeric', 20, 0, 255, 1, '', 'Counts the total number of Trusted Proxy HTTTP requests.', 'tpCntHttpTotalReq.delta', 'DC_E_AFG:((13))', 0, 1, 'COUNTER', null );
insert into Measurementcolumn ( MTABLEID, DATANAME, COLNUMBER, DATATYPE, DATASIZE, DATASCALE, UNIQUEVALUE, NULLABLE, INDEXES, DESCRIPTION, DATAID, RELEASEID, UNIQUEKEY, INCLUDESQL, COLTYPE, FOLLOWJOHN ) values ( 'DC_E_AFG:((13)):DC_E_AFG_TRUSTEDPROXY:RAW', 'tpSubCntImpiVpActSubCount_actual', 60, 'numeric', 24, 4, 255, 1, '', 'Number of active IMPI subscribers using the Trusted Proxy VP', 'tpSubCntImpiVpActSubCount.actual', 'DC_E_AFG:((13))', 0, 1, 'COUNTER', null );
insert into Measurementcolumn ( MTABLEID, DATANAME, COLNUMBER, DATATYPE, DATASIZE, DATASCALE, UNIQUEVALUE, NULLABLE, INDEXES, DESCRIPTION, DATAID, RELEASEID, UNIQUEKEY, INCLUDESQL, COLTYPE, FOLLOWJOHN ) values ( 'DC_E_AFG:((13)):DC_E_AFG_TRUSTEDPROXY:RAW', 'tpSubCntImpiVpActSubCount_max', 62, 'numeric', 24, 4, 255, 1, '', 'Number of active IMPI subscribers using the Trusted Proxy VP', 'tpSubCntImpiVpActSubCount.max', 'DC_E_AFG:((13))', 0, 1, 'COUNTER', null );
insert into Measurementcolumn ( MTABLEID, DATANAME, COLNUMBER, DATATYPE, DATASIZE, DATASCALE, UNIQUEVALUE, NULLABLE, INDEXES, DESCRIPTION, DATAID, RELEASEID, UNIQUEKEY, INCLUDESQL, COLTYPE, FOLLOWJOHN ) values ( 'DC_E_AFG:((13)):DC_E_AFG_TRUSTEDPROXY:RAW', 'tpSubCntImpiVpActSubCount_min', 61, 'numeric', 24, 4, 255, 1, '', 'Number of active IMPI subscribers using the Trusted Proxy VP', 'tpSubCntImpiVpActSubCount.min', 'DC_E_AFG:((13))', 0, 1, 'COUNTER', null );
insert into Measurementcolumn ( MTABLEID, DATANAME, COLNUMBER, DATATYPE, DATASIZE, DATASCALE, UNIQUEVALUE, NULLABLE, INDEXES, DESCRIPTION, DATAID, RELEASEID, UNIQUEKEY, INCLUDESQL, COLTYPE, FOLLOWJOHN ) values ( 'DC_E_AFG:((13)):DC_E_AFG_TRUSTEDPROXY:RAW', 'tpSubCntImpiVpMaxSubCount_actual', 63, 'numeric', 20, 0, 255, 1, '', 'Maximum number of active IMPI subscribers allowed to use the Trusted Proxy VP according to the license available', 'tpSubCntImpiVpMaxSubCount.actual', 'DC_E_AFG:((13))', 0, 1, 'COUNTER', null );
insert into Measurementcolumn ( MTABLEID, DATANAME, COLNUMBER, DATATYPE, DATASIZE, DATASCALE, UNIQUEVALUE, NULLABLE, INDEXES, DESCRIPTION, DATAID, RELEASEID, UNIQUEKEY, INCLUDESQL, COLTYPE, FOLLOWJOHN ) values ( 'DC_E_AFG:((13)):DC_E_AFG_TRUSTEDPROXY:RAW', 'tpSubCntImpiVpMaxSubCount_delta', 64, 'numeric', 20, 0, 255, 1, '', 'Maximum number of active IMPI subscribers allowed to use the Trusted Proxy VP according to the license available', 'tpSubCntImpiVpMaxSubCount.delta', 'DC_E_AFG:((13))', 0, 1, 'COUNTER', null );
insert into Measurementcolumn ( MTABLEID, DATANAME, COLNUMBER, DATATYPE, DATASIZE, DATASCALE, UNIQUEVALUE, NULLABLE, INDEXES, DESCRIPTION, DATAID, RELEASEID, UNIQUEKEY, INCLUDESQL, COLTYPE, FOLLOWJOHN ) values ( 'DC_E_AFG:((13)):DC_E_AFG_TRUSTEDPROXY:RAW', 'tpSubCntImpuVpActSubCount_actual', 65, 'numeric', 24, 4, 255, 1, '', 'Number of active IMPU subscribers using the Trusted Proxy VP', 'tpSubCntImpuVpActSubCount.actual', 'DC_E_AFG:((13))', 0, 1, 'COUNTER', null );
insert into Measurementcolumn ( MTABLEID, DATANAME, COLNUMBER, DATATYPE, DATASIZE, DATASCALE, UNIQUEVALUE, NULLABLE, INDEXES, DESCRIPTION, DATAID, RELEASEID, UNIQUEKEY, INCLUDESQL, COLTYPE, FOLLOWJOHN ) values ( 'DC_E_AFG:((13)):DC_E_AFG_TRUSTEDPROXY:RAW', 'tpSubCntImpuVpActSubCount_max', 67, 'numeric', 24, 4, 255, 1, '', 'Number of active IMPU subscribers using the Trusted Proxy VP', 'tpSubCntImpuVpActSubCount.max', 'DC_E_AFG:((13))', 0, 1, 'COUNTER', null );
insert into Measurementcolumn ( MTABLEID, DATANAME, COLNUMBER, DATATYPE, DATASIZE, DATASCALE, UNIQUEVALUE, NULLABLE, INDEXES, DESCRIPTION, DATAID, RELEASEID, UNIQUEKEY, INCLUDESQL, COLTYPE, FOLLOWJOHN ) values ( 'DC_E_AFG:((13)):DC_E_AFG_TRUSTEDPROXY:RAW', 'tpSubCntImpuVpActSubCount_min', 66, 'numeric', 24, 4, 255, 1, '', 'Number of active IMPU subscribers using the Trusted Proxy VP', 'tpSubCntImpuVpActSubCount.min', 'DC_E_AFG:((13))', 0, 1, 'COUNTER', null );
insert into Measurementcolumn ( MTABLEID, DATANAME, COLNUMBER, DATATYPE, DATASIZE, DATASCALE, UNIQUEVALUE, NULLABLE, INDEXES, DESCRIPTION, DATAID, RELEASEID, UNIQUEKEY, INCLUDESQL, COLTYPE, FOLLOWJOHN ) values ( 'DC_E_AFG:((13)):DC_E_AFG_TRUSTEDPROXY:RAW', 'tpSubCntImpuVpMaxSubCount_actual', 68, 'numeric', 20, 0, 255, 1, '', 'Maximum number of active IMPU subscribers allowed to use the Trusted Proxy VP according to the license available', 'tpSubCntImpuVpMaxSubCount.actual', 'DC_E_AFG:((13))', 0, 1, 'COUNTER', null );
insert into Measurementcolumn ( MTABLEID, DATANAME, COLNUMBER, DATATYPE, DATASIZE, DATASCALE, UNIQUEVALUE, NULLABLE, INDEXES, DESCRIPTION, DATAID, RELEASEID, UNIQUEKEY, INCLUDESQL, COLTYPE, FOLLOWJOHN ) values ( 'DC_E_AFG:((13)):DC_E_AFG_TRUSTEDPROXY:RAW', 'tpSubCntImpuVpMaxSubCount_delta', 69, 'numeric', 20, 0, 255, 1, '', 'Maximum number of active IMPU subscribers allowed to use the Trusted Proxy VP according to the license available', 'tpSubCntImpuVpMaxSubCount.delta', 'DC_E_AFG:((13))', 0, 1, 'COUNTER', null );
insert into Measurementcolumn ( MTABLEID, DATANAME, COLNUMBER, DATATYPE, DATASIZE, DATASCALE, UNIQUEVALUE, NULLABLE, INDEXES, DESCRIPTION, DATAID, RELEASEID, UNIQUEKEY, INCLUDESQL, COLTYPE, FOLLOWJOHN ) values ( 'DC_E_AFG:((13)):DC_E_AFG_VIRTUAL_GATEWAY:DAY', 'AGG_COUNT', 10, 'smallint', 0, 0, 255, 1, '', '', 'AGG_COUNT', 'BASE_TP_090421', 0, 0, 'PUBLICKEY', null );
insert into Measurementcolumn ( MTABLEID, DATANAME, COLNUMBER, DATATYPE, DATASIZE, DATASCALE, UNIQUEVALUE, NULLABLE, INDEXES, DESCRIPTION, DATAID, RELEASEID, UNIQUEKEY, INCLUDESQL, COLTYPE, FOLLOWJOHN ) values ( 'DC_E_AFG:((13)):DC_E_AFG_VIRTUAL_GATEWAY:DAY', 'BATCH_ID', 13, 'smallint', 0, 0, 255, 1, '', '', 'BATCH_ID', 'BASE_TP_090421', 0, 0, 'PUBLICKEY', null );
insert into Measurementcolumn ( MTABLEID, DATANAME, COLNUMBER, DATATYPE, DATASIZE, DATASCALE, UNIQUEVALUE, NULLABLE, INDEXES, DESCRIPTION, DATAID, RELEASEID, UNIQUEKEY, INCLUDESQL, COLTYPE, FOLLOWJOHN ) values ( 'DC_E_AFG:((13)):DC_E_AFG_VIRTUAL_GATEWAY:DAY', 'DATACOVERAGE', 9, 'unsigned int', 0, 0, 255, 1, '', '', 'DATACOVERAGE', 'BASE_TP_090421', 0, 1, 'PUBLICKEY', null );
insert into Measurementcolumn ( MTABLEID, DATANAME, COLNUMBER, DATATYPE, DATASIZE, DATASCALE, UNIQUEVALUE, NULLABLE, INDEXES, DESCRIPTION, DATAID, RELEASEID, UNIQUEKEY, INCLUDESQL, COLTYPE, FOLLOWJOHN ) values ( 'DC_E_AFG:((13)):DC_E_AFG_VIRTUAL_GATEWAY:DAY', 'DATE_ID', 4, 'date', 0, 0, 255, 1, 'LF', '', 'DATE_ID', 'BASE_TP_090421', 1, 1, 'PUBLICKEY', null );
insert into Measurementcolumn ( MTABLEID, DATANAME, COLNUMBER, DATATYPE, DATASIZE, DATASCALE, UNIQUEVALUE, NULLABLE, INDEXES, DESCRIPTION, DATAID, RELEASEID, UNIQUEKEY, INCLUDESQL, COLTYPE, FOLLOWJOHN ) values ( 'DC_E_AFG:((13)):DC_E_AFG_VIRTUAL_GATEWAY:DAY', 'DAY_ID', 7, 'tinyint', 0, 0, 31, 1, 'LF', '', 'DAY_ID', 'BASE_TP_090421', 0, 0, 'PUBLICKEY', null );
insert into Measurementcolumn ( MTABLEID, DATANAME, COLNUMBER, DATATYPE, DATASIZE, DATASCALE, UNIQUEVALUE, NULLABLE, INDEXES, DESCRIPTION, DATAID, RELEASEID, UNIQUEKEY, INCLUDESQL, COLTYPE, FOLLOWJOHN ) values ( 'DC_E_AFG:((13)):DC_E_AFG_VIRTUAL_GATEWAY:DAY', 'DC_RELEASE', 16, 'varchar', 16, 0, 2, 1, 'LF', '', 'DC_RELEASE', 'BASE_TP_090421', 1, 1, 'PUBLICKEY', null );
insert into Measurementcolumn ( MTABLEID, DATANAME, COLNUMBER, DATATYPE, DATASIZE, DATASCALE, UNIQUEVALUE, NULLABLE, INDEXES, DESCRIPTION, DATAID, RELEASEID, UNIQUEKEY, INCLUDESQL, COLTYPE, FOLLOWJOHN ) values ( 'DC_E_AFG:((13)):DC_E_AFG_VIRTUAL_GATEWAY:DAY', 'DC_SOURCE', 17, 'varchar', 16, 0, 2, 1, 'LF', '', 'DC_SOURCE', 'BASE_TP_090421', 0, 1, 'PUBLICKEY', null );
insert into Measurementcolumn ( MTABLEID, DATANAME, COLNUMBER, DATATYPE, DATASIZE, DATASCALE, UNIQUEVALUE, NULLABLE, INDEXES, DESCRIPTION, DATAID, RELEASEID, UNIQUEKEY, INCLUDESQL, COLTYPE, FOLLOWJOHN ) values ( 'DC_E_AFG:((13)):DC_E_AFG_VIRTUAL_GATEWAY:DAY', 'DC_SUSPECTFLAG', 19, 'int', 0, 0, 2, 1, 'LF', '', 'DC_SUSPECTFLAG', 'BASE_TP_090421', 0, 1, 'PUBLICKEY', null );
insert into Measurementcolumn ( MTABLEID, DATANAME, COLNUMBER, DATATYPE, DATASIZE, DATASCALE, UNIQUEVALUE, NULLABLE, INDEXES, DESCRIPTION, DATAID, RELEASEID, UNIQUEKEY, INCLUDESQL, COLTYPE, FOLLOWJOHN ) values ( 'DC_E_AFG:((13)):DC_E_AFG_VIRTUAL_GATEWAY:DAY', 'DC_TIMEZONE', 18, 'varchar', 16, 0, 2, 1, 'LF', '', 'DC_TIMEZONE', 'BASE_TP_090421', 0, 1, 'PUBLICKEY', null );
insert into Measurementcolumn ( MTABLEID, DATANAME, COLNUMBER, DATATYPE, DATASIZE, DATASCALE, UNIQUEVALUE, NULLABLE, INDEXES, DESCRIPTION, DATAID, RELEASEID, UNIQUEKEY, INCLUDESQL, COLTYPE, FOLLOWJOHN ) values ( 'DC_E_AFG:((13)):DC_E_AFG_VIRTUAL_GATEWAY:DAY', 'MONTH_ID', 6, 'tinyint', 0, 0, 12, 1, 'LF', '', 'MONTH_ID', 'BASE_TP_090421', 0, 0, 'PUBLICKEY', null );
insert into Measurementcolumn ( MTABLEID, DATANAME, COLNUMBER, DATATYPE, DATASIZE, DATASCALE, UNIQUEVALUE, NULLABLE, INDEXES, DESCRIPTION, DATAID, RELEASEID, UNIQUEKEY, INCLUDESQL, COLTYPE, FOLLOWJOHN ) values ( 'DC_E_AFG:((13)):DC_E_AFG_VIRTUAL_GATEWAY:DAY', 'NODE_NAME', 2, 'varchar', 50, 0, 255, 1, 'HG', 'Node Name', 'NODE_NAME', 'DC_E_AFG:((13))', 1, 1, 'KEY', null );
insert into Measurementcolumn ( MTABLEID, DATANAME, COLNUMBER, DATATYPE, DATASIZE, DATASCALE, UNIQUEVALUE, NULLABLE, INDEXES, DESCRIPTION, DATAID, RELEASEID, UNIQUEKEY, INCLUDESQL, COLTYPE, FOLLOWJOHN ) values ( 'DC_E_AFG:((13)):DC_E_AFG_VIRTUAL_GATEWAY:DAY', 'OSS_ID', 1, 'varchar', 50, 0, 255, 1, 'HG', 'OSS Id', 'OSS_ID', 'DC_E_AFG:((13))', 1, 1, 'KEY', null );
insert into Measurementcolumn ( MTABLEID, DATANAME, COLNUMBER, DATATYPE, DATASIZE, DATASCALE, UNIQUEVALUE, NULLABLE, INDEXES, DESCRIPTION, DATAID, RELEASEID, UNIQUEKEY, INCLUDESQL, COLTYPE, FOLLOWJOHN ) values ( 'DC_E_AFG:((13)):DC_E_AFG_VIRTUAL_GATEWAY:DAY', 'PERIOD_DURATION', 14, 'unsigned int', 0, 0, 10, 1, '', '', 'PERIOD_DURATION', 'BASE_TP_090421', 0, 1, 'PUBLICKEY', null );
insert into Measurementcolumn ( MTABLEID, DATANAME, COLNUMBER, DATATYPE, DATASIZE, DATASCALE, UNIQUEVALUE, NULLABLE, INDEXES, DESCRIPTION, DATAID, RELEASEID, UNIQUEKEY, INCLUDESQL, COLTYPE, FOLLOWJOHN ) values ( 'DC_E_AFG:((13)):DC_E_AFG_VIRTUAL_GATEWAY:DAY', 'ROWSTATUS', 15, 'varchar', 16, 0, 10, 1, '', '', 'ROWSTATUS', 'BASE_TP_090421', 0, 1, 'PUBLICKEY', null );
insert into Measurementcolumn ( MTABLEID, DATANAME, COLNUMBER, DATATYPE, DATASIZE, DATASCALE, UNIQUEVALUE, NULLABLE, INDEXES, DESCRIPTION, DATAID, RELEASEID, UNIQUEKEY, INCLUDESQL, COLTYPE, FOLLOWJOHN ) values ( 'DC_E_AFG:((13)):DC_E_AFG_VIRTUAL_GATEWAY:DAY', 'SESSION_ID', 12, 'unsigned int', 0, 0, 255, 1, '', '', 'SESSION_ID', 'BASE_TP_090421', 0, 0, 'PUBLICKEY', null );
insert into Measurementcolumn ( MTABLEID, DATANAME, COLNUMBER, DATATYPE, DATASIZE, DATASCALE, UNIQUEVALUE, NULLABLE, INDEXES, DESCRIPTION, DATAID, RELEASEID, UNIQUEKEY, INCLUDESQL, COLTYPE, FOLLOWJOHN ) values ( 'DC_E_AFG:((13)):DC_E_AFG_VIRTUAL_GATEWAY:DAY', 'TIMELEVEL', 11, 'varchar', 10, 0, 10, 1, 'LF', '', 'TIMELEVEL', 'BASE_TP_090421', 0, 0, 'PUBLICKEY', null );
insert into Measurementcolumn ( MTABLEID, DATANAME, COLNUMBER, DATATYPE, DATASIZE, DATASCALE, UNIQUEVALUE, NULLABLE, INDEXES, DESCRIPTION, DATAID, RELEASEID, UNIQUEKEY, INCLUDESQL, COLTYPE, FOLLOWJOHN ) values ( 'DC_E_AFG:((13)):DC_E_AFG_VIRTUAL_GATEWAY:DAY', 'VIRTUAL_GATEWAY', 3, 'varchar', 35, 0, 255, 1, 'HG', 'Virtual gateway', 'VIRTUAL_GATEWAY', 'DC_E_AFG:((13))', 1, 1, 'KEY', null );
insert into Measurementcolumn ( MTABLEID, DATANAME, COLNUMBER, DATATYPE, DATASIZE, DATASCALE, UNIQUEVALUE, NULLABLE, INDEXES, DESCRIPTION, DATAID, RELEASEID, UNIQUEKEY, INCLUDESQL, COLTYPE, FOLLOWJOHN ) values ( 'DC_E_AFG:((13)):DC_E_AFG_VIRTUAL_GATEWAY:DAY', 'WEEK_ID', 8, 'tinyint', 0, 0, 53, 1, 'LF', '', 'WEEK_ID', 'BASE_TP_090421', 0, 0, 'PUBLICKEY', null );
insert into Measurementcolumn ( MTABLEID, DATANAME, COLNUMBER, DATATYPE, DATASIZE, DATASCALE, UNIQUEVALUE, NULLABLE, INDEXES, DESCRIPTION, DATAID, RELEASEID, UNIQUEKEY, INCLUDESQL, COLTYPE, FOLLOWJOHN ) values ( 'DC_E_AFG:((13)):DC_E_AFG_VIRTUAL_GATEWAY:DAY', 'YEAR_ID', 5, 'smallint', 0, 0, 20, 1, 'LF', '', 'YEAR_ID', 'BASE_TP_090421', 0, 0, 'PUBLICKEY', null );
insert into Measurementcolumn ( MTABLEID, DATANAME, COLNUMBER, DATATYPE, DATASIZE, DATASCALE, UNIQUEVALUE, NULLABLE, INDEXES, DESCRIPTION, DATAID, RELEASEID, UNIQUEKEY, INCLUDESQL, COLTYPE, FOLLOWJOHN ) values ( 'DC_E_AFG:((13)):DC_E_AFG_VIRTUAL_GATEWAY:DAY', 'vgAcceptedReq_actual', 20, 'numeric', 20, 0, 255, 1, '', 'Number of accepted requests during the period specified by the configuration parameter ''apsCheckCapacityUsageInterval''.', 'vgAcceptedReq.actual', 'DC_E_AFG:((13))', 0, 1, 'COUNTER', null );
insert into Measurementcolumn ( MTABLEID, DATANAME, COLNUMBER, DATATYPE, DATASIZE, DATASCALE, UNIQUEVALUE, NULLABLE, INDEXES, DESCRIPTION, DATAID, RELEASEID, UNIQUEKEY, INCLUDESQL, COLTYPE, FOLLOWJOHN ) values ( 'DC_E_AFG:((13)):DC_E_AFG_VIRTUAL_GATEWAY:DAY', 'vgAcceptedReq_delta', 21, 'numeric', 20, 0, 255, 1, '', 'Number of accepted requests during the period specified by the configuration parameter ''apsCheckCapacityUsageInterval''.', 'vgAcceptedReq.delta', 'DC_E_AFG:((13))', 0, 1, 'COUNTER', null );
insert into Measurementcolumn ( MTABLEID, DATANAME, COLNUMBER, DATATYPE, DATASIZE, DATASCALE, UNIQUEVALUE, NULLABLE, INDEXES, DESCRIPTION, DATAID, RELEASEID, UNIQUEKEY, INCLUDESQL, COLTYPE, FOLLOWJOHN ) values ( 'DC_E_AFG:((13)):DC_E_AFG_VIRTUAL_GATEWAY:DAY', 'vgPeakTransTimeIntervalLength_actual', 22, 'numeric', 24, 4, 255, 1, '', 'Length of the current usage capacity time interval in seconds.', 'vgPeakTransTimeIntervalLength.actual', 'DC_E_AFG:((13))', 0, 1, 'COUNTER', null );
insert into Measurementcolumn ( MTABLEID, DATANAME, COLNUMBER, DATATYPE, DATASIZE, DATASCALE, UNIQUEVALUE, NULLABLE, INDEXES, DESCRIPTION, DATAID, RELEASEID, UNIQUEKEY, INCLUDESQL, COLTYPE, FOLLOWJOHN ) values ( 'DC_E_AFG:((13)):DC_E_AFG_VIRTUAL_GATEWAY:DAY', 'vgPeakTransTimeIntervalLength_max', 24, 'numeric', 24, 4, 255, 1, '', 'Length of the current usage capacity time interval in seconds.', 'vgPeakTransTimeIntervalLength.max', 'DC_E_AFG:((13))', 0, 1, 'COUNTER', null );
insert into Measurementcolumn ( MTABLEID, DATANAME, COLNUMBER, DATATYPE, DATASIZE, DATASCALE, UNIQUEVALUE, NULLABLE, INDEXES, DESCRIPTION, DATAID, RELEASEID, UNIQUEKEY, INCLUDESQL, COLTYPE, FOLLOWJOHN ) values ( 'DC_E_AFG:((13)):DC_E_AFG_VIRTUAL_GATEWAY:DAY', 'vgPeakTransTimeIntervalLength_min', 23, 'numeric', 24, 4, 255, 1, '', 'Length of the current usage capacity time interval in seconds.', 'vgPeakTransTimeIntervalLength.min', 'DC_E_AFG:((13))', 0, 1, 'COUNTER', null );
insert into Measurementcolumn ( MTABLEID, DATANAME, COLNUMBER, DATATYPE, DATASIZE, DATASCALE, UNIQUEVALUE, NULLABLE, INDEXES, DESCRIPTION, DATAID, RELEASEID, UNIQUEKEY, INCLUDESQL, COLTYPE, FOLLOWJOHN ) values ( 'DC_E_AFG:((13)):DC_E_AFG_VIRTUAL_GATEWAY:DAY', 'vgPeakTransTransPerTimeInterval_actual', 25, 'numeric', 24, 4, 255, 1, '', 'Peak value of the number of processed transactions per usage capacity timeinterval during the sampling interval. This value is an absolute value.', 'vgPeakTransTransPerTimeInterval.actual', 'DC_E_AFG:((13))', 0, 1, 'COUNTER', null );
insert into Measurementcolumn ( MTABLEID, DATANAME, COLNUMBER, DATATYPE, DATASIZE, DATASCALE, UNIQUEVALUE, NULLABLE, INDEXES, DESCRIPTION, DATAID, RELEASEID, UNIQUEKEY, INCLUDESQL, COLTYPE, FOLLOWJOHN ) values ( 'DC_E_AFG:((13)):DC_E_AFG_VIRTUAL_GATEWAY:DAY', 'vgPeakTransTransPerTimeInterval_max', 27, 'numeric', 24, 4, 255, 1, '', 'Peak value of the number of processed transactions per usage capacity time interval during the sampling interval. This value is an absolute value.', 'vgPeakTransTransPerTimeInterval.max', 'DC_E_AFG:((13))', 0, 1, 'COUNTER', null );
insert into Measurementcolumn ( MTABLEID, DATANAME, COLNUMBER, DATATYPE, DATASIZE, DATASCALE, UNIQUEVALUE, NULLABLE, INDEXES, DESCRIPTION, DATAID, RELEASEID, UNIQUEKEY, INCLUDESQL, COLTYPE, FOLLOWJOHN ) values ( 'DC_E_AFG:((13)):DC_E_AFG_VIRTUAL_GATEWAY:DAY', 'vgPeakTransTransPerTimeInterval_min', 26, 'numeric', 24, 4, 255, 1, '', 'Peak value of the number of processed transactions per usage capacity time interval during the sampling interval. This value is an absolute value.', 'vgPeakTransTransPerTimeInterval.min', 'DC_E_AFG:((13))', 0, 1, 'COUNTER', null );
insert into Measurementcolumn ( MTABLEID, DATANAME, COLNUMBER, DATATYPE, DATASIZE, DATASCALE, UNIQUEVALUE, NULLABLE, INDEXES, DESCRIPTION, DATAID, RELEASEID, UNIQUEKEY, INCLUDESQL, COLTYPE, FOLLOWJOHN ) values ( 'DC_E_AFG:((13)):DC_E_AFG_VIRTUAL_GATEWAY:DAY', 'vgRejectedReq_actual', 28, 'numeric', 20, 0, 255, 1, '', 'Number of rejected requests during the period specified by the configuration parameter ''apsCheckCapacityUsageInterval''.', 'vgRejectedReq.actual', 'DC_E_AFG:((13))', 0, 1, 'COUNTER', null );
insert into Measurementcolumn ( MTABLEID, DATANAME, COLNUMBER, DATATYPE, DATASIZE, DATASCALE, UNIQUEVALUE, NULLABLE, INDEXES, DESCRIPTION, DATAID, RELEASEID, UNIQUEKEY, INCLUDESQL, COLTYPE, FOLLOWJOHN ) values ( 'DC_E_AFG:((13)):DC_E_AFG_VIRTUAL_GATEWAY:DAY', 'vgRejectedReq_delta', 29, 'numeric', 20, 0, 255, 1, '', 'Number of rejected requests during the period specified by the configuration parameter ''apsCheckCapacityUsageInterval''.', 'vgRejectedReq.delta', 'DC_E_AFG:((13))', 0, 1, 'COUNTER', null );
insert into Measurementcolumn ( MTABLEID, DATANAME, COLNUMBER, DATATYPE, DATASIZE, DATASCALE, UNIQUEVALUE, NULLABLE, INDEXES, DESCRIPTION, DATAID, RELEASEID, UNIQUEKEY, INCLUDESQL, COLTYPE, FOLLOWJOHN ) values ( 'DC_E_AFG:((13)):DC_E_AFG_VIRTUAL_GATEWAY:DAYBH', 'BATCH_ID', 14, 'smallint', 0, 0, 255, 1, '', '', 'BATCH_ID', 'BASE_TP_090421', 0, 0, 'PUBLICKEY', null );
insert into Measurementcolumn ( MTABLEID, DATANAME, COLNUMBER, DATATYPE, DATASIZE, DATASCALE, UNIQUEVALUE, NULLABLE, INDEXES, DESCRIPTION, DATAID, RELEASEID, UNIQUEKEY, INCLUDESQL, COLTYPE, FOLLOWJOHN ) values ( 'DC_E_AFG:((13)):DC_E_AFG_VIRTUAL_GATEWAY:DAYBH', 'BHCLASS', 11, 'smallint', 0, 0, 10, 1, 'LF', '', 'BHCLASS', 'BASE_TP_090421', 0, 1, 'PUBLICKEY', null );
insert into Measurementcolumn ( MTABLEID, DATANAME, COLNUMBER, DATATYPE, DATASIZE, DATASCALE, UNIQUEVALUE, NULLABLE, INDEXES, DESCRIPTION, DATAID, RELEASEID, UNIQUEKEY, INCLUDESQL, COLTYPE, FOLLOWJOHN ) values ( 'DC_E_AFG:((13)):DC_E_AFG_VIRTUAL_GATEWAY:DAYBH', 'BHTYPE', 9, 'varchar', 50, 0, 20, 1, 'LF', '', 'BHTYPE', 'BASE_TP_090421', 1, 1, 'PUBLICKEY', null );
insert into Measurementcolumn ( MTABLEID, DATANAME, COLNUMBER, DATATYPE, DATASIZE, DATASCALE, UNIQUEVALUE, NULLABLE, INDEXES, DESCRIPTION, DATAID, RELEASEID, UNIQUEKEY, INCLUDESQL, COLTYPE, FOLLOWJOHN ) values ( 'DC_E_AFG:((13)):DC_E_AFG_VIRTUAL_GATEWAY:DAYBH', 'BH_ID', 21, 'unsigned int', 0, 0, 255, 1, '', '', 'BH_ID', 'BASE_TP_20100318', 0, 0, 'PUBLICKEY', null );
insert into Measurementcolumn ( MTABLEID, DATANAME, COLNUMBER, DATATYPE, DATASIZE, DATASCALE, UNIQUEVALUE, NULLABLE, INDEXES, DESCRIPTION, DATAID, RELEASEID, UNIQUEKEY, INCLUDESQL, COLTYPE, FOLLOWJOHN ) values ( 'DC_E_AFG:((13)):DC_E_AFG_VIRTUAL_GATEWAY:DAYBH', 'BUSYHOUR', 10, 'tinyint', 0, 0, 24, 1, 'LF', '', 'BUSYHOUR', 'BASE_TP_090421', 0, 1, 'PUBLICKEY', null );
insert into Measurementcolumn ( MTABLEID, DATANAME, COLNUMBER, DATATYPE, DATASIZE, DATASCALE, UNIQUEVALUE, NULLABLE, INDEXES, DESCRIPTION, DATAID, RELEASEID, UNIQUEKEY, INCLUDESQL, COLTYPE, FOLLOWJOHN ) values ( 'DC_E_AFG:((13)):DC_E_AFG_VIRTUAL_GATEWAY:DAYBH', 'DATE_ID', 4, 'date', 0, 0, 255, 1, 'LF', '', 'DATE_ID', 'BASE_TP_090421', 1, 1, 'PUBLICKEY', null );
insert into Measurementcolumn ( MTABLEID, DATANAME, COLNUMBER, DATATYPE, DATASIZE, DATASCALE, UNIQUEVALUE, NULLABLE, INDEXES, DESCRIPTION, DATAID, RELEASEID, UNIQUEKEY, INCLUDESQL, COLTYPE, FOLLOWJOHN ) values ( 'DC_E_AFG:((13)):DC_E_AFG_VIRTUAL_GATEWAY:DAYBH', 'DAY_ID', 7, 'tinyint', 0, 0, 31, 1, 'LF', '', 'DAY_ID', 'BASE_TP_090421', 0, 0, 'PUBLICKEY', null );
insert into Measurementcolumn ( MTABLEID, DATANAME, COLNUMBER, DATATYPE, DATASIZE, DATASCALE, UNIQUEVALUE, NULLABLE, INDEXES, DESCRIPTION, DATAID, RELEASEID, UNIQUEKEY, INCLUDESQL, COLTYPE, FOLLOWJOHN ) values ( 'DC_E_AFG:((13)):DC_E_AFG_VIRTUAL_GATEWAY:DAYBH', 'DC_RELEASE', 17, 'varchar', 16, 0, 2, 1, 'LF', '', 'DC_RELEASE', 'BASE_TP_090421', 0, 1, 'PUBLICKEY', null );
insert into Measurementcolumn ( MTABLEID, DATANAME, COLNUMBER, DATATYPE, DATASIZE, DATASCALE, UNIQUEVALUE, NULLABLE, INDEXES, DESCRIPTION, DATAID, RELEASEID, UNIQUEKEY, INCLUDESQL, COLTYPE, FOLLOWJOHN ) values ( 'DC_E_AFG:((13)):DC_E_AFG_VIRTUAL_GATEWAY:DAYBH', 'DC_SOURCE', 18, 'varchar', 16, 0, 2, 1, 'LF', '', 'DC_SOURCE', 'BASE_TP_090421', 0, 1, 'PUBLICKEY', null );
insert into Measurementcolumn ( MTABLEID, DATANAME, COLNUMBER, DATATYPE, DATASIZE, DATASCALE, UNIQUEVALUE, NULLABLE, INDEXES, DESCRIPTION, DATAID, RELEASEID, UNIQUEKEY, INCLUDESQL, COLTYPE, FOLLOWJOHN ) values ( 'DC_E_AFG:((13)):DC_E_AFG_VIRTUAL_GATEWAY:DAYBH', 'DC_SUSPECTFLAG', 20, 'int', 0, 0, 2, 1, 'LF', '', 'DC_SUSPECTFLAG', 'BASE_TP_090421', 0, 1, 'PUBLICKEY', null );
insert into Measurementcolumn ( MTABLEID, DATANAME, COLNUMBER, DATATYPE, DATASIZE, DATASCALE, UNIQUEVALUE, NULLABLE, INDEXES, DESCRIPTION, DATAID, RELEASEID, UNIQUEKEY, INCLUDESQL, COLTYPE, FOLLOWJOHN ) values ( 'DC_E_AFG:((13)):DC_E_AFG_VIRTUAL_GATEWAY:DAYBH', 'DC_TIMEZONE', 19, 'varchar', 16, 0, 2, 1, 'LF', '', 'DC_TIMEZONE', 'BASE_TP_090421', 0, 1, 'PUBLICKEY', null );
insert into Measurementcolumn ( MTABLEID, DATANAME, COLNUMBER, DATATYPE, DATASIZE, DATASCALE, UNIQUEVALUE, NULLABLE, INDEXES, DESCRIPTION, DATAID, RELEASEID, UNIQUEKEY, INCLUDESQL, COLTYPE, FOLLOWJOHN ) values ( 'DC_E_AFG:((13)):DC_E_AFG_VIRTUAL_GATEWAY:DAYBH', 'MIN_ID', 8, 'tinyint', 0, 0, 60, 1, 'LF', '', 'MIN_ID', 'BASE_TP_090421', 1, 1, 'PUBLICKEY', null );
insert into Measurementcolumn ( MTABLEID, DATANAME, COLNUMBER, DATATYPE, DATASIZE, DATASCALE, UNIQUEVALUE, NULLABLE, INDEXES, DESCRIPTION, DATAID, RELEASEID, UNIQUEKEY, INCLUDESQL, COLTYPE, FOLLOWJOHN ) values ( 'DC_E_AFG:((13)):DC_E_AFG_VIRTUAL_GATEWAY:DAYBH', 'MONTH_ID', 6, 'tinyint', 0, 0, 12, 1, 'LF', '', 'MONTH_ID', 'BASE_TP_090421', 0, 0, 'PUBLICKEY', null );
insert into Measurementcolumn ( MTABLEID, DATANAME, COLNUMBER, DATATYPE, DATASIZE, DATASCALE, UNIQUEVALUE, NULLABLE, INDEXES, DESCRIPTION, DATAID, RELEASEID, UNIQUEKEY, INCLUDESQL, COLTYPE, FOLLOWJOHN ) values ( 'DC_E_AFG:((13)):DC_E_AFG_VIRTUAL_GATEWAY:DAYBH', 'NODE_NAME', 2, 'varchar', 50, 0, 255, 1, 'HG', 'Node Name', 'NODE_NAME', 'DC_E_AFG:((13))', 1, 1, 'KEY', null );
insert into Measurementcolumn ( MTABLEID, DATANAME, COLNUMBER, DATATYPE, DATASIZE, DATASCALE, UNIQUEVALUE, NULLABLE, INDEXES, DESCRIPTION, DATAID, RELEASEID, UNIQUEKEY, INCLUDESQL, COLTYPE, FOLLOWJOHN ) values ( 'DC_E_AFG:((13)):DC_E_AFG_VIRTUAL_GATEWAY:DAYBH', 'OFFSET', 22, 'unsigned int', 0, 0, 255, 1, '', '', 'OFFSET', 'BASE_TP_20100318', 0, 0, 'PUBLICKEY', null );
insert into Measurementcolumn ( MTABLEID, DATANAME, COLNUMBER, DATATYPE, DATASIZE, DATASCALE, UNIQUEVALUE, NULLABLE, INDEXES, DESCRIPTION, DATAID, RELEASEID, UNIQUEKEY, INCLUDESQL, COLTYPE, FOLLOWJOHN ) values ( 'DC_E_AFG:((13)):DC_E_AFG_VIRTUAL_GATEWAY:DAYBH', 'OSS_ID', 1, 'varchar', 50, 0, 255, 1, 'HG', 'OSS Id', 'OSS_ID', 'DC_E_AFG:((13))', 1, 1, 'KEY', null );
insert into Measurementcolumn ( MTABLEID, DATANAME, COLNUMBER, DATATYPE, DATASIZE, DATASCALE, UNIQUEVALUE, NULLABLE, INDEXES, DESCRIPTION, DATAID, RELEASEID, UNIQUEKEY, INCLUDESQL, COLTYPE, FOLLOWJOHN ) values ( 'DC_E_AFG:((13)):DC_E_AFG_VIRTUAL_GATEWAY:DAYBH', 'PERIOD_DURATION', 15, 'unsigned int', 0, 0, 10, 1, '', '', 'PERIOD_DURATION', 'BASE_TP_090421', 0, 1, 'PUBLICKEY', null );
insert into Measurementcolumn ( MTABLEID, DATANAME, COLNUMBER, DATATYPE, DATASIZE, DATASCALE, UNIQUEVALUE, NULLABLE, INDEXES, DESCRIPTION, DATAID, RELEASEID, UNIQUEKEY, INCLUDESQL, COLTYPE, FOLLOWJOHN ) values ( 'DC_E_AFG:((13)):DC_E_AFG_VIRTUAL_GATEWAY:DAYBH', 'ROWSTATUS', 16, 'varchar', 16, 0, 10, 1, '', '', 'ROWSTATUS', 'BASE_TP_090421', 0, 1, 'PUBLICKEY', null );
insert into Measurementcolumn ( MTABLEID, DATANAME, COLNUMBER, DATATYPE, DATASIZE, DATASCALE, UNIQUEVALUE, NULLABLE, INDEXES, DESCRIPTION, DATAID, RELEASEID, UNIQUEKEY, INCLUDESQL, COLTYPE, FOLLOWJOHN ) values ( 'DC_E_AFG:((13)):DC_E_AFG_VIRTUAL_GATEWAY:DAYBH', 'SESSION_ID', 13, 'unsigned int', 0, 0, 255, 1, '', '', 'SESSION_ID', 'BASE_TP_090421', 0, 0, 'PUBLICKEY', null );
insert into Measurementcolumn ( MTABLEID, DATANAME, COLNUMBER, DATATYPE, DATASIZE, DATASCALE, UNIQUEVALUE, NULLABLE, INDEXES, DESCRIPTION, DATAID, RELEASEID, UNIQUEKEY, INCLUDESQL, COLTYPE, FOLLOWJOHN ) values ( 'DC_E_AFG:((13)):DC_E_AFG_VIRTUAL_GATEWAY:DAYBH', 'TIMELEVEL', 12, 'varchar', 10, 0, 10, 1, 'LF', '', 'TIMELEVEL', 'BASE_TP_090421', 0, 0, 'PUBLICKEY', null );
insert into Measurementcolumn ( MTABLEID, DATANAME, COLNUMBER, DATATYPE, DATASIZE, DATASCALE, UNIQUEVALUE, NULLABLE, INDEXES, DESCRIPTION, DATAID, RELEASEID, UNIQUEKEY, INCLUDESQL, COLTYPE, FOLLOWJOHN ) values ( 'DC_E_AFG:((13)):DC_E_AFG_VIRTUAL_GATEWAY:DAYBH', 'VIRTUAL_GATEWAY', 3, 'varchar', 35, 0, 255, 1, 'HG', 'Virtual gateway', 'VIRTUAL_GATEWAY', 'DC_E_AFG:((13))', 1, 1, 'KEY', null );
insert into Measurementcolumn ( MTABLEID, DATANAME, COLNUMBER, DATATYPE, DATASIZE, DATASCALE, UNIQUEVALUE, NULLABLE, INDEXES, DESCRIPTION, DATAID, RELEASEID, UNIQUEKEY, INCLUDESQL, COLTYPE, FOLLOWJOHN ) values ( 'DC_E_AFG:((13)):DC_E_AFG_VIRTUAL_GATEWAY:DAYBH', 'YEAR_ID', 5, 'smallint', 0, 0, 20, 1, 'LF', '', 'YEAR_ID', 'BASE_TP_090421', 0, 0, 'PUBLICKEY', null );
insert into Measurementcolumn ( MTABLEID, DATANAME, COLNUMBER, DATATYPE, DATASIZE, DATASCALE, UNIQUEVALUE, NULLABLE, INDEXES, DESCRIPTION, DATAID, RELEASEID, UNIQUEKEY, INCLUDESQL, COLTYPE, FOLLOWJOHN ) values ( 'DC_E_AFG:((13)):DC_E_AFG_VIRTUAL_GATEWAY:DAYBH', 'vgAcceptedReq_actual', 23, 'numeric', 20, 0, 255, 1, '', 'Number of accepted requests during the period specified by the configuration parameter ''apsCheckCapacityUsageInterval''.', 'vgAcceptedReq.actual', 'DC_E_AFG:((13))', 0, 1, 'COUNTER', null );
insert into Measurementcolumn ( MTABLEID, DATANAME, COLNUMBER, DATATYPE, DATASIZE, DATASCALE, UNIQUEVALUE, NULLABLE, INDEXES, DESCRIPTION, DATAID, RELEASEID, UNIQUEKEY, INCLUDESQL, COLTYPE, FOLLOWJOHN ) values ( 'DC_E_AFG:((13)):DC_E_AFG_VIRTUAL_GATEWAY:DAYBH', 'vgAcceptedReq_delta', 24, 'numeric', 20, 0, 255, 1, '', 'Number of accepted requests during the period specified by the configuration parameter ''apsCheckCapacityUsageInterval''.', 'vgAcceptedReq.delta', 'DC_E_AFG:((13))', 0, 1, 'COUNTER', null );
insert into Measurementcolumn ( MTABLEID, DATANAME, COLNUMBER, DATATYPE, DATASIZE, DATASCALE, UNIQUEVALUE, NULLABLE, INDEXES, DESCRIPTION, DATAID, RELEASEID, UNIQUEKEY, INCLUDESQL, COLTYPE, FOLLOWJOHN ) values ( 'DC_E_AFG:((13)):DC_E_AFG_VIRTUAL_GATEWAY:DAYBH', 'vgPeakTransTimeIntervalLength_actual', 25, 'numeric', 24, 4, 255, 1, '', 'Length of the current usage capacity time interval in seconds.', 'vgPeakTransTimeIntervalLength.actual', 'DC_E_AFG:((13))', 0, 1, 'COUNTER', null );
insert into Measurementcolumn ( MTABLEID, DATANAME, COLNUMBER, DATATYPE, DATASIZE, DATASCALE, UNIQUEVALUE, NULLABLE, INDEXES, DESCRIPTION, DATAID, RELEASEID, UNIQUEKEY, INCLUDESQL, COLTYPE, FOLLOWJOHN ) values ( 'DC_E_AFG:((13)):DC_E_AFG_VIRTUAL_GATEWAY:DAYBH', 'vgPeakTransTimeIntervalLength_max', 27, 'numeric', 24, 4, 255, 1, '', 'Length of the current usage capacity time interval in seconds.', 'vgPeakTransTimeIntervalLength.max', 'DC_E_AFG:((13))', 0, 1, 'COUNTER', null );
insert into Measurementcolumn ( MTABLEID, DATANAME, COLNUMBER, DATATYPE, DATASIZE, DATASCALE, UNIQUEVALUE, NULLABLE, INDEXES, DESCRIPTION, DATAID, RELEASEID, UNIQUEKEY, INCLUDESQL, COLTYPE, FOLLOWJOHN ) values ( 'DC_E_AFG:((13)):DC_E_AFG_VIRTUAL_GATEWAY:DAYBH', 'vgPeakTransTimeIntervalLength_min', 26, 'numeric', 24, 4, 255, 1, '', 'Length of the current usage capacity time interval in seconds.', 'vgPeakTransTimeIntervalLength.min', 'DC_E_AFG:((13))', 0, 1, 'COUNTER', null );
insert into Measurementcolumn ( MTABLEID, DATANAME, COLNUMBER, DATATYPE, DATASIZE, DATASCALE, UNIQUEVALUE, NULLABLE, INDEXES, DESCRIPTION, DATAID, RELEASEID, UNIQUEKEY, INCLUDESQL, COLTYPE, FOLLOWJOHN ) values ( 'DC_E_AFG:((13)):DC_E_AFG_VIRTUAL_GATEWAY:DAYBH', 'vgPeakTransTransPerTimeInterval_actual', 28, 'numeric', 24, 4, 255, 1, '', 'Peak value of the number of processed transactions per usage capacity time interval during the sampling interval. This value is an absolute value.', 'vgPeakTransTransPerTimeInterval.actual', 'DC_E_AFG:((13))', 0, 1, 'COUNTER', null );
insert into Measurementcolumn ( MTABLEID, DATANAME, COLNUMBER, DATATYPE, DATASIZE, DATASCALE, UNIQUEVALUE, NULLABLE, INDEXES, DESCRIPTION, DATAID, RELEASEID, UNIQUEKEY, INCLUDESQL, COLTYPE, FOLLOWJOHN ) values ( 'DC_E_AFG:((13)):DC_E_AFG_VIRTUAL_GATEWAY:DAYBH', 'vgPeakTransTransPerTimeInterval_max', 30, 'numeric', 24, 4, 255, 1, '', 'Peak value of the number of processed transactions per usage capacity time interval during the sampling interval. This value is an absolute value.', 'vgPeakTransTransPerTimeInterval.max', 'DC_E_AFG:((13))', 0, 1, 'COUNTER', null );
insert into Measurementcolumn ( MTABLEID, DATANAME, COLNUMBER, DATATYPE, DATASIZE, DATASCALE, UNIQUEVALUE, NULLABLE, INDEXES, DESCRIPTION, DATAID, RELEASEID, UNIQUEKEY, INCLUDESQL, COLTYPE, FOLLOWJOHN ) values ( 'DC_E_AFG:((13)):DC_E_AFG_VIRTUAL_GATEWAY:DAYBH', 'vgPeakTransTransPerTimeInterval_min', 29, 'numeric', 24, 4, 255, 1, '', 'Peak value of the number of processed transactions per usage capacity time interval during the sampling interval. This value is an absolute value.', 'vgPeakTransTransPerTimeInterval.min', 'DC_E_AFG:((13))', 0, 1, 'COUNTER', null );
insert into Measurementcolumn ( MTABLEID, DATANAME, COLNUMBER, DATATYPE, DATASIZE, DATASCALE, UNIQUEVALUE, NULLABLE, INDEXES, DESCRIPTION, DATAID, RELEASEID, UNIQUEKEY, INCLUDESQL, COLTYPE, FOLLOWJOHN ) values ( 'DC_E_AFG:((13)):DC_E_AFG_VIRTUAL_GATEWAY:DAYBH', 'vgRejectedReq_actual', 31, 'numeric', 20, 0, 255, 1, '', 'Number of rejected requests during the period specified by the configuration parameter ''apsCheckCapacityUsageInterval''.', 'vgRejectedReq.actual', 'DC_E_AFG:((13))', 0, 1, 'COUNTER', null );
insert into Measurementcolumn ( MTABLEID, DATANAME, COLNUMBER, DATATYPE, DATASIZE, DATASCALE, UNIQUEVALUE, NULLABLE, INDEXES, DESCRIPTION, DATAID, RELEASEID, UNIQUEKEY, INCLUDESQL, COLTYPE, FOLLOWJOHN ) values ( 'DC_E_AFG:((13)):DC_E_AFG_VIRTUAL_GATEWAY:DAYBH', 'vgRejectedReq_delta', 32, 'numeric', 20, 0, 255, 1, '', 'Number of rejected requests during the period specified by the configuration parameter ''apsCheckCapacityUsageInterval''.', 'vgRejectedReq.delta', 'DC_E_AFG:((13))', 0, 1, 'COUNTER', null );
insert into Measurementcolumn ( MTABLEID, DATANAME, COLNUMBER, DATATYPE, DATASIZE, DATASCALE, UNIQUEVALUE, NULLABLE, INDEXES, DESCRIPTION, DATAID, RELEASEID, UNIQUEKEY, INCLUDESQL, COLTYPE, FOLLOWJOHN ) values ( 'DC_E_AFG:((13)):DC_E_AFG_VIRTUAL_GATEWAY:RAW', 'BATCH_ID', 13, 'smallint', 0, 0, 255, 1, '', '', 'BATCH_ID', 'BASE_TP_090421', 0, 0, 'PUBLICKEY', null );
insert into Measurementcolumn ( MTABLEID, DATANAME, COLNUMBER, DATATYPE, DATASIZE, DATASCALE, UNIQUEVALUE, NULLABLE, INDEXES, DESCRIPTION, DATAID, RELEASEID, UNIQUEKEY, INCLUDESQL, COLTYPE, FOLLOWJOHN ) values ( 'DC_E_AFG:((13)):DC_E_AFG_VIRTUAL_GATEWAY:RAW', 'DATETIME_ID', 9, 'datetime', 0, 0, 255, 1, 'HG', '', 'DATETIME_ID', 'BASE_TP_090421', 1, 1, 'PUBLICKEY', null );
insert into Measurementcolumn ( MTABLEID, DATANAME, COLNUMBER, DATATYPE, DATASIZE, DATASCALE, UNIQUEVALUE, NULLABLE, INDEXES, DESCRIPTION, DATAID, RELEASEID, UNIQUEKEY, INCLUDESQL, COLTYPE, FOLLOWJOHN ) values ( 'DC_E_AFG:((13)):DC_E_AFG_VIRTUAL_GATEWAY:RAW', 'DATE_ID', 4, 'date', 0, 0, 255, 1, 'LF', '', 'DATE_ID', 'BASE_TP_090421', 0, 0, 'PUBLICKEY', null );
insert into Measurementcolumn ( MTABLEID, DATANAME, COLNUMBER, DATATYPE, DATASIZE, DATASCALE, UNIQUEVALUE, NULLABLE, INDEXES, DESCRIPTION, DATAID, RELEASEID, UNIQUEKEY, INCLUDESQL, COLTYPE, FOLLOWJOHN ) values ( 'DC_E_AFG:((13)):DC_E_AFG_VIRTUAL_GATEWAY:RAW', 'DAY_ID', 7, 'tinyint', 0, 0, 31, 1, 'LF', '', 'DAY_ID', 'BASE_TP_090421', 0, 0, 'PUBLICKEY', null );
insert into Measurementcolumn ( MTABLEID, DATANAME, COLNUMBER, DATATYPE, DATASIZE, DATASCALE, UNIQUEVALUE, NULLABLE, INDEXES, DESCRIPTION, DATAID, RELEASEID, UNIQUEKEY, INCLUDESQL, COLTYPE, FOLLOWJOHN ) values ( 'DC_E_AFG:((13)):DC_E_AFG_VIRTUAL_GATEWAY:RAW', 'DC_RELEASE', 16, 'varchar', 16, 0, 2, 1, 'LF', '', 'DC_RELEASE', 'BASE_TP_090421', 0, 1, 'PUBLICKEY', null );
insert into Measurementcolumn ( MTABLEID, DATANAME, COLNUMBER, DATATYPE, DATASIZE, DATASCALE, UNIQUEVALUE, NULLABLE, INDEXES, DESCRIPTION, DATAID, RELEASEID, UNIQUEKEY, INCLUDESQL, COLTYPE, FOLLOWJOHN ) values ( 'DC_E_AFG:((13)):DC_E_AFG_VIRTUAL_GATEWAY:RAW', 'DC_SOURCE', 17, 'varchar', 16, 0, 2, 1, 'LF', '', 'DC_SOURCE', 'BASE_TP_090421', 0, 1, 'PUBLICKEY', null );
insert into Measurementcolumn ( MTABLEID, DATANAME, COLNUMBER, DATATYPE, DATASIZE, DATASCALE, UNIQUEVALUE, NULLABLE, INDEXES, DESCRIPTION, DATAID, RELEASEID, UNIQUEKEY, INCLUDESQL, COLTYPE, FOLLOWJOHN ) values ( 'DC_E_AFG:((13)):DC_E_AFG_VIRTUAL_GATEWAY:RAW', 'DC_SUSPECTFLAG', 19, 'int', 0, 0, 2, 1, 'LF', '', 'DC_SUSPECTFLAG', 'BASE_TP_090421', 0, 1, 'PUBLICKEY', null );
insert into Measurementcolumn ( MTABLEID, DATANAME, COLNUMBER, DATATYPE, DATASIZE, DATASCALE, UNIQUEVALUE, NULLABLE, INDEXES, DESCRIPTION, DATAID, RELEASEID, UNIQUEKEY, INCLUDESQL, COLTYPE, FOLLOWJOHN ) values ( 'DC_E_AFG:((13)):DC_E_AFG_VIRTUAL_GATEWAY:RAW', 'DC_TIMEZONE', 18, 'varchar', 16, 0, 2, 1, 'LF', '', 'DC_TIMEZONE', 'BASE_TP_090421', 0, 1, 'PUBLICKEY', null );
insert into Measurementcolumn ( MTABLEID, DATANAME, COLNUMBER, DATATYPE, DATASIZE, DATASCALE, UNIQUEVALUE, NULLABLE, INDEXES, DESCRIPTION, DATAID, RELEASEID, UNIQUEKEY, INCLUDESQL, COLTYPE, FOLLOWJOHN ) values ( 'DC_E_AFG:((13)):DC_E_AFG_VIRTUAL_GATEWAY:RAW', 'HOUR_ID', 8, 'tinyint', 0, 0, 24, 1, 'LF', '', 'HOUR_ID', 'BASE_TP_090421', 0, 0, 'PUBLICKEY', null );
insert into Measurementcolumn ( MTABLEID, DATANAME, COLNUMBER, DATATYPE, DATASIZE, DATASCALE, UNIQUEVALUE, NULLABLE, INDEXES, DESCRIPTION, DATAID, RELEASEID, UNIQUEKEY, INCLUDESQL, COLTYPE, FOLLOWJOHN ) values ( 'DC_E_AFG:((13)):DC_E_AFG_VIRTUAL_GATEWAY:RAW', 'MIN_ID', 10, 'tinyint', 0, 0, 60, 1, 'LF', '', 'MIN_ID', 'BASE_TP_090421', 0, 0, 'PUBLICKEY', null );
insert into Measurementcolumn ( MTABLEID, DATANAME, COLNUMBER, DATATYPE, DATASIZE, DATASCALE, UNIQUEVALUE, NULLABLE, INDEXES, DESCRIPTION, DATAID, RELEASEID, UNIQUEKEY, INCLUDESQL, COLTYPE, FOLLOWJOHN ) values ( 'DC_E_AFG:((13)):DC_E_AFG_VIRTUAL_GATEWAY:RAW', 'MONTH_ID', 6, 'tinyint', 0, 0, 12, 1, 'LF', '', 'MONTH_ID', 'BASE_TP_090421', 0, 0, 'PUBLICKEY', null );
insert into Measurementcolumn ( MTABLEID, DATANAME, COLNUMBER, DATATYPE, DATASIZE, DATASCALE, UNIQUEVALUE, NULLABLE, INDEXES, DESCRIPTION, DATAID, RELEASEID, UNIQUEKEY, INCLUDESQL, COLTYPE, FOLLOWJOHN ) values ( 'DC_E_AFG:((13)):DC_E_AFG_VIRTUAL_GATEWAY:RAW', 'NODE_NAME', 2, 'varchar', 50, 0, 255, 1, 'HG', 'Node Name', 'NODE_NAME', 'DC_E_AFG:((13))', 1, 1, 'KEY', null );
insert into Measurementcolumn ( MTABLEID, DATANAME, COLNUMBER, DATATYPE, DATASIZE, DATASCALE, UNIQUEVALUE, NULLABLE, INDEXES, DESCRIPTION, DATAID, RELEASEID, UNIQUEKEY, INCLUDESQL, COLTYPE, FOLLOWJOHN ) values ( 'DC_E_AFG:((13)):DC_E_AFG_VIRTUAL_GATEWAY:RAW', 'OSS_ID', 1, 'varchar', 50, 0, 255, 1, 'HG', 'OSS Id', 'OSS_ID', 'DC_E_AFG:((13))', 1, 1, 'KEY', null );
insert into Measurementcolumn ( MTABLEID, DATANAME, COLNUMBER, DATATYPE, DATASIZE, DATASCALE, UNIQUEVALUE, NULLABLE, INDEXES, DESCRIPTION, DATAID, RELEASEID, UNIQUEKEY, INCLUDESQL, COLTYPE, FOLLOWJOHN ) values ( 'DC_E_AFG:((13)):DC_E_AFG_VIRTUAL_GATEWAY:RAW', 'PERIOD_DURATION', 14, 'unsigned int', 0, 0, 10, 1, '', '', 'PERIOD_DURATION', 'BASE_TP_090421', 0, 1, 'PUBLICKEY', null );
insert into Measurementcolumn ( MTABLEID, DATANAME, COLNUMBER, DATATYPE, DATASIZE, DATASCALE, UNIQUEVALUE, NULLABLE, INDEXES, DESCRIPTION, DATAID, RELEASEID, UNIQUEKEY, INCLUDESQL, COLTYPE, FOLLOWJOHN ) values ( 'DC_E_AFG:((13)):DC_E_AFG_VIRTUAL_GATEWAY:RAW', 'ROWSTATUS', 15, 'varchar', 16, 0, 10, 1, '', '', 'ROWSTATUS', 'BASE_TP_090421', 0, 1, 'PUBLICKEY', null );
insert into Measurementcolumn ( MTABLEID, DATANAME, COLNUMBER, DATATYPE, DATASIZE, DATASCALE, UNIQUEVALUE, NULLABLE, INDEXES, DESCRIPTION, DATAID, RELEASEID, UNIQUEKEY, INCLUDESQL, COLTYPE, FOLLOWJOHN ) values ( 'DC_E_AFG:((13)):DC_E_AFG_VIRTUAL_GATEWAY:RAW', 'SESSION_ID', 12, 'unsigned int', 0, 0, 255, 1, '', '', 'SESSION_ID', 'BASE_TP_090421', 0, 0, 'PUBLICKEY', null );
insert into Measurementcolumn ( MTABLEID, DATANAME, COLNUMBER, DATATYPE, DATASIZE, DATASCALE, UNIQUEVALUE, NULLABLE, INDEXES, DESCRIPTION, DATAID, RELEASEID, UNIQUEKEY, INCLUDESQL, COLTYPE, FOLLOWJOHN ) values ( 'DC_E_AFG:((13)):DC_E_AFG_VIRTUAL_GATEWAY:RAW', 'TIMELEVEL', 11, 'varchar', 10, 0, 10, 1, 'LF', '', 'TIMELEVEL', 'BASE_TP_090421', 0, 0, 'PUBLICKEY', null );
insert into Measurementcolumn ( MTABLEID, DATANAME, COLNUMBER, DATATYPE, DATASIZE, DATASCALE, UNIQUEVALUE, NULLABLE, INDEXES, DESCRIPTION, DATAID, RELEASEID, UNIQUEKEY, INCLUDESQL, COLTYPE, FOLLOWJOHN ) values ( 'DC_E_AFG:((13)):DC_E_AFG_VIRTUAL_GATEWAY:RAW', 'UTC_DATETIME_ID', 20, 'datetime', 0, 0, 255, 1, 'HG', '', 'UTC_DATETIME_ID', 'BASE_TP_090421', 1, 1, 'PUBLICKEY', null );
insert into Measurementcolumn ( MTABLEID, DATANAME, COLNUMBER, DATATYPE, DATASIZE, DATASCALE, UNIQUEVALUE, NULLABLE, INDEXES, DESCRIPTION, DATAID, RELEASEID, UNIQUEKEY, INCLUDESQL, COLTYPE, FOLLOWJOHN ) values ( 'DC_E_AFG:((13)):DC_E_AFG_VIRTUAL_GATEWAY:RAW', 'VIRTUAL_GATEWAY', 3, 'varchar', 35, 0, 255, 1, 'HG', 'Virtual gateway', 'VIRTUAL_GATEWAY', 'DC_E_AFG:((13))', 1, 1, 'KEY', null );
insert into Measurementcolumn ( MTABLEID, DATANAME, COLNUMBER, DATATYPE, DATASIZE, DATASCALE, UNIQUEVALUE, NULLABLE, INDEXES, DESCRIPTION, DATAID, RELEASEID, UNIQUEKEY, INCLUDESQL, COLTYPE, FOLLOWJOHN ) values ( 'DC_E_AFG:((13)):DC_E_AFG_VIRTUAL_GATEWAY:RAW', 'YEAR_ID', 5, 'smallint', 0, 0, 20, 1, 'LF', '', 'YEAR_ID', 'BASE_TP_090421', 0, 0, 'PUBLICKEY', null );
insert into Measurementcolumn ( MTABLEID, DATANAME, COLNUMBER, DATATYPE, DATASIZE, DATASCALE, UNIQUEVALUE, NULLABLE, INDEXES, DESCRIPTION, DATAID, RELEASEID, UNIQUEKEY, INCLUDESQL, COLTYPE, FOLLOWJOHN ) values ( 'DC_E_AFG:((13)):DC_E_AFG_VIRTUAL_GATEWAY:RAW', 'vgAcceptedReq_actual', 21, 'numeric', 20, 0, 255, 1, '', 'Number of accepted requests during the period specified by the configuration parameter ''apsCheckCapacityUsageInterval''.', 'vgAcceptedReq.actual', 'DC_E_AFG:((13))', 0, 1, 'COUNTER', null );
insert into Measurementcolumn ( MTABLEID, DATANAME, COLNUMBER, DATATYPE, DATASIZE, DATASCALE, UNIQUEVALUE, NULLABLE, INDEXES, DESCRIPTION, DATAID, RELEASEID, UNIQUEKEY, INCLUDESQL, COLTYPE, FOLLOWJOHN ) values ( 'DC_E_AFG:((13)):DC_E_AFG_VIRTUAL_GATEWAY:RAW', 'vgAcceptedReq_delta', 22, 'numeric', 20, 0, 255, 1, '', 'Number of accepted requests during the period specified by the configuration parameter ''apsCheckCapacityUsageInterval''.', 'vgAcceptedReq.delta', 'DC_E_AFG:((13))', 0, 1, 'COUNTER', null );
insert into Measurementcolumn ( MTABLEID, DATANAME, COLNUMBER, DATATYPE, DATASIZE, DATASCALE, UNIQUEVALUE, NULLABLE, INDEXES, DESCRIPTION, DATAID, RELEASEID, UNIQUEKEY, INCLUDESQL, COLTYPE, FOLLOWJOHN ) values ( 'DC_E_AFG:((13)):DC_E_AFG_VIRTUAL_GATEWAY:RAW', 'vgPeakTransTimeIntervalLength_actual', 23, 'numeric', 24, 4, 255, 1, '', 'Length of the current usage capacity time interval in seconds.', 'vgPeakTransTimeIntervalLength.actual', 'DC_E_AFG:((13))', 0, 1, 'COUNTER', null );
insert into Measurementcolumn ( MTABLEID, DATANAME, COLNUMBER, DATATYPE, DATASIZE, DATASCALE, UNIQUEVALUE, NULLABLE, INDEXES, DESCRIPTION, DATAID, RELEASEID, UNIQUEKEY, INCLUDESQL, COLTYPE, FOLLOWJOHN ) values ( 'DC_E_AFG:((13)):DC_E_AFG_VIRTUAL_GATEWAY:RAW', 'vgPeakTransTimeIntervalLength_max', 25, 'numeric', 24, 4, 255, 1, '', 'Length of the current usage capacity time interval in seconds.', 'vgPeakTransTimeIntervalLength.max', 'DC_E_AFG:((13))', 0, 1, 'COUNTER', null );
insert into Measurementcolumn ( MTABLEID, DATANAME, COLNUMBER, DATATYPE, DATASIZE, DATASCALE, UNIQUEVALUE, NULLABLE, INDEXES, DESCRIPTION, DATAID, RELEASEID, UNIQUEKEY, INCLUDESQL, COLTYPE, FOLLOWJOHN ) values ( 'DC_E_AFG:((13)):DC_E_AFG_VIRTUAL_GATEWAY:RAW', 'vgPeakTransTimeIntervalLength_min', 24, 'numeric', 24, 4, 255, 1, '', 'Length of the current usage capacity time interval in seconds.', 'vgPeakTransTimeIntervalLength.min', 'DC_E_AFG:((13))', 0, 1, 'COUNTER', null );
insert into Measurementcolumn ( MTABLEID, DATANAME, COLNUMBER, DATATYPE, DATASIZE, DATASCALE, UNIQUEVALUE, NULLABLE, INDEXES, DESCRIPTION, DATAID, RELEASEID, UNIQUEKEY, INCLUDESQL, COLTYPE, FOLLOWJOHN ) values ( 'DC_E_AFG:((13)):DC_E_AFG_VIRTUAL_GATEWAY:RAW', 'vgPeakTransTransPerTimeInterval_actual', 26, 'numeric', 24, 4, 255, 1, '', 'Peak value of the number of processed transactions per usage capacity time interval during the sampling interval. This value is an absolute value.', 'vgPeakTransTransPerTimeInterval.actual', 'DC_E_AFG:((13))', 0, 1, 'COUNTER', null );
insert into Measurementcolumn ( MTABLEID, DATANAME, COLNUMBER, DATATYPE, DATASIZE, DATASCALE, UNIQUEVALUE, NULLABLE, INDEXES, DESCRIPTION, DATAID, RELEASEID, UNIQUEKEY, INCLUDESQL, COLTYPE, FOLLOWJOHN ) values ( 'DC_E_AFG:((13)):DC_E_AFG_VIRTUAL_GATEWAY:RAW', 'vgPeakTransTransPerTimeInterval_max', 28, 'numeric', 24, 4, 255, 1, '', 'Peak value of the number of processed transactions per usage capacity time interval during the sampling interval. This value is an absolute value.', 'vgPeakTransTransPerTimeInterval.max', 'DC_E_AFG:((13))', 0, 1, 'COUNTER', null );
insert into Measurementcolumn ( MTABLEID, DATANAME, COLNUMBER, DATATYPE, DATASIZE, DATASCALE, UNIQUEVALUE, NULLABLE, INDEXES, DESCRIPTION, DATAID, RELEASEID, UNIQUEKEY, INCLUDESQL, COLTYPE, FOLLOWJOHN ) values ( 'DC_E_AFG:((13)):DC_E_AFG_VIRTUAL_GATEWAY:RAW', 'vgPeakTransTransPerTimeInterval_min', 27, 'numeric', 24, 4, 255, 1, '', 'Peak value of the number of processed transactions per usage capacity time interval during the sampling interval. This value is an absolute value.', 'vgPeakTransTransPerTimeInterval.min', 'DC_E_AFG:((13))', 0, 1, 'COUNTER', null );
insert into Measurementcolumn ( MTABLEID, DATANAME, COLNUMBER, DATATYPE, DATASIZE, DATASCALE, UNIQUEVALUE, NULLABLE, INDEXES, DESCRIPTION, DATAID, RELEASEID, UNIQUEKEY, INCLUDESQL, COLTYPE, FOLLOWJOHN ) values ( 'DC_E_AFG:((13)):DC_E_AFG_VIRTUAL_GATEWAY:RAW', 'vgRejectedReq_actual', 29, 'numeric', 20, 0, 255, 1, '', 'Number of rejected requests during the period specified by the configuration parameter ''apsCheckCapacityUsageInterval''.', 'vgRejectedReq.actual', 'DC_E_AFG:((13))', 0, 1, 'COUNTER', null );
insert into Measurementcolumn ( MTABLEID, DATANAME, COLNUMBER, DATATYPE, DATASIZE, DATASCALE, UNIQUEVALUE, NULLABLE, INDEXES, DESCRIPTION, DATAID, RELEASEID, UNIQUEKEY, INCLUDESQL, COLTYPE, FOLLOWJOHN ) values ( 'DC_E_AFG:((13)):DC_E_AFG_VIRTUAL_GATEWAY:RAW', 'vgRejectedReq_delta', 30, 'numeric', 20, 0, 255, 1, '', 'Number of rejected requests during the period specified by the configuration parameter ''apsCheckCapacityUsageInterval''.', 'vgRejectedReq.delta', 'DC_E_AFG:((13))', 0, 1, 'COUNTER', null );
insert into Busyhour ( VERSIONID, BHLEVEL, BHTYPE, BHCRITERIA, WHERECLAUSE, DESCRIPTION, TARGETVERSIONID, BHOBJECT, BHELEMENT, ENABLE, AGGREGATIONTYPE, BHOFFSET, WINDOWSIZE, LOOKBACK, P_THRESHOLD, N_THRESHOLD, CLAUSE, PLACEHOLDERTYPE, GROUPING, REACTIVATEVIEWS ) values ( 'DC_E_AFG:((13))', 'DC_E_AFG_AFGBH', 'CP0', '', '', '', 'DC_E_AFG:((13))', 'AFG', 0, 0, 'RANKBH_TIMELIMITED', 0, 60, 0, 0, 0, '', 'CP', 'None', 0 );
insert into Busyhour ( VERSIONID, BHLEVEL, BHTYPE, BHCRITERIA, WHERECLAUSE, DESCRIPTION, TARGETVERSIONID, BHOBJECT, BHELEMENT, ENABLE, AGGREGATIONTYPE, BHOFFSET, WINDOWSIZE, LOOKBACK, P_THRESHOLD, N_THRESHOLD, CLAUSE, PLACEHOLDERTYPE, GROUPING, REACTIVATEVIEWS ) values ( 'DC_E_AFG:((13))', 'DC_E_AFG_AFGBH', 'CP1', '', '', '', 'DC_E_AFG:((13))', 'AFG', 0, 0, 'RANKBH_TIMELIMITED', 0, 60, 0, 0, 0, '', 'CP', 'None', 0 );
insert into Busyhour ( VERSIONID, BHLEVEL, BHTYPE, BHCRITERIA, WHERECLAUSE, DESCRIPTION, TARGETVERSIONID, BHOBJECT, BHELEMENT, ENABLE, AGGREGATIONTYPE, BHOFFSET, WINDOWSIZE, LOOKBACK, P_THRESHOLD, N_THRESHOLD, CLAUSE, PLACEHOLDERTYPE, GROUPING, REACTIVATEVIEWS ) values ( 'DC_E_AFG:((13))', 'DC_E_AFG_AFGBH', 'CP2', '', '', '', 'DC_E_AFG:((13))', 'AFG', 0, 0, 'RANKBH_TIMELIMITED', 0, 60, 0, 0, 0, '', 'CP', 'None', 0 );
insert into Busyhour ( VERSIONID, BHLEVEL, BHTYPE, BHCRITERIA, WHERECLAUSE, DESCRIPTION, TARGETVERSIONID, BHOBJECT, BHELEMENT, ENABLE, AGGREGATIONTYPE, BHOFFSET, WINDOWSIZE, LOOKBACK, P_THRESHOLD, N_THRESHOLD, CLAUSE, PLACEHOLDERTYPE, GROUPING, REACTIVATEVIEWS ) values ( 'DC_E_AFG:((13))', 'DC_E_AFG_AFGBH', 'CP3', '', '', '', 'DC_E_AFG:((13))', 'AFG', 0, 0, 'RANKBH_TIMELIMITED', 0, 60, 0, 0, 0, '', 'CP', 'None', 0 );
insert into Busyhour ( VERSIONID, BHLEVEL, BHTYPE, BHCRITERIA, WHERECLAUSE, DESCRIPTION, TARGETVERSIONID, BHOBJECT, BHELEMENT, ENABLE, AGGREGATIONTYPE, BHOFFSET, WINDOWSIZE, LOOKBACK, P_THRESHOLD, N_THRESHOLD, CLAUSE, PLACEHOLDERTYPE, GROUPING, REACTIVATEVIEWS ) values ( 'DC_E_AFG:((13))', 'DC_E_AFG_AFGBH', 'CP4', '', '', '', 'DC_E_AFG:((13))', 'AFG', 0, 0, 'RANKBH_TIMELIMITED', 0, 60, 0, 0, 0, '', 'CP', 'None', 0 );
insert into Busyhour ( VERSIONID, BHLEVEL, BHTYPE, BHCRITERIA, WHERECLAUSE, DESCRIPTION, TARGETVERSIONID, BHOBJECT, BHELEMENT, ENABLE, AGGREGATIONTYPE, BHOFFSET, WINDOWSIZE, LOOKBACK, P_THRESHOLD, N_THRESHOLD, CLAUSE, PLACEHOLDERTYPE, GROUPING, REACTIVATEVIEWS ) values ( 'DC_E_AFG:((13))', 'DC_E_AFG_AFGBH', 'PP0', '', '', '', 'DC_E_AFG:((13))', 'AFG', 0, 0, 'RANKBH_TIMELIMITED', 0, 60, 0, 0, 0, '', 'PP', 'None', 0 );
insert into Busyhour ( VERSIONID, BHLEVEL, BHTYPE, BHCRITERIA, WHERECLAUSE, DESCRIPTION, TARGETVERSIONID, BHOBJECT, BHELEMENT, ENABLE, AGGREGATIONTYPE, BHOFFSET, WINDOWSIZE, LOOKBACK, P_THRESHOLD, N_THRESHOLD, CLAUSE, PLACEHOLDERTYPE, GROUPING, REACTIVATEVIEWS ) values ( 'DC_E_AFG:((13))', 'DC_E_AFG_AFGBH', 'PP1', '', '', '', 'DC_E_AFG:((13))', 'AFG', 0, 0, 'RANKBH_TIMELIMITED', 0, 60, 0, 0, 0, '', 'PP', 'None', 0 );
insert into Busyhour ( VERSIONID, BHLEVEL, BHTYPE, BHCRITERIA, WHERECLAUSE, DESCRIPTION, TARGETVERSIONID, BHOBJECT, BHELEMENT, ENABLE, AGGREGATIONTYPE, BHOFFSET, WINDOWSIZE, LOOKBACK, P_THRESHOLD, N_THRESHOLD, CLAUSE, PLACEHOLDERTYPE, GROUPING, REACTIVATEVIEWS ) values ( 'DC_E_AFG:((13))', 'DC_E_AFG_AFGBH', 'PP2', '', '', '', 'DC_E_AFG:((13))', 'AFG', 0, 0, 'RANKBH_TIMELIMITED', 0, 60, 0, 0, 0, '', 'PP', 'None', 0 );
insert into Busyhour ( VERSIONID, BHLEVEL, BHTYPE, BHCRITERIA, WHERECLAUSE, DESCRIPTION, TARGETVERSIONID, BHOBJECT, BHELEMENT, ENABLE, AGGREGATIONTYPE, BHOFFSET, WINDOWSIZE, LOOKBACK, P_THRESHOLD, N_THRESHOLD, CLAUSE, PLACEHOLDERTYPE, GROUPING, REACTIVATEVIEWS ) values ( 'DC_E_AFG:((13))', 'DC_E_AFG_AFGBH', 'PP3', '', '', '', 'DC_E_AFG:((13))', 'AFG', 0, 0, 'RANKBH_TIMELIMITED', 0, 60, 0, 0, 0, '', 'PP', 'None', 0 );
insert into Busyhour ( VERSIONID, BHLEVEL, BHTYPE, BHCRITERIA, WHERECLAUSE, DESCRIPTION, TARGETVERSIONID, BHOBJECT, BHELEMENT, ENABLE, AGGREGATIONTYPE, BHOFFSET, WINDOWSIZE, LOOKBACK, P_THRESHOLD, N_THRESHOLD, CLAUSE, PLACEHOLDERTYPE, GROUPING, REACTIVATEVIEWS ) values ( 'DC_E_AFG:((13))', 'DC_E_AFG_AFGBH', 'PP4', '', '', '', 'DC_E_AFG:((13))', 'AFG', 0, 0, 'RANKBH_TIMELIMITED', 0, 60, 0, 0, 0, '', 'PP', 'None', 0 );
insert into Busyhourmapping ( VERSIONID, BHLEVEL, BHTYPE, TARGETVERSIONID, BHOBJECT, TYPEID, BHTARGETTYPE, BHTARGETLEVEL, ENABLE ) values ( 'DC_E_AFG:((13))', 'DC_E_AFG_AFGBH', 'CP0', 'DC_E_AFG:((13))', 'AFG', 'DC_E_AFG:((13)):DC_E_AFG_AGG_PROXY', 'DC_E_AFG_AGG_PROXY', 'AFG_CP0', 1 );
insert into Busyhourmapping ( VERSIONID, BHLEVEL, BHTYPE, TARGETVERSIONID, BHOBJECT, TYPEID, BHTARGETTYPE, BHTARGETLEVEL, ENABLE ) values ( 'DC_E_AFG:((13))', 'DC_E_AFG_AFGBH', 'CP0', 'DC_E_AFG:((13))', 'AFG', 'DC_E_AFG:((13)):DC_E_AFG_BOOTSTRAP_FUNC', 'DC_E_AFG_BOOTSTRAP_FUNC', 'AFG_CP0', 1 );
insert into Busyhourmapping ( VERSIONID, BHLEVEL, BHTYPE, TARGETVERSIONID, BHOBJECT, TYPEID, BHTARGETTYPE, BHTARGETLEVEL, ENABLE ) values ( 'DC_E_AFG:((13))', 'DC_E_AFG_AFGBH', 'CP0', 'DC_E_AFG:((13))', 'AFG', 'DC_E_AFG:((13)):DC_E_AFG_DIAMETER', 'DC_E_AFG_DIAMETER', 'AFG_CP0', 1 );
insert into Busyhourmapping ( VERSIONID, BHLEVEL, BHTYPE, TARGETVERSIONID, BHOBJECT, TYPEID, BHTARGETTYPE, BHTARGETLEVEL, ENABLE ) values ( 'DC_E_AFG:((13))', 'DC_E_AFG_AFGBH', 'CP0', 'DC_E_AFG:((13))', 'AFG', 'DC_E_AFG:((13)):DC_E_AFG_OPENID_CONN', 'DC_E_AFG_OPENID_CONN', 'AFG_CP0', 1 );
insert into Busyhourmapping ( VERSIONID, BHLEVEL, BHTYPE, TARGETVERSIONID, BHOBJECT, TYPEID, BHTARGETTYPE, BHTARGETLEVEL, ENABLE ) values ( 'DC_E_AFG:((13))', 'DC_E_AFG_AFGBH', 'CP0', 'DC_E_AFG:((13))', 'AFG', 'DC_E_AFG:((13)):DC_E_AFG_SYSTEM', 'DC_E_AFG_SYSTEM', 'AFG_CP0', 1 );
insert into Busyhourmapping ( VERSIONID, BHLEVEL, BHTYPE, TARGETVERSIONID, BHOBJECT, TYPEID, BHTARGETTYPE, BHTARGETLEVEL, ENABLE ) values ( 'DC_E_AFG:((13))', 'DC_E_AFG_AFGBH', 'CP0', 'DC_E_AFG:((13))', 'AFG', 'DC_E_AFG:((13)):DC_E_AFG_TRUSTEDPROXY', 'DC_E_AFG_TRUSTEDPROXY', 'AFG_CP0', 1 );
insert into Busyhourmapping ( VERSIONID, BHLEVEL, BHTYPE, TARGETVERSIONID, BHOBJECT, TYPEID, BHTARGETTYPE, BHTARGETLEVEL, ENABLE ) values ( 'DC_E_AFG:((13))', 'DC_E_AFG_AFGBH', 'CP0', 'DC_E_AFG:((13))', 'AFG', 'DC_E_AFG:((13)):DC_E_AFG_VIRTUAL_GATEWAY', 'DC_E_AFG_VIRTUAL_GATEWAY', 'AFG_CP0', 1 );
insert into Busyhourmapping ( VERSIONID, BHLEVEL, BHTYPE, TARGETVERSIONID, BHOBJECT, TYPEID, BHTARGETTYPE, BHTARGETLEVEL, ENABLE ) values ( 'DC_E_AFG:((13))', 'DC_E_AFG_AFGBH', 'CP1', 'DC_E_AFG:((13))', 'AFG', 'DC_E_AFG:((13)):DC_E_AFG_AGG_PROXY', 'DC_E_AFG_AGG_PROXY', 'AFG_CP1', 1 );
insert into Busyhourmapping ( VERSIONID, BHLEVEL, BHTYPE, TARGETVERSIONID, BHOBJECT, TYPEID, BHTARGETTYPE, BHTARGETLEVEL, ENABLE ) values ( 'DC_E_AFG:((13))', 'DC_E_AFG_AFGBH', 'CP1', 'DC_E_AFG:((13))', 'AFG', 'DC_E_AFG:((13)):DC_E_AFG_BOOTSTRAP_FUNC', 'DC_E_AFG_BOOTSTRAP_FUNC', 'AFG_CP1', 1 );
insert into Busyhourmapping ( VERSIONID, BHLEVEL, BHTYPE, TARGETVERSIONID, BHOBJECT, TYPEID, BHTARGETTYPE, BHTARGETLEVEL, ENABLE ) values ( 'DC_E_AFG:((13))', 'DC_E_AFG_AFGBH', 'CP1', 'DC_E_AFG:((13))', 'AFG', 'DC_E_AFG:((13)):DC_E_AFG_DIAMETER', 'DC_E_AFG_DIAMETER', 'AFG_CP1', 1 );
insert into Busyhourmapping ( VERSIONID, BHLEVEL, BHTYPE, TARGETVERSIONID, BHOBJECT, TYPEID, BHTARGETTYPE, BHTARGETLEVEL, ENABLE ) values ( 'DC_E_AFG:((13))', 'DC_E_AFG_AFGBH', 'CP1', 'DC_E_AFG:((13))', 'AFG', 'DC_E_AFG:((13)):DC_E_AFG_OPENID_CONN', 'DC_E_AFG_OPENID_CONN', 'AFG_CP1', 1 );
insert into Busyhourmapping ( VERSIONID, BHLEVEL, BHTYPE, TARGETVERSIONID, BHOBJECT, TYPEID, BHTARGETTYPE, BHTARGETLEVEL, ENABLE ) values ( 'DC_E_AFG:((13))', 'DC_E_AFG_AFGBH', 'CP1', 'DC_E_AFG:((13))', 'AFG', 'DC_E_AFG:((13)):DC_E_AFG_SYSTEM', 'DC_E_AFG_SYSTEM', 'AFG_CP1', 1 );
insert into Busyhourmapping ( VERSIONID, BHLEVEL, BHTYPE, TARGETVERSIONID, BHOBJECT, TYPEID, BHTARGETTYPE, BHTARGETLEVEL, ENABLE ) values ( 'DC_E_AFG:((13))', 'DC_E_AFG_AFGBH', 'CP1', 'DC_E_AFG:((13))', 'AFG', 'DC_E_AFG:((13)):DC_E_AFG_TRUSTEDPROXY', 'DC_E_AFG_TRUSTEDPROXY', 'AFG_CP1', 1 );
insert into Busyhourmapping ( VERSIONID, BHLEVEL, BHTYPE, TARGETVERSIONID, BHOBJECT, TYPEID, BHTARGETTYPE, BHTARGETLEVEL, ENABLE ) values ( 'DC_E_AFG:((13))', 'DC_E_AFG_AFGBH', 'CP1', 'DC_E_AFG:((13))', 'AFG', 'DC_E_AFG:((13)):DC_E_AFG_VIRTUAL_GATEWAY', 'DC_E_AFG_VIRTUAL_GATEWAY', 'AFG_CP1', 1 );
insert into Busyhourmapping ( VERSIONID, BHLEVEL, BHTYPE, TARGETVERSIONID, BHOBJECT, TYPEID, BHTARGETTYPE, BHTARGETLEVEL, ENABLE ) values ( 'DC_E_AFG:((13))', 'DC_E_AFG_AFGBH', 'CP2', 'DC_E_AFG:((13))', 'AFG', 'DC_E_AFG:((13)):DC_E_AFG_AGG_PROXY', 'DC_E_AFG_AGG_PROXY', 'AFG_CP2', 1 );
insert into Busyhourmapping ( VERSIONID, BHLEVEL, BHTYPE, TARGETVERSIONID, BHOBJECT, TYPEID, BHTARGETTYPE, BHTARGETLEVEL, ENABLE ) values ( 'DC_E_AFG:((13))', 'DC_E_AFG_AFGBH', 'CP2', 'DC_E_AFG:((13))', 'AFG', 'DC_E_AFG:((13)):DC_E_AFG_BOOTSTRAP_FUNC', 'DC_E_AFG_BOOTSTRAP_FUNC', 'AFG_CP2', 1 );
insert into Busyhourmapping ( VERSIONID, BHLEVEL, BHTYPE, TARGETVERSIONID, BHOBJECT, TYPEID, BHTARGETTYPE, BHTARGETLEVEL, ENABLE ) values ( 'DC_E_AFG:((13))', 'DC_E_AFG_AFGBH', 'CP2', 'DC_E_AFG:((13))', 'AFG', 'DC_E_AFG:((13)):DC_E_AFG_DIAMETER', 'DC_E_AFG_DIAMETER', 'AFG_CP2', 1 );
insert into Busyhourmapping ( VERSIONID, BHLEVEL, BHTYPE, TARGETVERSIONID, BHOBJECT, TYPEID, BHTARGETTYPE, BHTARGETLEVEL, ENABLE ) values ( 'DC_E_AFG:((13))', 'DC_E_AFG_AFGBH', 'CP2', 'DC_E_AFG:((13))', 'AFG', 'DC_E_AFG:((13)):DC_E_AFG_OPENID_CONN', 'DC_E_AFG_OPENID_CONN', 'AFG_CP2', 1 );
insert into Busyhourmapping ( VERSIONID, BHLEVEL, BHTYPE, TARGETVERSIONID, BHOBJECT, TYPEID, BHTARGETTYPE, BHTARGETLEVEL, ENABLE ) values ( 'DC_E_AFG:((13))', 'DC_E_AFG_AFGBH', 'CP2', 'DC_E_AFG:((13))', 'AFG', 'DC_E_AFG:((13)):DC_E_AFG_SYSTEM', 'DC_E_AFG_SYSTEM', 'AFG_CP2', 1 );
insert into Busyhourmapping ( VERSIONID, BHLEVEL, BHTYPE, TARGETVERSIONID, BHOBJECT, TYPEID, BHTARGETTYPE, BHTARGETLEVEL, ENABLE ) values ( 'DC_E_AFG:((13))', 'DC_E_AFG_AFGBH', 'CP2', 'DC_E_AFG:((13))', 'AFG', 'DC_E_AFG:((13)):DC_E_AFG_TRUSTEDPROXY', 'DC_E_AFG_TRUSTEDPROXY', 'AFG_CP2', 1 );
insert into Busyhourmapping ( VERSIONID, BHLEVEL, BHTYPE, TARGETVERSIONID, BHOBJECT, TYPEID, BHTARGETTYPE, BHTARGETLEVEL, ENABLE ) values ( 'DC_E_AFG:((13))', 'DC_E_AFG_AFGBH', 'CP2', 'DC_E_AFG:((13))', 'AFG', 'DC_E_AFG:((13)):DC_E_AFG_VIRTUAL_GATEWAY', 'DC_E_AFG_VIRTUAL_GATEWAY', 'AFG_CP2', 1 );
insert into Busyhourmapping ( VERSIONID, BHLEVEL, BHTYPE, TARGETVERSIONID, BHOBJECT, TYPEID, BHTARGETTYPE, BHTARGETLEVEL, ENABLE ) values ( 'DC_E_AFG:((13))', 'DC_E_AFG_AFGBH', 'CP3', 'DC_E_AFG:((13))', 'AFG', 'DC_E_AFG:((13)):DC_E_AFG_AGG_PROXY', 'DC_E_AFG_AGG_PROXY', 'AFG_CP3', 1 );
insert into Busyhourmapping ( VERSIONID, BHLEVEL, BHTYPE, TARGETVERSIONID, BHOBJECT, TYPEID, BHTARGETTYPE, BHTARGETLEVEL, ENABLE ) values ( 'DC_E_AFG:((13))', 'DC_E_AFG_AFGBH', 'CP3', 'DC_E_AFG:((13))', 'AFG', 'DC_E_AFG:((13)):DC_E_AFG_BOOTSTRAP_FUNC', 'DC_E_AFG_BOOTSTRAP_FUNC', 'AFG_CP3', 1 );
insert into Busyhourmapping ( VERSIONID, BHLEVEL, BHTYPE, TARGETVERSIONID, BHOBJECT, TYPEID, BHTARGETTYPE, BHTARGETLEVEL, ENABLE ) values ( 'DC_E_AFG:((13))', 'DC_E_AFG_AFGBH', 'CP3', 'DC_E_AFG:((13))', 'AFG', 'DC_E_AFG:((13)):DC_E_AFG_DIAMETER', 'DC_E_AFG_DIAMETER', 'AFG_CP3', 1 );
insert into Busyhourmapping ( VERSIONID, BHLEVEL, BHTYPE, TARGETVERSIONID, BHOBJECT, TYPEID, BHTARGETTYPE, BHTARGETLEVEL, ENABLE ) values ( 'DC_E_AFG:((13))', 'DC_E_AFG_AFGBH', 'CP3', 'DC_E_AFG:((13))', 'AFG', 'DC_E_AFG:((13)):DC_E_AFG_OPENID_CONN', 'DC_E_AFG_OPENID_CONN', 'AFG_CP3', 1 );
insert into Busyhourmapping ( VERSIONID, BHLEVEL, BHTYPE, TARGETVERSIONID, BHOBJECT, TYPEID, BHTARGETTYPE, BHTARGETLEVEL, ENABLE ) values ( 'DC_E_AFG:((13))', 'DC_E_AFG_AFGBH', 'CP3', 'DC_E_AFG:((13))', 'AFG', 'DC_E_AFG:((13)):DC_E_AFG_SYSTEM', 'DC_E_AFG_SYSTEM', 'AFG_CP3', 1 );
insert into Busyhourmapping ( VERSIONID, BHLEVEL, BHTYPE, TARGETVERSIONID, BHOBJECT, TYPEID, BHTARGETTYPE, BHTARGETLEVEL, ENABLE ) values ( 'DC_E_AFG:((13))', 'DC_E_AFG_AFGBH', 'CP3', 'DC_E_AFG:((13))', 'AFG', 'DC_E_AFG:((13)):DC_E_AFG_TRUSTEDPROXY', 'DC_E_AFG_TRUSTEDPROXY', 'AFG_CP3', 1 );
insert into Busyhourmapping ( VERSIONID, BHLEVEL, BHTYPE, TARGETVERSIONID, BHOBJECT, TYPEID, BHTARGETTYPE, BHTARGETLEVEL, ENABLE ) values ( 'DC_E_AFG:((13))', 'DC_E_AFG_AFGBH', 'CP3', 'DC_E_AFG:((13))', 'AFG', 'DC_E_AFG:((13)):DC_E_AFG_VIRTUAL_GATEWAY', 'DC_E_AFG_VIRTUAL_GATEWAY', 'AFG_CP3', 1 );
insert into Busyhourmapping ( VERSIONID, BHLEVEL, BHTYPE, TARGETVERSIONID, BHOBJECT, TYPEID, BHTARGETTYPE, BHTARGETLEVEL, ENABLE ) values ( 'DC_E_AFG:((13))', 'DC_E_AFG_AFGBH', 'CP4', 'DC_E_AFG:((13))', 'AFG', 'DC_E_AFG:((13)):DC_E_AFG_AGG_PROXY', 'DC_E_AFG_AGG_PROXY', 'AFG_CP4', 1 );
insert into Busyhourmapping ( VERSIONID, BHLEVEL, BHTYPE, TARGETVERSIONID, BHOBJECT, TYPEID, BHTARGETTYPE, BHTARGETLEVEL, ENABLE ) values ( 'DC_E_AFG:((13))', 'DC_E_AFG_AFGBH', 'CP4', 'DC_E_AFG:((13))', 'AFG', 'DC_E_AFG:((13)):DC_E_AFG_BOOTSTRAP_FUNC', 'DC_E_AFG_BOOTSTRAP_FUNC', 'AFG_CP4', 1 );
insert into Busyhourmapping ( VERSIONID, BHLEVEL, BHTYPE, TARGETVERSIONID, BHOBJECT, TYPEID, BHTARGETTYPE, BHTARGETLEVEL, ENABLE ) values ( 'DC_E_AFG:((13))', 'DC_E_AFG_AFGBH', 'CP4', 'DC_E_AFG:((13))', 'AFG', 'DC_E_AFG:((13)):DC_E_AFG_DIAMETER', 'DC_E_AFG_DIAMETER', 'AFG_CP4', 1 );
insert into Busyhourmapping ( VERSIONID, BHLEVEL, BHTYPE, TARGETVERSIONID, BHOBJECT, TYPEID, BHTARGETTYPE, BHTARGETLEVEL, ENABLE ) values ( 'DC_E_AFG:((13))', 'DC_E_AFG_AFGBH', 'CP4', 'DC_E_AFG:((13))', 'AFG', 'DC_E_AFG:((13)):DC_E_AFG_OPENID_CONN', 'DC_E_AFG_OPENID_CONN', 'AFG_CP4', 1 );
insert into Busyhourmapping ( VERSIONID, BHLEVEL, BHTYPE, TARGETVERSIONID, BHOBJECT, TYPEID, BHTARGETTYPE, BHTARGETLEVEL, ENABLE ) values ( 'DC_E_AFG:((13))', 'DC_E_AFG_AFGBH', 'CP4', 'DC_E_AFG:((13))', 'AFG', 'DC_E_AFG:((13)):DC_E_AFG_SYSTEM', 'DC_E_AFG_SYSTEM', 'AFG_CP4', 1 );
insert into Busyhourmapping ( VERSIONID, BHLEVEL, BHTYPE, TARGETVERSIONID, BHOBJECT, TYPEID, BHTARGETTYPE, BHTARGETLEVEL, ENABLE ) values ( 'DC_E_AFG:((13))', 'DC_E_AFG_AFGBH', 'CP4', 'DC_E_AFG:((13))', 'AFG', 'DC_E_AFG:((13)):DC_E_AFG_TRUSTEDPROXY', 'DC_E_AFG_TRUSTEDPROXY', 'AFG_CP4', 1 );
insert into Busyhourmapping ( VERSIONID, BHLEVEL, BHTYPE, TARGETVERSIONID, BHOBJECT, TYPEID, BHTARGETTYPE, BHTARGETLEVEL, ENABLE ) values ( 'DC_E_AFG:((13))', 'DC_E_AFG_AFGBH', 'CP4', 'DC_E_AFG:((13))', 'AFG', 'DC_E_AFG:((13)):DC_E_AFG_VIRTUAL_GATEWAY', 'DC_E_AFG_VIRTUAL_GATEWAY', 'AFG_CP4', 1 );
insert into Busyhourmapping ( VERSIONID, BHLEVEL, BHTYPE, TARGETVERSIONID, BHOBJECT, TYPEID, BHTARGETTYPE, BHTARGETLEVEL, ENABLE ) values ( 'DC_E_AFG:((13))', 'DC_E_AFG_AFGBH', 'PP0', 'DC_E_AFG:((13))', 'AFG', 'DC_E_AFG:((13)):DC_E_AFG_AGG_PROXY', 'DC_E_AFG_AGG_PROXY', 'AFG_PP0', 1 );
insert into Busyhourmapping ( VERSIONID, BHLEVEL, BHTYPE, TARGETVERSIONID, BHOBJECT, TYPEID, BHTARGETTYPE, BHTARGETLEVEL, ENABLE ) values ( 'DC_E_AFG:((13))', 'DC_E_AFG_AFGBH', 'PP0', 'DC_E_AFG:((13))', 'AFG', 'DC_E_AFG:((13)):DC_E_AFG_BOOTSTRAP_FUNC', 'DC_E_AFG_BOOTSTRAP_FUNC', 'AFG_PP0', 1 );
insert into Busyhourmapping ( VERSIONID, BHLEVEL, BHTYPE, TARGETVERSIONID, BHOBJECT, TYPEID, BHTARGETTYPE, BHTARGETLEVEL, ENABLE ) values ( 'DC_E_AFG:((13))', 'DC_E_AFG_AFGBH', 'PP0', 'DC_E_AFG:((13))', 'AFG', 'DC_E_AFG:((13)):DC_E_AFG_DIAMETER', 'DC_E_AFG_DIAMETER', 'AFG_PP0', 1 );
insert into Busyhourmapping ( VERSIONID, BHLEVEL, BHTYPE, TARGETVERSIONID, BHOBJECT, TYPEID, BHTARGETTYPE, BHTARGETLEVEL, ENABLE ) values ( 'DC_E_AFG:((13))', 'DC_E_AFG_AFGBH', 'PP0', 'DC_E_AFG:((13))', 'AFG', 'DC_E_AFG:((13)):DC_E_AFG_OPENID_CONN', 'DC_E_AFG_OPENID_CONN', 'AFG_PP0', 1 );
insert into Busyhourmapping ( VERSIONID, BHLEVEL, BHTYPE, TARGETVERSIONID, BHOBJECT, TYPEID, BHTARGETTYPE, BHTARGETLEVEL, ENABLE ) values ( 'DC_E_AFG:((13))', 'DC_E_AFG_AFGBH', 'PP0', 'DC_E_AFG:((13))', 'AFG', 'DC_E_AFG:((13)):DC_E_AFG_SYSTEM', 'DC_E_AFG_SYSTEM', 'AFG_PP0', 1 );
insert into Busyhourmapping ( VERSIONID, BHLEVEL, BHTYPE, TARGETVERSIONID, BHOBJECT, TYPEID, BHTARGETTYPE, BHTARGETLEVEL, ENABLE ) values ( 'DC_E_AFG:((13))', 'DC_E_AFG_AFGBH', 'PP0', 'DC_E_AFG:((13))', 'AFG', 'DC_E_AFG:((13)):DC_E_AFG_TRUSTEDPROXY', 'DC_E_AFG_TRUSTEDPROXY', 'AFG_PP0', 1 );
insert into Busyhourmapping ( VERSIONID, BHLEVEL, BHTYPE, TARGETVERSIONID, BHOBJECT, TYPEID, BHTARGETTYPE, BHTARGETLEVEL, ENABLE ) values ( 'DC_E_AFG:((13))', 'DC_E_AFG_AFGBH', 'PP0', 'DC_E_AFG:((13))', 'AFG', 'DC_E_AFG:((13)):DC_E_AFG_VIRTUAL_GATEWAY', 'DC_E_AFG_VIRTUAL_GATEWAY', 'AFG_PP0', 1 );
insert into Busyhourmapping ( VERSIONID, BHLEVEL, BHTYPE, TARGETVERSIONID, BHOBJECT, TYPEID, BHTARGETTYPE, BHTARGETLEVEL, ENABLE ) values ( 'DC_E_AFG:((13))', 'DC_E_AFG_AFGBH', 'PP1', 'DC_E_AFG:((13))', 'AFG', 'DC_E_AFG:((13)):DC_E_AFG_AGG_PROXY', 'DC_E_AFG_AGG_PROXY', 'AFG_PP1', 1 );
insert into Busyhourmapping ( VERSIONID, BHLEVEL, BHTYPE, TARGETVERSIONID, BHOBJECT, TYPEID, BHTARGETTYPE, BHTARGETLEVEL, ENABLE ) values ( 'DC_E_AFG:((13))', 'DC_E_AFG_AFGBH', 'PP1', 'DC_E_AFG:((13))', 'AFG', 'DC_E_AFG:((13)):DC_E_AFG_BOOTSTRAP_FUNC', 'DC_E_AFG_BOOTSTRAP_FUNC', 'AFG_PP1', 1 );
insert into Busyhourmapping ( VERSIONID, BHLEVEL, BHTYPE, TARGETVERSIONID, BHOBJECT, TYPEID, BHTARGETTYPE, BHTARGETLEVEL, ENABLE ) values ( 'DC_E_AFG:((13))', 'DC_E_AFG_AFGBH', 'PP1', 'DC_E_AFG:((13))', 'AFG', 'DC_E_AFG:((13)):DC_E_AFG_DIAMETER', 'DC_E_AFG_DIAMETER', 'AFG_PP1', 1 );
insert into Busyhourmapping ( VERSIONID, BHLEVEL, BHTYPE, TARGETVERSIONID, BHOBJECT, TYPEID, BHTARGETTYPE, BHTARGETLEVEL, ENABLE ) values ( 'DC_E_AFG:((13))', 'DC_E_AFG_AFGBH', 'PP1', 'DC_E_AFG:((13))', 'AFG', 'DC_E_AFG:((13)):DC_E_AFG_OPENID_CONN', 'DC_E_AFG_OPENID_CONN', 'AFG_PP1', 1 );
insert into Busyhourmapping ( VERSIONID, BHLEVEL, BHTYPE, TARGETVERSIONID, BHOBJECT, TYPEID, BHTARGETTYPE, BHTARGETLEVEL, ENABLE ) values ( 'DC_E_AFG:((13))', 'DC_E_AFG_AFGBH', 'PP1', 'DC_E_AFG:((13))', 'AFG', 'DC_E_AFG:((13)):DC_E_AFG_SYSTEM', 'DC_E_AFG_SYSTEM', 'AFG_PP1', 1 );
insert into Busyhourmapping ( VERSIONID, BHLEVEL, BHTYPE, TARGETVERSIONID, BHOBJECT, TYPEID, BHTARGETTYPE, BHTARGETLEVEL, ENABLE ) values ( 'DC_E_AFG:((13))', 'DC_E_AFG_AFGBH', 'PP1', 'DC_E_AFG:((13))', 'AFG', 'DC_E_AFG:((13)):DC_E_AFG_TRUSTEDPROXY', 'DC_E_AFG_TRUSTEDPROXY', 'AFG_PP1', 1 );
insert into Busyhourmapping ( VERSIONID, BHLEVEL, BHTYPE, TARGETVERSIONID, BHOBJECT, TYPEID, BHTARGETTYPE, BHTARGETLEVEL, ENABLE ) values ( 'DC_E_AFG:((13))', 'DC_E_AFG_AFGBH', 'PP1', 'DC_E_AFG:((13))', 'AFG', 'DC_E_AFG:((13)):DC_E_AFG_VIRTUAL_GATEWAY', 'DC_E_AFG_VIRTUAL_GATEWAY', 'AFG_PP1', 1 );
insert into Busyhourmapping ( VERSIONID, BHLEVEL, BHTYPE, TARGETVERSIONID, BHOBJECT, TYPEID, BHTARGETTYPE, BHTARGETLEVEL, ENABLE ) values ( 'DC_E_AFG:((13))', 'DC_E_AFG_AFGBH', 'PP2', 'DC_E_AFG:((13))', 'AFG', 'DC_E_AFG:((13)):DC_E_AFG_AGG_PROXY', 'DC_E_AFG_AGG_PROXY', 'AFG_PP2', 1 );
insert into Busyhourmapping ( VERSIONID, BHLEVEL, BHTYPE, TARGETVERSIONID, BHOBJECT, TYPEID, BHTARGETTYPE, BHTARGETLEVEL, ENABLE ) values ( 'DC_E_AFG:((13))', 'DC_E_AFG_AFGBH', 'PP2', 'DC_E_AFG:((13))', 'AFG', 'DC_E_AFG:((13)):DC_E_AFG_BOOTSTRAP_FUNC', 'DC_E_AFG_BOOTSTRAP_FUNC', 'AFG_PP2', 1 );
insert into Busyhourmapping ( VERSIONID, BHLEVEL, BHTYPE, TARGETVERSIONID, BHOBJECT, TYPEID, BHTARGETTYPE, BHTARGETLEVEL, ENABLE ) values ( 'DC_E_AFG:((13))', 'DC_E_AFG_AFGBH', 'PP2', 'DC_E_AFG:((13))', 'AFG', 'DC_E_AFG:((13)):DC_E_AFG_DIAMETER', 'DC_E_AFG_DIAMETER', 'AFG_PP2', 1 );
insert into Busyhourmapping ( VERSIONID, BHLEVEL, BHTYPE, TARGETVERSIONID, BHOBJECT, TYPEID, BHTARGETTYPE, BHTARGETLEVEL, ENABLE ) values ( 'DC_E_AFG:((13))', 'DC_E_AFG_AFGBH', 'PP2', 'DC_E_AFG:((13))', 'AFG', 'DC_E_AFG:((13)):DC_E_AFG_OPENID_CONN', 'DC_E_AFG_OPENID_CONN', 'AFG_PP2', 1 );
insert into Busyhourmapping ( VERSIONID, BHLEVEL, BHTYPE, TARGETVERSIONID, BHOBJECT, TYPEID, BHTARGETTYPE, BHTARGETLEVEL, ENABLE ) values ( 'DC_E_AFG:((13))', 'DC_E_AFG_AFGBH', 'PP2', 'DC_E_AFG:((13))', 'AFG', 'DC_E_AFG:((13)):DC_E_AFG_SYSTEM', 'DC_E_AFG_SYSTEM', 'AFG_PP2', 1 );
insert into Busyhourmapping ( VERSIONID, BHLEVEL, BHTYPE, TARGETVERSIONID, BHOBJECT, TYPEID, BHTARGETTYPE, BHTARGETLEVEL, ENABLE ) values ( 'DC_E_AFG:((13))', 'DC_E_AFG_AFGBH', 'PP2', 'DC_E_AFG:((13))', 'AFG', 'DC_E_AFG:((13)):DC_E_AFG_TRUSTEDPROXY', 'DC_E_AFG_TRUSTEDPROXY', 'AFG_PP2', 1 );
insert into Busyhourmapping ( VERSIONID, BHLEVEL, BHTYPE, TARGETVERSIONID, BHOBJECT, TYPEID, BHTARGETTYPE, BHTARGETLEVEL, ENABLE ) values ( 'DC_E_AFG:((13))', 'DC_E_AFG_AFGBH', 'PP2', 'DC_E_AFG:((13))', 'AFG', 'DC_E_AFG:((13)):DC_E_AFG_VIRTUAL_GATEWAY', 'DC_E_AFG_VIRTUAL_GATEWAY', 'AFG_PP2', 1 );
insert into Busyhourmapping ( VERSIONID, BHLEVEL, BHTYPE, TARGETVERSIONID, BHOBJECT, TYPEID, BHTARGETTYPE, BHTARGETLEVEL, ENABLE ) values ( 'DC_E_AFG:((13))', 'DC_E_AFG_AFGBH', 'PP3', 'DC_E_AFG:((13))', 'AFG', 'DC_E_AFG:((13)):DC_E_AFG_AGG_PROXY', 'DC_E_AFG_AGG_PROXY', 'AFG_PP3', 1 );
insert into Busyhourmapping ( VERSIONID, BHLEVEL, BHTYPE, TARGETVERSIONID, BHOBJECT, TYPEID, BHTARGETTYPE, BHTARGETLEVEL, ENABLE ) values ( 'DC_E_AFG:((13))', 'DC_E_AFG_AFGBH', 'PP3', 'DC_E_AFG:((13))', 'AFG', 'DC_E_AFG:((13)):DC_E_AFG_BOOTSTRAP_FUNC', 'DC_E_AFG_BOOTSTRAP_FUNC', 'AFG_PP3', 1 );
insert into Busyhourmapping ( VERSIONID, BHLEVEL, BHTYPE, TARGETVERSIONID, BHOBJECT, TYPEID, BHTARGETTYPE, BHTARGETLEVEL, ENABLE ) values ( 'DC_E_AFG:((13))', 'DC_E_AFG_AFGBH', 'PP3', 'DC_E_AFG:((13))', 'AFG', 'DC_E_AFG:((13)):DC_E_AFG_DIAMETER', 'DC_E_AFG_DIAMETER', 'AFG_PP3', 1 );
insert into Busyhourmapping ( VERSIONID, BHLEVEL, BHTYPE, TARGETVERSIONID, BHOBJECT, TYPEID, BHTARGETTYPE, BHTARGETLEVEL, ENABLE ) values ( 'DC_E_AFG:((13))', 'DC_E_AFG_AFGBH', 'PP3', 'DC_E_AFG:((13))', 'AFG', 'DC_E_AFG:((13)):DC_E_AFG_OPENID_CONN', 'DC_E_AFG_OPENID_CONN', 'AFG_PP3', 1 );
insert into Busyhourmapping ( VERSIONID, BHLEVEL, BHTYPE, TARGETVERSIONID, BHOBJECT, TYPEID, BHTARGETTYPE, BHTARGETLEVEL, ENABLE ) values ( 'DC_E_AFG:((13))', 'DC_E_AFG_AFGBH', 'PP3', 'DC_E_AFG:((13))', 'AFG', 'DC_E_AFG:((13)):DC_E_AFG_SYSTEM', 'DC_E_AFG_SYSTEM', 'AFG_PP3', 1 );
insert into Busyhourmapping ( VERSIONID, BHLEVEL, BHTYPE, TARGETVERSIONID, BHOBJECT, TYPEID, BHTARGETTYPE, BHTARGETLEVEL, ENABLE ) values ( 'DC_E_AFG:((13))', 'DC_E_AFG_AFGBH', 'PP3', 'DC_E_AFG:((13))', 'AFG', 'DC_E_AFG:((13)):DC_E_AFG_TRUSTEDPROXY', 'DC_E_AFG_TRUSTEDPROXY', 'AFG_PP3', 1 );
insert into Busyhourmapping ( VERSIONID, BHLEVEL, BHTYPE, TARGETVERSIONID, BHOBJECT, TYPEID, BHTARGETTYPE, BHTARGETLEVEL, ENABLE ) values ( 'DC_E_AFG:((13))', 'DC_E_AFG_AFGBH', 'PP3', 'DC_E_AFG:((13))', 'AFG', 'DC_E_AFG:((13)):DC_E_AFG_VIRTUAL_GATEWAY', 'DC_E_AFG_VIRTUAL_GATEWAY', 'AFG_PP3', 1 );
insert into Busyhourmapping ( VERSIONID, BHLEVEL, BHTYPE, TARGETVERSIONID, BHOBJECT, TYPEID, BHTARGETTYPE, BHTARGETLEVEL, ENABLE ) values ( 'DC_E_AFG:((13))', 'DC_E_AFG_AFGBH', 'PP4', 'DC_E_AFG:((13))', 'AFG', 'DC_E_AFG:((13)):DC_E_AFG_AGG_PROXY', 'DC_E_AFG_AGG_PROXY', 'AFG_PP4', 1 );
insert into Busyhourmapping ( VERSIONID, BHLEVEL, BHTYPE, TARGETVERSIONID, BHOBJECT, TYPEID, BHTARGETTYPE, BHTARGETLEVEL, ENABLE ) values ( 'DC_E_AFG:((13))', 'DC_E_AFG_AFGBH', 'PP4', 'DC_E_AFG:((13))', 'AFG', 'DC_E_AFG:((13)):DC_E_AFG_BOOTSTRAP_FUNC', 'DC_E_AFG_BOOTSTRAP_FUNC', 'AFG_PP4', 1 );
insert into Busyhourmapping ( VERSIONID, BHLEVEL, BHTYPE, TARGETVERSIONID, BHOBJECT, TYPEID, BHTARGETTYPE, BHTARGETLEVEL, ENABLE ) values ( 'DC_E_AFG:((13))', 'DC_E_AFG_AFGBH', 'PP4', 'DC_E_AFG:((13))', 'AFG', 'DC_E_AFG:((13)):DC_E_AFG_DIAMETER', 'DC_E_AFG_DIAMETER', 'AFG_PP4', 1 );
insert into Busyhourmapping ( VERSIONID, BHLEVEL, BHTYPE, TARGETVERSIONID, BHOBJECT, TYPEID, BHTARGETTYPE, BHTARGETLEVEL, ENABLE ) values ( 'DC_E_AFG:((13))', 'DC_E_AFG_AFGBH', 'PP4', 'DC_E_AFG:((13))', 'AFG', 'DC_E_AFG:((13)):DC_E_AFG_OPENID_CONN', 'DC_E_AFG_OPENID_CONN', 'AFG_PP4', 1 );
insert into Busyhourmapping ( VERSIONID, BHLEVEL, BHTYPE, TARGETVERSIONID, BHOBJECT, TYPEID, BHTARGETTYPE, BHTARGETLEVEL, ENABLE ) values ( 'DC_E_AFG:((13))', 'DC_E_AFG_AFGBH', 'PP4', 'DC_E_AFG:((13))', 'AFG', 'DC_E_AFG:((13)):DC_E_AFG_SYSTEM', 'DC_E_AFG_SYSTEM', 'AFG_PP4', 1 );
insert into Busyhourmapping ( VERSIONID, BHLEVEL, BHTYPE, TARGETVERSIONID, BHOBJECT, TYPEID, BHTARGETTYPE, BHTARGETLEVEL, ENABLE ) values ( 'DC_E_AFG:((13))', 'DC_E_AFG_AFGBH', 'PP4', 'DC_E_AFG:((13))', 'AFG', 'DC_E_AFG:((13)):DC_E_AFG_TRUSTEDPROXY', 'DC_E_AFG_TRUSTEDPROXY', 'AFG_PP4', 1 );
insert into Busyhourmapping ( VERSIONID, BHLEVEL, BHTYPE, TARGETVERSIONID, BHOBJECT, TYPEID, BHTARGETTYPE, BHTARGETLEVEL, ENABLE ) values ( 'DC_E_AFG:((13))', 'DC_E_AFG_AFGBH', 'PP4', 'DC_E_AFG:((13))', 'AFG', 'DC_E_AFG:((13)):DC_E_AFG_VIRTUAL_GATEWAY', 'DC_E_AFG_VIRTUAL_GATEWAY', 'AFG_PP4', 1 );
insert into Busyhourplaceholders ( VERSIONID, BHLEVEL, PRODUCTPLACEHOLDERS, CUSTOMPLACEHOLDERS ) values ( 'DC_E_AFG:((13))', 'DC_E_AFG_AFGBH', 5, 5 );
insert into Techpackdependency ( VERSIONID, TECHPACKNAME, VERSION ) values ( 'DC_E_AFG:((13))', 'DIM_E_CN', 'R28B' );
insert into Techpackdependency ( VERSIONID, TECHPACKNAME, VERSION ) values ( 'DC_E_AFG:((13))', 'DWH_BASE', 'R12A' );
insert into Techpackdependency ( VERSIONID, TECHPACKNAME, VERSION ) values ( 'DC_E_AFG:((13))', 'DWH_MONITOR', 'R17B' );
insert into Referencetable ( TYPEID, VERSIONID, TYPENAME, OBJECTID, OBJECTNAME, OBJECTVERSION, OBJECTTYPE, DESCRIPTION, STATUS, UPDATE_POLICY, TABLE_TYPE, DATAFORMATSUPPORT, BASEDEF ) values ( 'DC_E_AFG:((13)):DIM_E_AFG_AFGBH_BHTYPE', 'DC_E_AFG:((13))', 'DIM_E_AFG_AFGBH_BHTYPE', 'DC_E_AFG:((13)):DIM_E_AFG_AFGBH_BHTYPE', 'DIM_E_AFG_AFGBH_BHTYPE', '', '', '', 0, 0, '', 0, 1 );
insert into Referencetable ( TYPEID, VERSIONID, TYPENAME, OBJECTID, OBJECTNAME, OBJECTVERSION, OBJECTTYPE, DESCRIPTION, STATUS, UPDATE_POLICY, TABLE_TYPE, DATAFORMATSUPPORT, BASEDEF ) values ( 'DC_E_AFG:((13)):SELECT_E_AFG_AGGLEVEL', 'DC_E_AFG:((13))', 'SELECT_E_AFG_AGGLEVEL', 'DC_E_AFG:((13)):SELECT_E_AFG_AGGLEVEL', 'SELECT_E_AFG_AGGLEVEL', '', '', '', 0, 0, 'VIEW', 0, 1 );
insert into Referencecolumn ( TYPEID, DATANAME, COLNUMBER, DATATYPE, DATASIZE, DATASCALE, UNIQUEVALUE, NULLABLE, INDEXES, UNIQUEKEY, INCLUDESQL, INCLUDEUPD, COLTYPE, DESCRIPTION, UNIVERSECLASS, UNIVERSEOBJECT, UNIVERSECONDITION, DATAID, BASEDEF ) values ( 'DC_E_AFG:((13)):DIM_E_AFG_AFGBH_BHTYPE', 'BHTYPE', 1, 'varchar', 50, 0, 255, 1, 'HG', 0, 1, 1, 'PUBLICCOL', null, null, null, null, null, 1 );
insert into Referencecolumn ( TYPEID, DATANAME, COLNUMBER, DATATYPE, DATASIZE, DATASCALE, UNIQUEVALUE, NULLABLE, INDEXES, UNIQUEKEY, INCLUDESQL, INCLUDEUPD, COLTYPE, DESCRIPTION, UNIVERSECLASS, UNIVERSEOBJECT, UNIVERSECONDITION, DATAID, BASEDEF ) values ( 'DC_E_AFG:((13)):DIM_E_AFG_AFGBH_BHTYPE', 'DESCRIPTION', 2, 'varchar', 80, 0, 255, 1, 'HG', 0, 1, 1, 'PUBLICCOL', null, null, null, null, null, 1 );
insert into Transformer ( TRANSFORMERID, VERSIONID, DESCRIPTION, TYPE ) values ( 'DC_E_AFG:((13)):DC_E_AFG_AGG_PROXY:3gpp32435', 'DC_E_AFG:((13))', '', 'SPECIFIC' );
insert into Transformer ( TRANSFORMERID, VERSIONID, DESCRIPTION, TYPE ) values ( 'DC_E_AFG:((13)):DC_E_AFG_BOOTSTRAP_FUNC:3gpp32435', 'DC_E_AFG:((13))', '', 'SPECIFIC' );
insert into Transformer ( TRANSFORMERID, VERSIONID, DESCRIPTION, TYPE ) values ( 'DC_E_AFG:((13)):DC_E_AFG_DIAMETER:3gpp32435', 'DC_E_AFG:((13))', '', 'SPECIFIC' );
insert into Transformer ( TRANSFORMERID, VERSIONID, DESCRIPTION, TYPE ) values ( 'DC_E_AFG:((13)):DC_E_AFG_OPENID_CONN:3gpp32435', 'DC_E_AFG:((13))', '', 'SPECIFIC' );
insert into Transformer ( TRANSFORMERID, VERSIONID, DESCRIPTION, TYPE ) values ( 'DC_E_AFG:((13)):DC_E_AFG_TRUSTEDPROXY:3gpp32435', 'DC_E_AFG:((13))', '', 'SPECIFIC' );
insert into Transformer ( TRANSFORMERID, VERSIONID, DESCRIPTION, TYPE ) values ( 'DC_E_AFG:((13)):DC_E_AFG_VIRTUAL_GATEWAY:3gpp32435', 'DC_E_AFG:((13))', '', 'SPECIFIC' );
insert into Transformer ( TRANSFORMERID, VERSIONID, DESCRIPTION, TYPE ) values ( 'DC_E_AFG:((13)):DC_E_AFG_SYSTEM:3gpp32435', 'DC_E_AFG:((13))', '', 'SPECIFIC' );
insert into Transformation ( TRANSFORMERID, ORDERNO, TYPE, SOURCE, TARGET, CONFIG, DESCRIPTION ) values ( 'DC_E_AFG:((13)):DC_E_AFG_AGG_PROXY:3gpp32435', 0, 'lookup', 'DIRNAME', 'OSS_ID', 'pattern=.+/(.+)/.+?/.+?', '' );
insert into Transformation ( TRANSFORMERID, ORDERNO, TYPE, SOURCE, TARGET, CONFIG, DESCRIPTION ) values ( 'DC_E_AFG:((13)):DC_E_AFG_AGG_PROXY:3gpp32435', 1, 'calculation', 'PERIOD_DURATION', 'PERIOD_DURATION', 'formula=/60', '' );
insert into Transformation ( TRANSFORMERID, ORDERNO, TYPE, SOURCE, TARGET, CONFIG, DESCRIPTION ) values ( 'DC_E_AFG:((13)):DC_E_AFG_AGG_PROXY:3gpp32435', 2, 'databaseLookup', 'PERIOD_DURATION', 'TIMELEVEL', 'sql=select DURATIONMIN, TIMELEVEL from DIM_TIMELEVEL where TABLELEVEL = ''RAW'' basetable=DIM_TIMELEVEL', '' );
insert into Transformation ( TRANSFORMERID, ORDERNO, TYPE, SOURCE, TARGET, CONFIG, DESCRIPTION ) values ( 'DC_E_AFG:((13)):DC_E_AFG_AGG_PROXY:3gpp32435', 3, 'lookup', 'filename', 'DATETIME_ID', 'pattern=A(.{13}).*', '' );
insert into Transformation ( TRANSFORMERID, ORDERNO, TYPE, SOURCE, TARGET, CONFIG, DESCRIPTION ) values ( 'DC_E_AFG:((13)):DC_E_AFG_AGG_PROXY:3gpp32435', 4, 'dateformat', 'DATETIME_ID', 'DATETIME_ID', 'oldformat=yyyyMMdd''.''HHmm newformat=yyyy-MM-dd HH:mm:00', '' );
insert into Transformation ( TRANSFORMERID, ORDERNO, TYPE, SOURCE, TARGET, CONFIG, DESCRIPTION ) values ( 'DC_E_AFG:((13)):DC_E_AFG_AGG_PROXY:3gpp32435', 5, 'fixed', '', 'FILE_TIMEZONE', 'value=null', '' );
insert into Transformation ( TRANSFORMERID, ORDERNO, TYPE, SOURCE, TARGET, CONFIG, DESCRIPTION ) values ( 'DC_E_AFG:((13)):DC_E_AFG_AGG_PROXY:3gpp32435', 6, 'lookup', 'filename', 'FILE_TIMEZONE', 'pattern=A.{23}(.{5})-.+', '' );
insert into Transformation ( TRANSFORMERID, ORDERNO, TYPE, SOURCE, TARGET, CONFIG, DESCRIPTION ) values ( 'DC_E_AFG:((13)):DC_E_AFG_AGG_PROXY:3gpp32435', 7, 'condition', 'FILE_TIMEZONE', 'DC_TIMEZONE', 'factor=null result1field=JVM_TIMEZONE result2field=FILE_TIMEZONE', '' ); 
insert into Transformation ( TRANSFORMERID, ORDERNO, TYPE, SOURCE, TARGET, CONFIG, DESCRIPTION ) values ( 'DC_E_AFG:((13)):DC_E_AFG_AGG_PROXY:3gpp32435', 8, 'dateformat', 'DATETIME_ID', 'UTC_DATETIME_ID', 'oldformat=yyyy-MM-dd HH:mm:ss newformat=yyyy-MM-dd HH:mm:ss oldtimezonefield=DC_TIMEZONE newtimezone=+0000', '' );
insert into Transformation ( TRANSFORMERID, ORDERNO, TYPE, SOURCE, TARGET, CONFIG, DESCRIPTION ) values ( 'DC_E_AFG:((13)):DC_E_AFG_AGG_PROXY:3gpp32435', 9, 'defaulttimehandler', 'DATETIME_ID', '', 'oldformat=yyyy-MM-dd HH:mm:ss', '' );
insert into Transformation ( TRANSFORMERID, ORDERNO, TYPE, SOURCE, TARGET, CONFIG, DESCRIPTION ) values ( 'DC_E_AFG:((13)):DC_E_AFG_AGG_PROXY:3gpp32435', 10, 'condition', 'DC_SUSPECTFLAG', 'DC_SUSPECTFLAG', 'factor=FALSE result1=false result2field=DC_SUSPECTFLAG', '' );
insert into Transformation ( TRANSFORMERID, ORDERNO, TYPE, SOURCE, TARGET, CONFIG, DESCRIPTION ) values ( 'DC_E_AFG:((13)):DC_E_AFG_AGG_PROXY:3gpp32435', 11, 'condition', 'DC_SUSPECTFLAG', 'DC_SUSPECTFLAG', 'factor=false result1=0 result2field=DC_SUSPECTFLAG', '' );
insert into Transformation ( TRANSFORMERID, ORDERNO, TYPE, SOURCE, TARGET, CONFIG, DESCRIPTION ) values ( 'DC_E_AFG:((13)):DC_E_AFG_AGG_PROXY:3gpp32435', 12, 'condition', 'DC_SUSPECTFLAG', 'DC_SUSPECTFLAG', 'factor= result1=0 result2field=DC_SUSPECTFLAG', '' );
insert into Transformation ( TRANSFORMERID, ORDERNO, TYPE, SOURCE, TARGET, CONFIG, DESCRIPTION ) values ( 'DC_E_AFG:((13)):DC_E_AFG_AGG_PROXY:3gpp32435', 13, 'condition', 'DC_SUSPECTFLAG', 'DC_SUSPECTFLAG', 'factor=TRUE result1=true result2field=DC_SUSPECTFLAG', '' );
insert into Transformation ( TRANSFORMERID, ORDERNO, TYPE, SOURCE, TARGET, CONFIG, DESCRIPTION ) values ( 'DC_E_AFG:((13)):DC_E_AFG_AGG_PROXY:3gpp32435', 14, 'condition', 'DC_SUSPECTFLAG', 'DC_SUSPECTFLAG', 'factor=true result1=1result2field=DC_SUSPECTFLAG', '' );
insert into Transformation ( TRANSFORMERID, ORDERNO, TYPE, SOURCE, TARGET, CONFIG, DESCRIPTION ) values ( 'DC_E_AFG:((13)):DC_E_AFG_AGG_PROXY:3gpp32435', 15, 'condition', 'DC_SUSPECTFLAG', 'ROWSTATUS', 'factor=1 result1=SUSPECTED result2field=ROWSTATUS', '' );
insert into Transformation ( TRANSFORMERID, ORDERNO, TYPE, SOURCE, TARGET, CONFIG, DESCRIPTION ) values ( 'DC_E_AFG:((13)):DC_E_AFG_AGG_PROXY:3gpp32435', 16, 'copy', 'OSS_ID', 'DC_SOURCE', '', '' );
insert into Transformation ( TRANSFORMERID, ORDERNO, TYPE, SOURCE, TARGET, CONFIG, DESCRIPTION ) values ( 'DC_E_AFG:((13)):DC_E_AFG_AGG_PROXY:3gpp32435', 17, 'lookup', 'filename', 'MeContext1', 'pattern=.+?\_.*MeContext=(.*?)_statsfile.*', '' );
insert into Transformation ( TRANSFORMERID, ORDERNO, TYPE, SOURCE, TARGET, CONFIG, DESCRIPTION ) values ( 'DC_E_AFG:((13)):DC_E_AFG_AGG_PROXY:3gpp32435', 18, 'lookup', 'filename', 'MeContext2', 'pattern=.*MeContext=(.*),.*_.*', '' );
insert into Transformation ( TRANSFORMERID, ORDERNO, TYPE, SOURCE, TARGET, CONFIG, DESCRIPTION ) values ( 'DC_E_AFG:((13)):DC_E_AFG_AGG_PROXY:3gpp32435', 19, 'condition', 'MeContext2', 'MeContext', 'factor= result1field=MeContext1 result2field=MeContext2', '' );
insert into Transformation ( TRANSFORMERID, ORDERNO, TYPE, SOURCE, TARGET, CONFIG, DESCRIPTION ) values ( 'DC_E_AFG:((13)):DC_E_AFG_AGG_PROXY:3gpp32435', 20, 'lookup', 'filename', 'ManagedElement1', 'pattern=.+?\_.*ManagedElement=(.*?)_statsfile.*', '' );
insert into Transformation ( TRANSFORMERID, ORDERNO, TYPE, SOURCE, TARGET, CONFIG, DESCRIPTION ) values ( 'DC_E_AFG:((13)):DC_E_AFG_AGG_PROXY:3gpp32435', 21, 'lookup', 'filename', 'ManagedElement2', 'pattern=.*ManagedElement=(.*),.*_.*', '' );
insert into Transformation ( TRANSFORMERID, ORDERNO, TYPE, SOURCE, TARGET, CONFIG, DESCRIPTION ) values ( 'DC_E_AFG:((13)):DC_E_AFG_AGG_PROXY:3gpp32435', 22, 'condition', 'ManagedElement2', 'ManagedElement', 'factor= result1field=ManagedElement1 result2field=ManagedElement2', '' );
insert into Transformation ( TRANSFORMERID, ORDERNO, TYPE, SOURCE, TARGET, CONFIG, DESCRIPTION ) values ( 'DC_E_AFG:((13)):DC_E_AFG_AGG_PROXY:3gpp32435', 23, 'lookup', 'filename', 'NetworkElement1', 'pattern=.+?\_.*NetworkElement=(.*?)_statsfile.*', '' );
insert into Transformation ( TRANSFORMERID, ORDERNO, TYPE, SOURCE, TARGET, CONFIG, DESCRIPTION ) values ( 'DC_E_AFG:((13)):DC_E_AFG_AGG_PROXY:3gpp32435', 24, 'lookup', 'filename', 'NetworkElement2', 'pattern=.*NetworkElement=(.*),.*_.*', '' );
insert into Transformation ( TRANSFORMERID, ORDERNO, TYPE, SOURCE, TARGET, CONFIG, DESCRIPTION ) values ( 'DC_E_AFG:((13)):DC_E_AFG_AGG_PROXY:3gpp32435', 25, 'condition', 'NetworkElement2', 'NetworkElement', 'factor= result1field=NetworkElement1 result2field=NetworkElement2', '' );
insert into Transformation ( TRANSFORMERID, ORDERNO, TYPE, SOURCE, TARGET, CONFIG, DESCRIPTION ) values ( 'DC_E_AFG:((13)):DC_E_AFG_AGG_PROXY:3gpp32435', 26, 'condition', 'MeContext', 'ManagedElement11', 'factor= result1field=ManagedElement result2field=MeContext', '' );
insert into Transformation ( TRANSFORMERID, ORDERNO, TYPE, SOURCE, TARGET, CONFIG, DESCRIPTION ) values ( 'DC_E_AFG:((13)):DC_E_AFG_AGG_PROXY:3gpp32435', 27, 'condition', 'ManagedElement11', 'NODE_NAME', 'factor= result1field=NetworkElement result2field=ManagedElement11', '' );
insert into Transformation ( TRANSFORMERID, ORDERNO, TYPE, SOURCE, TARGET, CONFIG, DESCRIPTION ) values ( 'DC_E_AFG:((13)):DC_E_AFG_AGG_PROXY:3gpp32435', 28, 'copy', 'NODE_NAME', 'NE_Identifier', '', '' );
insert into Transformation ( TRANSFORMERID, ORDERNO, TYPE, SOURCE, TARGET, CONFIG, DESCRIPTION ) values ( 'DC_E_AFG:((13)):DC_E_AFG_AGG_PROXY:3gpp32435', 29, 'preappender', 'NE_Identifier', 'NE_Identifier', 'fixed=:', '' );
insert into Transformation ( TRANSFORMERID, ORDERNO, TYPE, SOURCE, TARGET, CONFIG, DESCRIPTION ) values ( 'DC_E_AFG:((13)):DC_E_AFG_AGG_PROXY:3gpp32435', 30, 'preappender', 'NE_Identifier', 'NE_Identifier', 'field=OSS_ID', '' );
insert into Transformation ( TRANSFORMERID, ORDERNO, TYPE, SOURCE, TARGET, CONFIG, DESCRIPTION ) values ( 'DC_E_AFG:((13)):DC_E_AFG_AGG_PROXY:3gpp32435', 31, 'databaselookup', 'NE_Identifier', 'DC_RELEASE', 'sql=select OSS_ID||'':''||NODE_NAME, NODE_VERSION  from DIM_E_CN_AFG basetable=DIM_E_CN_AFG', '' );
insert into Transformation ( TRANSFORMERID, ORDERNO, TYPE, SOURCE, TARGET, CONFIG, DESCRIPTION ) values ( 'DC_E_AFG:((13)):DC_E_AFG_BOOTSTRAP_FUNC:3gpp32435', 32, 'lookup', 'DIRNAME', 'OSS_ID', 'pattern=.+/(.+)/.+?/.+?', '' );
insert into Transformation ( TRANSFORMERID, ORDERNO, TYPE, SOURCE, TARGET, CONFIG, DESCRIPTION ) values ( 'DC_E_AFG:((13)):DC_E_AFG_BOOTSTRAP_FUNC:3gpp32435', 33, 'calculation', 'PERIOD_DURATION', 'PERIOD_DURATION', 'formula=/60', '' );
insert into Transformation ( TRANSFORMERID, ORDERNO, TYPE, SOURCE, TARGET, CONFIG, DESCRIPTION ) values ( 'DC_E_AFG:((13)):DC_E_AFG_BOOTSTRAP_FUNC:3gpp32435', 34, 'databaseLookup', 'PERIOD_DURATION', 'TIMELEVEL', 'sql=select DURATIONMIN, TIMELEVEL from DIM_TIMELEVEL where TABLELEVEL = ''RAW'' basetable=DIM_TIMELEVEL', '' );
insert into Transformation ( TRANSFORMERID, ORDERNO, TYPE, SOURCE, TARGET, CONFIG, DESCRIPTION ) values ( 'DC_E_AFG:((13)):DC_E_AFG_BOOTSTRAP_FUNC:3gpp32435', 35, 'lookup', 'filename', 'DATETIME_ID', 'pattern=A(.{13}).*', '' );
insert into Transformation ( TRANSFORMERID, ORDERNO, TYPE, SOURCE, TARGET, CONFIG, DESCRIPTION ) values ( 'DC_E_AFG:((13)):DC_E_AFG_BOOTSTRAP_FUNC:3gpp32435', 36, 'dateformat', 'DATETIME_ID', 'DATETIME_ID', 'oldformat=yyyyMMdd''.''HHmm newformat=yyyy-MM-dd HH:mm:00', '' );
insert into Transformation ( TRANSFORMERID, ORDERNO, TYPE, SOURCE, TARGET, CONFIG, DESCRIPTION ) values ( 'DC_E_AFG:((13)):DC_E_AFG_BOOTSTRAP_FUNC:3gpp32435', 37, 'fixed', '', 'FILE_TIMEZONE', 'value=null', '' );
insert into Transformation ( TRANSFORMERID, ORDERNO, TYPE, SOURCE, TARGET, CONFIG, DESCRIPTION ) values ( 'DC_E_AFG:((13)):DC_E_AFG_BOOTSTRAP_FUNC:3gpp32435', 38, 'lookup', 'filename', 'FILE_TIMEZONE', 'pattern=A.{23}(.{5})-.+', '' );
insert into Transformation ( TRANSFORMERID, ORDERNO, TYPE, SOURCE, TARGET, CONFIG, DESCRIPTION ) values ( 'DC_E_AFG:((13)):DC_E_AFG_BOOTSTRAP_FUNC:3gpp32435', 39, 'condition', 'FILE_TIMEZONE', 'DC_TIMEZONE', 'factor=null result1field=JVM_TIMEZONE result2field=FILE_TIMEZONE', '' );
insert into Transformation ( TRANSFORMERID, ORDERNO, TYPE, SOURCE, TARGET, CONFIG, DESCRIPTION ) values ( 'DC_E_AFG:((13)):DC_E_AFG_BOOTSTRAP_FUNC:3gpp32435', 40, 'dateformat', 'DATETIME_ID', 'UTC_DATETIME_ID', 'oldformat=yyyy-MM-dd HH:mm:ss newformat=yyyy-MM-dd HH:mm:ss oldtimezonefield=DC_TIMEZONE newtimezone=+0000', '' );
insert into Transformation ( TRANSFORMERID, ORDERNO, TYPE, SOURCE, TARGET, CONFIG, DESCRIPTION ) values ( 'DC_E_AFG:((13)):DC_E_AFG_BOOTSTRAP_FUNC:3gpp32435', 41, 'defaulttimehandler', 'DATETIME_ID', '', 'oldformat=yyyy-MM-dd HH:mm:ss', '' );
insert into Transformation ( TRANSFORMERID, ORDERNO, TYPE, SOURCE, TARGET, CONFIG, DESCRIPTION ) values ( 'DC_E_AFG:((13)):DC_E_AFG_BOOTSTRAP_FUNC:3gpp32435', 42, 'condition', 'DC_SUSPECTFLAG', 'DC_SUSPECTFLAG', 'factor=FALSE result1=false result2field=DC_SUSPECTFLAG', '' );
insert into Transformation ( TRANSFORMERID, ORDERNO, TYPE, SOURCE, TARGET, CONFIG, DESCRIPTION ) values ( 'DC_E_AFG:((13)):DC_E_AFG_BOOTSTRAP_FUNC:3gpp32435', 43, 'condition', 'DC_SUSPECTFLAG', 'DC_SUSPECTFLAG', 'factor=false result1=0 result2field=DC_SUSPECTFLAG', '' );
insert into Transformation ( TRANSFORMERID, ORDERNO, TYPE, SOURCE, TARGET, CONFIG, DESCRIPTION ) values ( 'DC_E_AFG:((13)):DC_E_AFG_BOOTSTRAP_FUNC:3gpp32435', 44, 'condition', 'DC_SUSPECTFLAG', 'DC_SUSPECTFLAG', 'factor= result1=0 result2field=DC_SUSPECTFLAG', '' );
insert into Transformation ( TRANSFORMERID, ORDERNO, TYPE, SOURCE, TARGET, CONFIG, DESCRIPTION ) values ( 'DC_E_AFG:((13)):DC_E_AFG_BOOTSTRAP_FUNC:3gpp32435', 45, 'condition', 'DC_SUSPECTFLAG', 'DC_SUSPECTFLAG', 'factor=TRUE result1=true result2field=DC_SUSPECTFLAG', '' );
insert into Transformation ( TRANSFORMERID, ORDERNO, TYPE, SOURCE, TARGET, CONFIG, DESCRIPTION ) values ( 'DC_E_AFG:((13)):DC_E_AFG_BOOTSTRAP_FUNC:3gpp32435', 46, 'condition', 'DC_SUSPECTFLAG', 'DC_SUSPECTFLAG', 'factor=true result1=1 result2field=DC_SUSPECTFLAG', '' );
insert into Transformation ( TRANSFORMERID, ORDERNO, TYPE, SOURCE, TARGET, CONFIG, DESCRIPTION ) values ( 'DC_E_AFG:((13)):DC_E_AFG_BOOTSTRAP_FUNC:3gpp32435', 47, 'condition', 'DC_SUSPECTFLAG', 'ROWSTATUS', 'factor=1 result1=SUSPECTED result2field=ROWSTATUS', '' );
insert into Transformation ( TRANSFORMERID, ORDERNO, TYPE, SOURCE, TARGET, CONFIG, DESCRIPTION ) values ( 'DC_E_AFG:((13)):DC_E_AFG_BOOTSTRAP_FUNC:3gpp32435', 48, 'copy', 'OSS_ID', 'DC_SOURCE', '', '' );
insert into Transformation ( TRANSFORMERID, ORDERNO, TYPE, SOURCE, TARGET, CONFIG, DESCRIPTION ) values ( 'DC_E_AFG:((13)):DC_E_AFG_BOOTSTRAP_FUNC:3gpp32435', 49, 'lookup', 'filename', 'MeContext1', 'pattern=.+?\_.*MeContext=(.*?)_statsfile.*', '' );
insert into Transformation ( TRANSFORMERID, ORDERNO, TYPE, SOURCE, TARGET, CONFIG, DESCRIPTION ) values ( 'DC_E_AFG:((13)):DC_E_AFG_BOOTSTRAP_FUNC:3gpp32435', 50, 'lookup', 'filename', 'MeContext2', 'pattern=.*MeContext=(.*),.*_.*', '' );
insert into Transformation ( TRANSFORMERID, ORDERNO, TYPE, SOURCE, TARGET, CONFIG, DESCRIPTION ) values ( 'DC_E_AFG:((13)):DC_E_AFG_BOOTSTRAP_FUNC:3gpp32435', 51, 'condition', 'MeContext2', 'MeContext', 'factor= result1field=MeContext1 result2field=MeContext2', '' );
insert into Transformation ( TRANSFORMERID, ORDERNO, TYPE, SOURCE, TARGET, CONFIG, DESCRIPTION ) values ( 'DC_E_AFG:((13)):DC_E_AFG_BOOTSTRAP_FUNC:3gpp32435', 52, 'lookup', 'filename', 'ManagedElement1', 'pattern=.+?\_.*ManagedElement=(.*?)_statsfile.*', '' );
insert into Transformation ( TRANSFORMERID, ORDERNO, TYPE, SOURCE, TARGET, CONFIG, DESCRIPTION ) values ( 'DC_E_AFG:((13)):DC_E_AFG_BOOTSTRAP_FUNC:3gpp32435', 53, 'lookup', 'filename', 'ManagedElement2', 'pattern=.*ManagedElement=(.*),.*_.*', '' );
insert into Transformation ( TRANSFORMERID, ORDERNO, TYPE, SOURCE, TARGET, CONFIG, DESCRIPTION ) values ( 'DC_E_AFG:((13)):DC_E_AFG_BOOTSTRAP_FUNC:3gpp32435', 54, 'condition', 'ManagedElement2', 'ManagedElement', 'factor= result1field=ManagedElement1 result2field=ManagedElement2', '' );
insert into Transformation ( TRANSFORMERID, ORDERNO, TYPE, SOURCE, TARGET, CONFIG, DESCRIPTION ) values ( 'DC_E_AFG:((13)):DC_E_AFG_BOOTSTRAP_FUNC:3gpp32435', 55, 'lookup', 'filename', 'NetworkElement1', 'pattern=.+?\_.*NetworkElement=(.*?)_statsfile.*', '' );
insert into Transformation ( TRANSFORMERID, ORDERNO, TYPE, SOURCE, TARGET, CONFIG, DESCRIPTION ) values ( 'DC_E_AFG:((13)):DC_E_AFG_BOOTSTRAP_FUNC:3gpp32435', 56, 'lookup', 'filename', 'NetworkElement2', 'pattern=.*NetworkElement=(.*),.*_.*', '' );
insert into Transformation ( TRANSFORMERID, ORDERNO, TYPE, SOURCE, TARGET, CONFIG, DESCRIPTION ) values ( 'DC_E_AFG:((13)):DC_E_AFG_BOOTSTRAP_FUNC:3gpp32435', 57, 'condition', 'NetworkElement2', 'NetworkElement', 'factor= result1field=NetworkElement1 result2field=NetworkElement2', '' );
insert into Transformation ( TRANSFORMERID, ORDERNO, TYPE, SOURCE, TARGET, CONFIG, DESCRIPTION ) values ( 'DC_E_AFG:((13)):DC_E_AFG_BOOTSTRAP_FUNC:3gpp32435', 58, 'condition', 'MeContext', 'ManagedElement11', 'factor= result1field=ManagedElement result2field=MeContext', '' );
insert into Transformation ( TRANSFORMERID, ORDERNO, TYPE, SOURCE, TARGET, CONFIG, DESCRIPTION ) values ( 'DC_E_AFG:((13)):DC_E_AFG_BOOTSTRAP_FUNC:3gpp32435', 59, 'condition', 'ManagedElement11', 'NODE_NAME', 'factor= result1field=NetworkElement result2field=ManagedElement11', '' );
insert into Transformation ( TRANSFORMERID, ORDERNO, TYPE, SOURCE, TARGET, CONFIG, DESCRIPTION ) values ( 'DC_E_AFG:((13)):DC_E_AFG_BOOTSTRAP_FUNC:3gpp32435', 60, 'copy', 'NODE_NAME', 'NE_Identifier', '', '' );
insert into Transformation ( TRANSFORMERID, ORDERNO, TYPE, SOURCE, TARGET, CONFIG, DESCRIPTION ) values ( 'DC_E_AFG:((13)):DC_E_AFG_BOOTSTRAP_FUNC:3gpp32435', 61, 'preappender', 'NE_Identifier', 'NE_Identifier', 'fixed=:', '' );
insert into Transformation ( TRANSFORMERID, ORDERNO, TYPE, SOURCE, TARGET, CONFIG, DESCRIPTION ) values ( 'DC_E_AFG:((13)):DC_E_AFG_BOOTSTRAP_FUNC:3gpp32435', 62, 'preappender', 'NE_Identifier', 'NE_Identifier', 'field=OSS_ID', '' );
insert into Transformation ( TRANSFORMERID, ORDERNO, TYPE, SOURCE, TARGET, CONFIG, DESCRIPTION ) values ( 'DC_E_AFG:((13)):DC_E_AFG_BOOTSTRAP_FUNC:3gpp32435', 63, 'databaselookup', 'NE_Identifier', 'DC_RELEASE', 'sql=select OSS_ID||'':''||NODE_NAME, NODE_VERSION  from DIM_E_CN_AFG basetable=DIM_E_CN_AFG', '' );
insert into Transformation ( TRANSFORMERID, ORDERNO, TYPE, SOURCE, TARGET, CONFIG, DESCRIPTION ) values ( 'DC_E_AFG:((13)):DC_E_AFG_DIAMETER:3gpp32435', 64, 'lookup', 'DIRNAME', 'OSS_ID', 'pattern=.+/(.+)/.+?/.+?', '' );
insert into Transformation ( TRANSFORMERID, ORDERNO, TYPE, SOURCE, TARGET, CONFIG, DESCRIPTION ) values ( 'DC_E_AFG:((13)):DC_E_AFG_DIAMETER:3gpp32435', 65, 'calculation', 'PERIOD_DURATION', 'PERIOD_DURATION', 'formula=/60', '' );
insert into Transformation ( TRANSFORMERID, ORDERNO, TYPE, SOURCE, TARGET, CONFIG, DESCRIPTION ) values ( 'DC_E_AFG:((13)):DC_E_AFG_DIAMETER:3gpp32435', 66, 'databaseLookup', 'PERIOD_DURATION', 'TIMELEVEL', 'sql=select DURATIONMIN, TIMELEVEL from DIM_TIMELEVEL where TABLELEVEL = ''RAW'' basetable=DIM_TIMELEVEL', '' );
insert into Transformation ( TRANSFORMERID, ORDERNO, TYPE, SOURCE, TARGET, CONFIG, DESCRIPTION ) values ( 'DC_E_AFG:((13)):DC_E_AFG_DIAMETER:3gpp32435', 67, 'lookup', 'filename', 'DATETIME_ID', 'pattern=A(.{13}).*', '' );
insert into Transformation ( TRANSFORMERID, ORDERNO, TYPE, SOURCE, TARGET, CONFIG, DESCRIPTION ) values ( 'DC_E_AFG:((13)):DC_E_AFG_DIAMETER:3gpp32435', 68, 'dateformat', 'DATETIME_ID', 'DATETIME_ID', 'oldformat=yyyyMMdd''.''HHmm newformat=yyyy-MM-dd HH:mm:00', '' );
insert into Transformation ( TRANSFORMERID, ORDERNO, TYPE, SOURCE, TARGET, CONFIG, DESCRIPTION ) values ( 'DC_E_AFG:((13)):DC_E_AFG_DIAMETER:3gpp32435', 69, 'fixed', '', 'FILE_TIMEZONE', 'value=null', '' );
insert into Transformation ( TRANSFORMERID, ORDERNO, TYPE, SOURCE, TARGET, CONFIG, DESCRIPTION ) values ( 'DC_E_AFG:((13)):DC_E_AFG_DIAMETER:3gpp32435', 70, 'lookup', 'filename', 'FILE_TIMEZONE', 'pattern=A.{23}(.{5})-.+', '' );
insert into Transformation ( TRANSFORMERID, ORDERNO, TYPE, SOURCE, TARGET, CONFIG, DESCRIPTION ) values ( 'DC_E_AFG:((13)):DC_E_AFG_DIAMETER:3gpp32435', 71, 'condition', 'FILE_TIMEZONE', 'DC_TIMEZONE', 'factor=null result1field=JVM_TIMEZONE result2field=FILE_TIMEZONE', '' );
insert into Transformation ( TRANSFORMERID, ORDERNO, TYPE, SOURCE, TARGET, CONFIG, DESCRIPTION ) values ( 'DC_E_AFG:((13)):DC_E_AFG_DIAMETER:3gpp32435', 72, 'dateformat', 'DATETIME_ID', 'UTC_DATETIME_ID', 'oldformat=yyyy-MM-dd HH:mm:ss newformat=yyyy-MM-dd HH:mm:ss oldtimezonefield=DC_TIMEZONE newtimezone=+0000', '' );
insert into Transformation ( TRANSFORMERID, ORDERNO, TYPE, SOURCE, TARGET, CONFIG, DESCRIPTION ) values ( 'DC_E_AFG:((13)):DC_E_AFG_DIAMETER:3gpp32435', 73, 'defaulttimehandler', 'DATETIME_ID', '', 'oldformat=yyyy-MM-dd HH:mm:ss', '' );
insert into Transformation ( TRANSFORMERID, ORDERNO, TYPE, SOURCE, TARGET, CONFIG, DESCRIPTION ) values ( 'DC_E_AFG:((13)):DC_E_AFG_DIAMETER:3gpp32435', 74, 'condition', 'DC_SUSPECTFLAG', 'DC_SUSPECTFLAG', 'factor=FALSE result1=false result2field=DC_SUSPECTFLAG', '' );
insert into Transformation ( TRANSFORMERID, ORDERNO, TYPE, SOURCE, TARGET, CONFIG, DESCRIPTION ) values ( 'DC_E_AFG:((13)):DC_E_AFG_DIAMETER:3gpp32435', 75, 'condition', 'DC_SUSPECTFLAG', 'DC_SUSPECTFLAG', 'factor=false result1=0 result2field=DC_SUSPECTFLAG', '' );
insert into Transformation ( TRANSFORMERID, ORDERNO, TYPE, SOURCE, TARGET, CONFIG, DESCRIPTION ) values ( 'DC_E_AFG:((13)):DC_E_AFG_DIAMETER:3gpp32435', 76, 'condition', 'DC_SUSPECTFLAG', 'DC_SUSPECTFLAG', 'factor= result1=0 result2field=DC_SUSPECTFLAG', '' );
insert into Transformation ( TRANSFORMERID, ORDERNO, TYPE, SOURCE, TARGET, CONFIG, DESCRIPTION ) values ( 'DC_E_AFG:((13)):DC_E_AFG_DIAMETER:3gpp32435', 77, 'condition', 'DC_SUSPECTFLAG', 'DC_SUSPECTFLAG', 'factor=TRUE result1=true result2field=DC_SUSPECTFLAG', '' );
insert into Transformation ( TRANSFORMERID, ORDERNO, TYPE, SOURCE, TARGET, CONFIG, DESCRIPTION ) values ( 'DC_E_AFG:((13)):DC_E_AFG_DIAMETER:3gpp32435', 78, 'condition', 'DC_SUSPECTFLAG', 'DC_SUSPECTFLAG', 'factor=true result1=1 result2field=DC_SUSPECTFLAG', '' );
insert into Transformation ( TRANSFORMERID, ORDERNO, TYPE, SOURCE, TARGET, CONFIG, DESCRIPTION ) values ( 'DC_E_AFG:((13)):DC_E_AFG_DIAMETER:3gpp32435', 79, 'condition', 'DC_SUSPECTFLAG', 'ROWSTATUS', 'factor=1 result1=SUSPECTED result2field=ROWSTATUS', '' );
insert into Transformation ( TRANSFORMERID, ORDERNO, TYPE, SOURCE, TARGET, CONFIG, DESCRIPTION ) values ( 'DC_E_AFG:((13)):DC_E_AFG_DIAMETER:3gpp32435', 80, 'copy', 'OSS_ID', 'DC_SOURCE', '', '' );
insert into Transformation ( TRANSFORMERID, ORDERNO, TYPE, SOURCE, TARGET, CONFIG, DESCRIPTION ) values ( 'DC_E_AFG:((13)):DC_E_AFG_DIAMETER:3gpp32435', 81, 'lookup', 'filename', 'MeContext1', 'pattern=.+?\_.*MeContext=(.*?)_statsfile.*', '' );
insert into Transformation ( TRANSFORMERID, ORDERNO, TYPE, SOURCE, TARGET, CONFIG, DESCRIPTION ) values ( 'DC_E_AFG:((13)):DC_E_AFG_DIAMETER:3gpp32435', 82, 'lookup', 'filename', 'MeContext2', 'pattern=.*MeContext=(.*),.*_.*', '' );
insert into Transformation ( TRANSFORMERID, ORDERNO, TYPE, SOURCE, TARGET, CONFIG, DESCRIPTION ) values ( 'DC_E_AFG:((13)):DC_E_AFG_DIAMETER:3gpp32435', 83, 'condition', 'MeContext2', 'MeContext', 'factor= result1field=MeContext1 result2field=MeContext2', '' );
insert into Transformation ( TRANSFORMERID, ORDERNO, TYPE, SOURCE, TARGET, CONFIG, DESCRIPTION ) values ( 'DC_E_AFG:((13)):DC_E_AFG_DIAMETER:3gpp32435', 84, 'lookup', 'filename', 'ManagedElement1', 'pattern=.+?\_.*ManagedElement=(.*?)_statsfile.*', '' );
insert into Transformation ( TRANSFORMERID, ORDERNO, TYPE, SOURCE, TARGET, CONFIG, DESCRIPTION ) values ( 'DC_E_AFG:((13)):DC_E_AFG_DIAMETER:3gpp32435', 85, 'lookup', 'filename', 'ManagedElement2', 'pattern=.*ManagedElement=(.*),.*_.*', '' );
insert into Transformation ( TRANSFORMERID, ORDERNO, TYPE, SOURCE, TARGET, CONFIG, DESCRIPTION ) values ( 'DC_E_AFG:((13)):DC_E_AFG_DIAMETER:3gpp32435', 86, 'condition', 'ManagedElement2', 'ManagedElement', 'factor= result1field=ManagedElement1 result2field=ManagedElement2', '' );
insert into Transformation ( TRANSFORMERID, ORDERNO, TYPE, SOURCE, TARGET, CONFIG, DESCRIPTION ) values ( 'DC_E_AFG:((13)):DC_E_AFG_DIAMETER:3gpp32435', 87, 'lookup', 'filename', 'NetworkElement1', 'pattern=.+?\_.*NetworkElement=(.*?)_statsfile.*', '' );
insert into Transformation ( TRANSFORMERID, ORDERNO, TYPE, SOURCE, TARGET, CONFIG, DESCRIPTION ) values ( 'DC_E_AFG:((13)):DC_E_AFG_DIAMETER:3gpp32435', 88, 'lookup', 'filename', 'NetworkElement2', 'pattern=.*NetworkElement=(.*),.*_.*', '' );
insert into Transformation ( TRANSFORMERID, ORDERNO, TYPE, SOURCE, TARGET, CONFIG, DESCRIPTION ) values ( 'DC_E_AFG:((13)):DC_E_AFG_DIAMETER:3gpp32435', 89, 'condition', 'NetworkElement2', 'NetworkElement', 'factor= result1field=NetworkElement1 result2field=NetworkElement2', '' );
insert into Transformation ( TRANSFORMERID, ORDERNO, TYPE, SOURCE, TARGET, CONFIG, DESCRIPTION ) values ( 'DC_E_AFG:((13)):DC_E_AFG_DIAMETER:3gpp32435', 90, 'condition', 'MeContext', 'ManagedElement11', 'factor= result1field=ManagedElement result2field=MeContext', '' );
insert into Transformation ( TRANSFORMERID, ORDERNO, TYPE, SOURCE, TARGET, CONFIG, DESCRIPTION ) values ( 'DC_E_AFG:((13)):DC_E_AFG_DIAMETER:3gpp32435', 91, 'condition', 'ManagedElement11', 'NODE_NAME', 'factor= result1field=NetworkElement result2field=ManagedElement11', '' );
insert into Transformation ( TRANSFORMERID, ORDERNO, TYPE, SOURCE, TARGET, CONFIG, DESCRIPTION ) values ( 'DC_E_AFG:((13)):DC_E_AFG_DIAMETER:3gpp32435', 92, 'copy', 'NODE_NAME', 'NE_Identifier', '', '' );
insert into Transformation ( TRANSFORMERID, ORDERNO, TYPE, SOURCE, TARGET, CONFIG, DESCRIPTION ) values ( 'DC_E_AFG:((13)):DC_E_AFG_DIAMETER:3gpp32435', 93, 'preappender', 'NE_Identifier', 'NE_Identifier', 'fixed=:', '' );
insert into Transformation ( TRANSFORMERID, ORDERNO, TYPE, SOURCE, TARGET, CONFIG, DESCRIPTION ) values ( 'DC_E_AFG:((13)):DC_E_AFG_DIAMETER:3gpp32435', 94, 'preappender', 'NE_Identifier', 'NE_Identifier', 'field=OSS_ID', '' );
insert into Transformation ( TRANSFORMERID, ORDERNO, TYPE, SOURCE, TARGET, CONFIG, DESCRIPTION ) values ( 'DC_E_AFG:((13)):DC_E_AFG_DIAMETER:3gpp32435', 95, 'databaselookup', 'NE_Identifier', 'DC_RELEASE', 'sql=select OSS_ID||'':''||NODE_NAME, NODE_VERSION  from DIM_E_CN_AFG basetable=DIM_E_CN_AFG', '' );
insert into Transformation ( TRANSFORMERID, ORDERNO, TYPE, SOURCE, TARGET, CONFIG, DESCRIPTION ) values ( 'DC_E_AFG:((13)):DC_E_AFG_OPENID_CONN:3gpp32435', 96, 'lookup', 'DIRNAME', 'OSS_ID', 'pattern=.+/(.+)/.+?/.+?', '' );
insert into Transformation ( TRANSFORMERID, ORDERNO, TYPE, SOURCE, TARGET, CONFIG, DESCRIPTION ) values ( 'DC_E_AFG:((13)):DC_E_AFG_OPENID_CONN:3gpp32435', 97, 'calculation', 'PERIOD_DURATION', 'PERIOD_DURATION', 'formula=/60', '' );
insert into Transformation ( TRANSFORMERID, ORDERNO, TYPE, SOURCE, TARGET, CONFIG, DESCRIPTION ) values ( 'DC_E_AFG:((13)):DC_E_AFG_OPENID_CONN:3gpp32435', 98, 'databaseLookup', 'PERIOD_DURATION', 'TIMELEVEL', 'sql=select DURATIONMIN, TIMELEVEL from DIM_TIMELEVEL where TABLELEVEL = ''RAW'' basetable=DIM_TIMELEVEL', '' );
insert into Transformation ( TRANSFORMERID, ORDERNO, TYPE, SOURCE, TARGET, CONFIG, DESCRIPTION ) values ( 'DC_E_AFG:((13)):DC_E_AFG_OPENID_CONN:3gpp32435', 99, 'lookup', 'filename', 'DATETIME_ID', 'pattern=A(.{13}).*', '' );
insert into Transformation ( TRANSFORMERID, ORDERNO, TYPE, SOURCE, TARGET, CONFIG, DESCRIPTION ) values ( 'DC_E_AFG:((13)):DC_E_AFG_OPENID_CONN:3gpp32435', 100, 'dateformat', 'DATETIME_ID', 'DATETIME_ID', 'oldformat=yyyyMMdd''.''HHmm newformat=yyyy-MM-dd HH:mm:00', '' );
insert into Transformation ( TRANSFORMERID, ORDERNO, TYPE, SOURCE, TARGET, CONFIG, DESCRIPTION ) values ( 'DC_E_AFG:((13)):DC_E_AFG_OPENID_CONN:3gpp32435', 101, 'fixed', '', 'FILE_TIMEZONE', 'value=null', '' );
insert into Transformation ( TRANSFORMERID, ORDERNO, TYPE, SOURCE, TARGET, CONFIG, DESCRIPTION ) values ( 'DC_E_AFG:((13)):DC_E_AFG_OPENID_CONN:3gpp32435', 102, 'lookup', 'filename', 'FILE_TIMEZONE', 'pattern=A.{23}(.{5})-.+', '' );
insert into Transformation ( TRANSFORMERID, ORDERNO, TYPE, SOURCE, TARGET, CONFIG, DESCRIPTION ) values ( 'DC_E_AFG:((13)):DC_E_AFG_OPENID_CONN:3gpp32435', 103, 'condition', 'FILE_TIMEZONE', 'DC_TIMEZONE', 'factor=null result1field=JVM_TIMEZONE result2field=FILE_TIMEZONE', '' );
insert into Transformation ( TRANSFORMERID, ORDERNO, TYPE, SOURCE, TARGET, CONFIG, DESCRIPTION ) values ( 'DC_E_AFG:((13)):DC_E_AFG_OPENID_CONN:3gpp32435', 104, 'dateformat', 'DATETIME_ID', 'UTC_DATETIME_ID', 'oldformat=yyyy-MM-dd HH:mm:ss newformat=yyyy-MM-dd HH:mm:ss oldtimezonefield=DC_TIMEZONE newtimezone=+0000', '' );
insert into Transformation ( TRANSFORMERID, ORDERNO, TYPE, SOURCE, TARGET, CONFIG, DESCRIPTION ) values ( 'DC_E_AFG:((13)):DC_E_AFG_OPENID_CONN:3gpp32435', 105, 'defaulttimehandler', 'DATETIME_ID', '', 'oldformat=yyyy-MM-dd HH:mm:ss', '' );
insert into Transformation ( TRANSFORMERID, ORDERNO, TYPE, SOURCE, TARGET, CONFIG, DESCRIPTION ) values ( 'DC_E_AFG:((13)):DC_E_AFG_OPENID_CONN:3gpp32435', 106, 'condition', 'DC_SUSPECTFLAG', 'DC_SUSPECTFLAG', 'factor=FALSE result1=false result2field=DC_SUSPECTFLAG', '' );
insert into Transformation ( TRANSFORMERID, ORDERNO, TYPE, SOURCE, TARGET, CONFIG, DESCRIPTION ) values ( 'DC_E_AFG:((13)):DC_E_AFG_OPENID_CONN:3gpp32435', 107, 'condition', 'DC_SUSPECTFLAG', 'DC_SUSPECTFLAG', 'factor=false result1=0 result2field=DC_SUSPECTFLAG', '' );
insert into Transformation ( TRANSFORMERID, ORDERNO, TYPE, SOURCE, TARGET, CONFIG, DESCRIPTION ) values ( 'DC_E_AFG:((13)):DC_E_AFG_OPENID_CONN:3gpp32435', 108, 'condition', 'DC_SUSPECTFLAG', 'DC_SUSPECTFLAG', 'factor= result1=0 result2field=DC_SUSPECTFLAG', '' );
insert into Transformation ( TRANSFORMERID, ORDERNO, TYPE, SOURCE, TARGET, CONFIG, DESCRIPTION ) values ( 'DC_E_AFG:((13)):DC_E_AFG_OPENID_CONN:3gpp32435', 109, 'condition', 'DC_SUSPECTFLAG', 'DC_SUSPECTFLAG', 'factor=TRUE result1=true result2field=DC_SUSPECTFLAG', '' );
insert into Transformation ( TRANSFORMERID, ORDERNO, TYPE, SOURCE, TARGET, CONFIG, DESCRIPTION ) values ( 'DC_E_AFG:((13)):DC_E_AFG_OPENID_CONN:3gpp32435', 110, 'condition', 'DC_SUSPECTFLAG', 'DC_SUSPECTFLAG', 'factor=true result1=1 result2field=DC_SUSPECTFLAG', '' );
insert into Transformation ( TRANSFORMERID, ORDERNO, TYPE, SOURCE, TARGET, CONFIG, DESCRIPTION ) values ( 'DC_E_AFG:((13)):DC_E_AFG_OPENID_CONN:3gpp32435', 111, 'condition', 'DC_SUSPECTFLAG', 'ROWSTATUS', 'factor=1 result1=SUSPECTED result2field=ROWSTATUS', '' );
insert into Transformation ( TRANSFORMERID, ORDERNO, TYPE, SOURCE, TARGET, CONFIG, DESCRIPTION ) values ( 'DC_E_AFG:((13)):DC_E_AFG_OPENID_CONN:3gpp32435', 112, 'copy', 'OSS_ID', 'DC_SOURCE', '', '' );
insert into Transformation ( TRANSFORMERID, ORDERNO, TYPE, SOURCE, TARGET, CONFIG, DESCRIPTION ) values ( 'DC_E_AFG:((13)):DC_E_AFG_OPENID_CONN:3gpp32435', 113, 'lookup', 'filename', 'MeContext1', 'pattern=.+?\_.*MeContext=(.*?)_statsfile.*', '' );
insert into Transformation ( TRANSFORMERID, ORDERNO, TYPE, SOURCE, TARGET, CONFIG, DESCRIPTION ) values ( 'DC_E_AFG:((13)):DC_E_AFG_OPENID_CONN:3gpp32435', 114, 'lookup', 'filename', 'MeContext2', 'pattern=.*MeContext=(.*),.*_.*', '' );
insert into Transformation ( TRANSFORMERID, ORDERNO, TYPE, SOURCE, TARGET, CONFIG, DESCRIPTION ) values ( 'DC_E_AFG:((13)):DC_E_AFG_OPENID_CONN:3gpp32435', 115, 'condition', 'MeContext2', 'MeContext', 'factor  result1field=MeContext1 result2field=MeContext2', '' );
insert into Transformation ( TRANSFORMERID, ORDERNO, TYPE, SOURCE, TARGET, CONFIG, DESCRIPTION ) values ( 'DC_E_AFG:((13)):DC_E_AFG_OPENID_CONN:3gpp32435', 116, 'lookup', 'filename', 'ManagedElement1', 'pattern=.+?\_.*ManagedElement=(.*?)_statsfile.*', '' );
insert into Transformation ( TRANSFORMERID, ORDERNO, TYPE, SOURCE, TARGET, CONFIG, DESCRIPTION ) values ( 'DC_E_AFG:((13)):DC_E_AFG_OPENID_CONN:3gpp32435', 117, 'lookup', 'filename', 'ManagedElement2', 'pattern=.*ManagedElement=(.*),.*_.*', '' );
insert into Transformation ( TRANSFORMERID, ORDERNO, TYPE, SOURCE, TARGET, CONFIG, DESCRIPTION ) values ( 'DC_E_AFG:((13)):DC_E_AFG_OPENID_CONN:3gpp32435', 118, 'condition', 'ManagedElement2', 'ManagedElement', 'factor= result1field=ManagedElement1 result2field=ManagedElement2', '' );
insert into Transformation ( TRANSFORMERID, ORDERNO, TYPE, SOURCE, TARGET, CONFIG, DESCRIPTION ) values ( 'DC_E_AFG:((13)):DC_E_AFG_OPENID_CONN:3gpp32435', 119, 'lookup', 'filename', 'NetworkElement1', 'pattern=.+?\_.*NetworkElement=(.*?)_statsfile.*', '' );
insert into Transformation ( TRANSFORMERID, ORDERNO, TYPE, SOURCE, TARGET, CONFIG, DESCRIPTION ) values ( 'DC_E_AFG:((13)):DC_E_AFG_OPENID_CONN:3gpp32435', 120, 'lookup', 'filename', 'NetworkElement2', 'pattern=.*NetworkElement=(.*),.*_.*', '' );
insert into Transformation ( TRANSFORMERID, ORDERNO, TYPE, SOURCE, TARGET, CONFIG, DESCRIPTION ) values ( 'DC_E_AFG:((13)):DC_E_AFG_OPENID_CONN:3gpp32435', 121, 'condition', 'NetworkElement2', 'NetworkElement', 'factor= result1field=NetworkElement1 result2field=NetworkElement2', '' );
insert into Transformation ( TRANSFORMERID, ORDERNO, TYPE, SOURCE, TARGET, CONFIG, DESCRIPTION ) values ( 'DC_E_AFG:((13)):DC_E_AFG_OPENID_CONN:3gpp32435', 122, 'condition', 'MeContext', 'ManagedElement11', 'factor= result1field=ManagedElement result2field=MeContext', '' );
insert into Transformation ( TRANSFORMERID, ORDERNO, TYPE, SOURCE, TARGET, CONFIG, DESCRIPTION ) values ( 'DC_E_AFG:((13)):DC_E_AFG_OPENID_CONN:3gpp32435', 123, 'condition', 'ManagedElement11', 'NODE_NAME', 'factor= result1field=NetworkElement result2field=ManagedElement11', '' );
insert into Transformation ( TRANSFORMERID, ORDERNO, TYPE, SOURCE, TARGET, CONFIG, DESCRIPTION ) values ( 'DC_E_AFG:((13)):DC_E_AFG_OPENID_CONN:3gpp32435', 124, 'copy', 'NODE_NAME', 'NE_Identifier', '', '' );
insert into Transformation ( TRANSFORMERID, ORDERNO, TYPE, SOURCE, TARGET, CONFIG, DESCRIPTION ) values ( 'DC_E_AFG:((13)):DC_E_AFG_OPENID_CONN:3gpp32435', 125, 'preappender', 'NE_Identifier', 'NE_Identifier', 'fixed=:', '' );
insert into Transformation ( TRANSFORMERID, ORDERNO, TYPE, SOURCE, TARGET, CONFIG, DESCRIPTION ) values ( 'DC_E_AFG:((13)):DC_E_AFG_OPENID_CONN:3gpp32435', 126, 'preappender', 'NE_Identifier', 'NE_Identifier', 'field=OSS_ID', '' );
insert into Transformation ( TRANSFORMERID, ORDERNO, TYPE, SOURCE, TARGET, CONFIG, DESCRIPTION ) values ( 'DC_E_AFG:((13)):DC_E_AFG_OPENID_CONN:3gpp32435', 127, 'databaselookup', 'NE_Identifier', 'DC_RELEASE', 'sql=select OSS_ID||'':''||NODE_NAME, NODE_VERSION  from DIM_E_CN_AFG basetable=DIM_E_CN_AFG', '' );
insert into Transformation ( TRANSFORMERID, ORDERNO, TYPE, SOURCE, TARGET, CONFIG, DESCRIPTION ) values ( 'DC_E_AFG:((13)):DC_E_AFG_SYSTEM:3gpp32435', 160, 'lookup', 'DIRNAME', 'OSS_ID', 'pattern=.+/(.+)/.+?/.+?', '' );
insert into Transformation ( TRANSFORMERID, ORDERNO, TYPE, SOURCE, TARGET, CONFIG, DESCRIPTION ) values ( 'DC_E_AFG:((13)):DC_E_AFG_SYSTEM:3gpp32435', 161, 'calculation', 'PERIOD_DURATION', 'PERIOD_DURATION', 'formula=/60', '' );
insert into Transformation ( TRANSFORMERID, ORDERNO, TYPE, SOURCE, TARGET, CONFIG, DESCRIPTION ) values ( 'DC_E_AFG:((13)):DC_E_AFG_SYSTEM:3gpp32435', 162, 'databaseLookup', 'PERIOD_DURATION', 'TIMELEVEL', 'sql=select DURATIONMIN, TIMELEVEL from DIM_TIMELEVEL where TABLELEVEL = ''RAW'' basetable=DIM_TIMELEVEL', '' );
insert into Transformation ( TRANSFORMERID, ORDERNO, TYPE, SOURCE, TARGET, CONFIG, DESCRIPTION ) values ( 'DC_E_AFG:((13)):DC_E_AFG_SYSTEM:3gpp32435', 163, 'lookup', 'filename', 'DATETIME_ID', 'pattern=A(.{13}).*', '' );
insert into Transformation ( TRANSFORMERID, ORDERNO, TYPE, SOURCE, TARGET, CONFIG, DESCRIPTION ) values ( 'DC_E_AFG:((13)):DC_E_AFG_SYSTEM:3gpp32435', 164, 'dateformat', 'DATETIME_ID', 'DATETIME_ID', 'oldformat=yyyyMMdd''.''HHmm newformat=yyyy-MM-dd HH:mm:00', '' );
insert into Transformation ( TRANSFORMERID, ORDERNO, TYPE, SOURCE, TARGET, CONFIG, DESCRIPTION ) values ( 'DC_E_AFG:((13)):DC_E_AFG_SYSTEM:3gpp32435', 165, 'fixed', '', 'FILE_TIMEZONE', 'value=null', '' );
insert into Transformation ( TRANSFORMERID, ORDERNO, TYPE, SOURCE, TARGET, CONFIG, DESCRIPTION ) values ( 'DC_E_AFG:((13)):DC_E_AFG_SYSTEM:3gpp32435', 166, 'lookup', 'filename', 'FILE_TIMEZONE', 'pattern=A.{23}(.{5})-.+', '' );
insert into Transformation ( TRANSFORMERID, ORDERNO, TYPE, SOURCE, TARGET, CONFIG, DESCRIPTION ) values ( 'DC_E_AFG:((13)):DC_E_AFG_SYSTEM:3gpp32435', 167, 'condition', 'FILE_TIMEZONE', 'DC_TIMEZONE', 'factor=null result1field=JVM_TIMEZONE result2field=FILE_TIMEZONE', '' );
insert into Transformation ( TRANSFORMERID, ORDERNO, TYPE, SOURCE, TARGET, CONFIG, DESCRIPTION ) values ( 'DC_E_AFG:((13)):DC_E_AFG_SYSTEM:3gpp32435', 168, 'dateformat', 'DATETIME_ID', 'UTC_DATETIME_ID', 'oldformat=yyyy-MM-dd HH:mm:ss newformat=yyyy-MM-dd HH:mm:ss oldtimezonefield=DC_TIMEZONE newtimezone=+0000', '' );
insert into Transformation ( TRANSFORMERID, ORDERNO, TYPE, SOURCE, TARGET, CONFIG, DESCRIPTION ) values ( 'DC_E_AFG:((13)):DC_E_AFG_SYSTEM:3gpp32435', 169, 'defaulttimehandler', 'DATETIME_ID', '', 'oldformat=yyyy-MM-dd HH:mm:ss', '' );
insert into Transformation ( TRANSFORMERID, ORDERNO, TYPE, SOURCE, TARGET, CONFIG, DESCRIPTION ) values ( 'DC_E_AFG:((13)):DC_E_AFG_SYSTEM:3gpp32435', 170, 'condition', 'DC_SUSPECTFLAG', 'DC_SUSPECTFLAG', 'factor=FALSE result1=false result2field=DC_SUSPECTFLAG', '' );
insert into Transformation ( TRANSFORMERID, ORDERNO, TYPE, SOURCE, TARGET, CONFIG, DESCRIPTION ) values ( 'DC_E_AFG:((13)):DC_E_AFG_SYSTEM:3gpp32435', 171, 'condition', 'DC_SUSPECTFLAG', 'DC_SUSPECTFLAG', 'factor=false result1=0 result2field=DC_SUSPECTFLAG', '' );
insert into Transformation ( TRANSFORMERID, ORDERNO, TYPE, SOURCE, TARGET, CONFIG, DESCRIPTION ) values ( 'DC_E_AFG:((13)):DC_E_AFG_SYSTEM:3gpp32435', 172, 'condition', 'DC_SUSPECTFLAG', 'DC_SUSPECTFLAG', 'factor= result1=0 result2field=DC_SUSPECTFLAG', '' );
insert into Transformation ( TRANSFORMERID, ORDERNO, TYPE, SOURCE, TARGET, CONFIG, DESCRIPTION ) values ( 'DC_E_AFG:((13)):DC_E_AFG_SYSTEM:3gpp32435', 173, 'condition', 'DC_SUSPECTFLAG', 'DC_SUSPECTFLAG', 'factor=TRUE result1=true result2field=DC_SUSPECTFLAG', '' );
insert into Transformation ( TRANSFORMERID, ORDERNO, TYPE, SOURCE, TARGET, CONFIG, DESCRIPTION ) values ( 'DC_E_AFG:((13)):DC_E_AFG_SYSTEM:3gpp32435', 174, 'condition', 'DC_SUSPECTFLAG', 'DC_SUSPECTFLAG', 'factor=true result1=1 result2field=DC_SUSPECTFLAG', '' );
insert into Transformation ( TRANSFORMERID, ORDERNO, TYPE, SOURCE, TARGET, CONFIG, DESCRIPTION ) values ( 'DC_E_AFG:((13)):DC_E_AFG_SYSTEM:3gpp32435', 175, 'condition', 'DC_SUSPECTFLAG', 'ROWSTATUS', 'factor=1 result1=SUSPECTED result2field=ROWSTATUS', '' );
insert into Transformation ( TRANSFORMERID, ORDERNO, TYPE, SOURCE, TARGET, CONFIG, DESCRIPTION ) values ( 'DC_E_AFG:((13)):DC_E_AFG_SYSTEM:3gpp32435', 176, 'copy', 'OSS_ID', 'DC_SOURCE', '', '' );
insert into Transformation ( TRANSFORMERID, ORDERNO, TYPE, SOURCE, TARGET, CONFIG, DESCRIPTION ) values ( 'DC_E_AFG:((13)):DC_E_AFG_SYSTEM:3gpp32435', 177, 'lookup', 'filename', 'MeContext1', 'pattern=.+?\_.*MeContext=(.*?)_statsfile.*', '' );
insert into Transformation ( TRANSFORMERID, ORDERNO, TYPE, SOURCE, TARGET, CONFIG, DESCRIPTION ) values ( 'DC_E_AFG:((13)):DC_E_AFG_SYSTEM:3gpp32435', 178, 'lookup', 'filename', 'MeContext2', 'pattern=.*MeContext=(.*),.*_.*', '' );
insert into Transformation ( TRANSFORMERID, ORDERNO, TYPE, SOURCE, TARGET, CONFIG, DESCRIPTION ) values ( 'DC_E_AFG:((13)):DC_E_AFG_SYSTEM:3gpp32435', 179, 'condition', 'MeContext2', 'MeContext', 'factor= result1field=MeContext1 result2field=MeContext2', '' );
insert into Transformation ( TRANSFORMERID, ORDERNO, TYPE, SOURCE, TARGET, CONFIG, DESCRIPTION ) values ( 'DC_E_AFG:((13)):DC_E_AFG_SYSTEM:3gpp32435', 180, 'lookup', 'filename', 'ManagedElement1', 'pattern=.+?\_.*ManagedElement=(.*?)_statsfile.*', '' );
insert into Transformation ( TRANSFORMERID, ORDERNO, TYPE, SOURCE, TARGET, CONFIG, DESCRIPTION ) values ( 'DC_E_AFG:((13)):DC_E_AFG_SYSTEM:3gpp32435', 181, 'lookup', 'filename', 'ManagedElement2', 'pattern=.*ManagedElement=(.*),.*_.*', '' );
insert into Transformation ( TRANSFORMERID, ORDERNO, TYPE, SOURCE, TARGET, CONFIG, DESCRIPTION ) values ( 'DC_E_AFG:((13)):DC_E_AFG_SYSTEM:3gpp32435', 182, 'condition', 'ManagedElement2', 'ManagedElement', 'factor= result1field=ManagedElement1 result2field=ManagedElement2', '' );
insert into Transformation ( TRANSFORMERID, ORDERNO, TYPE, SOURCE, TARGET, CONFIG, DESCRIPTION ) values ( 'DC_E_AFG:((13)):DC_E_AFG_SYSTEM:3gpp32435', 183, 'lookup', 'filename', 'NetworkElement1', 'pattern=.+?\_.*NetworkElement=(.*?)_statsfile.*', '' );
insert into Transformation ( TRANSFORMERID, ORDERNO, TYPE, SOURCE, TARGET, CONFIG, DESCRIPTION ) values ( 'DC_E_AFG:((13)):DC_E_AFG_SYSTEM:3gpp32435', 184, 'lookup', 'filename', 'NetworkElement2', 'pattern=.*NetworkElement=(.*),.*_.*', '' );
insert into Transformation ( TRANSFORMERID, ORDERNO, TYPE, SOURCE, TARGET, CONFIG, DESCRIPTION ) values ( 'DC_E_AFG:((13)):DC_E_AFG_SYSTEM:3gpp32435', 185, 'condition', 'NetworkElement2', 'NetworkElement', 'factor= result1field=NetworkElement1 result2field=NetworkElement2', '' );
insert into Transformation ( TRANSFORMERID, ORDERNO, TYPE, SOURCE, TARGET, CONFIG, DESCRIPTION ) values ( 'DC_E_AFG:((13)):DC_E_AFG_SYSTEM:3gpp32435', 186, 'condition', 'MeContext', 'ManagedElement11', 'factor= result1field=ManagedElement result2field=MeContext', '' );
insert into Transformation ( TRANSFORMERID, ORDERNO, TYPE, SOURCE, TARGET, CONFIG, DESCRIPTION ) values ( 'DC_E_AFG:((13)):DC_E_AFG_SYSTEM:3gpp32435', 187, 'condition', 'ManagedElement11', 'NODE_NAME', 'factor= result1field=NetworkElement result2field=ManagedElement11', '' );
insert into Transformation ( TRANSFORMERID, ORDERNO, TYPE, SOURCE, TARGET, CONFIG, DESCRIPTION ) values ( 'DC_E_AFG:((13)):DC_E_AFG_SYSTEM:3gpp32435', 188, 'copy', 'NODE_NAME', 'NE_Identifier', '', '' );
insert into Transformation ( TRANSFORMERID, ORDERNO, TYPE, SOURCE, TARGET, CONFIG, DESCRIPTION ) values ( 'DC_E_AFG:((13)):DC_E_AFG_SYSTEM:3gpp32435', 189, 'preappender', 'NE_Identifier', 'NE_Identifier', 'fixed=:', '' );
insert into Transformation ( TRANSFORMERID, ORDERNO, TYPE, SOURCE, TARGET, CONFIG, DESCRIPTION ) values ( 'DC_E_AFG:((13)):DC_E_AFG_SYSTEM:3gpp32435', 190, 'preappender', 'NE_Identifier', 'NE_Identifier', 'field=OSS_ID', '' );
insert into Transformation ( TRANSFORMERID, ORDERNO, TYPE, SOURCE, TARGET, CONFIG, DESCRIPTION ) values ( 'DC_E_AFG:((13)):DC_E_AFG_SYSTEM:3gpp32435', 191, 'databaselookup', 'NE_Identifier', 'DC_RELEASE', 'sql=select OSS_ID||'':''||NODE_NAME, NODE_VERSION  from DIM_E_CN_AFG basetable=DIM_E_CN_AFG', '' );
insert into Transformation ( TRANSFORMERID, ORDERNO, TYPE, SOURCE, TARGET, CONFIG, DESCRIPTION ) values ( 'DC_E_AFG:((13)):DC_E_AFG_TRUSTEDPROXY:3gpp32435', 128, 'lookup', 'DIRNAME', 'OSS_ID', 'pattern=.+/(.+)/.+?/.+?', '' );
insert into Transformation ( TRANSFORMERID, ORDERNO, TYPE, SOURCE, TARGET, CONFIG, DESCRIPTION ) values ( 'DC_E_AFG:((13)):DC_E_AFG_TRUSTEDPROXY:3gpp32435', 129, 'calculation', 'PERIOD_DURATION', 'PERIOD_DURATION', 'formula=/60', '' );
insert into Transformation ( TRANSFORMERID, ORDERNO, TYPE, SOURCE, TARGET, CONFIG, DESCRIPTION ) values ( 'DC_E_AFG:((13)):DC_E_AFG_TRUSTEDPROXY:3gpp32435', 130, 'databaseLookup', 'PERIOD_DURATION', 'TIMELEVEL', 'sql=select DURATIONMIN, TIMELEVEL from DIM_TIMELEVEL where TABLELEVEL = ''RAW'' basetable=DIM_TIMELEVEL', '' );
insert into Transformation ( TRANSFORMERID, ORDERNO, TYPE, SOURCE, TARGET, CONFIG, DESCRIPTION ) values ( 'DC_E_AFG:((13)):DC_E_AFG_TRUSTEDPROXY:3gpp32435', 131, 'lookup', 'filename', 'DATETIME_ID', 'pattern=A(.{13}).*', '' );
insert into Transformation ( TRANSFORMERID, ORDERNO, TYPE, SOURCE, TARGET, CONFIG, DESCRIPTION ) values ( 'DC_E_AFG:((13)):DC_E_AFG_TRUSTEDPROXY:3gpp32435', 132, 'dateformat', 'DATETIME_ID', 'DATETIME_ID', 'oldformat=yyyyMMdd''.''HHmm newformat=yyyy-MM-dd HH:mm:00', '' );
insert into Transformation ( TRANSFORMERID, ORDERNO, TYPE, SOURCE, TARGET, CONFIG, DESCRIPTION ) values ( 'DC_E_AFG:((13)):DC_E_AFG_TRUSTEDPROXY:3gpp32435', 133, 'fixed', '', 'FILE_TIMEZONE', 'value=null', '' );
insert into Transformation ( TRANSFORMERID, ORDERNO, TYPE, SOURCE, TARGET, CONFIG, DESCRIPTION ) values ( 'DC_E_AFG:((13)):DC_E_AFG_TRUSTEDPROXY:3gpp32435', 134, 'lookup', 'filename', 'FILE_TIMEZONE', 'pattern=A.{23}(.{5})-.+', '' );
insert into Transformation ( TRANSFORMERID, ORDERNO, TYPE, SOURCE, TARGET, CONFIG, DESCRIPTION ) values ( 'DC_E_AFG:((13)):DC_E_AFG_TRUSTEDPROXY:3gpp32435', 135, 'condition', 'FILE_TIMEZONE', 'DC_TIMEZONE', 'factor=null result1field=JVM_TIMEZONE result2field=FILE_TIMEZONE', '' );
insert into Transformation ( TRANSFORMERID, ORDERNO, TYPE, SOURCE, TARGET, CONFIG, DESCRIPTION ) values ( 'DC_E_AFG:((13)):DC_E_AFG_TRUSTEDPROXY:3gpp32435', 136, 'dateformat', 'DATETIME_ID', 'UTC_DATETIME_ID', 'oldformat=yyyy-MM-dd HH:mm:ss newformat=yyyy-MM-dd HH:mm:ss oldtimezonefield=DC_TIMEZONE newtimezone=+0000', '' );
insert into Transformation ( TRANSFORMERID, ORDERNO, TYPE, SOURCE, TARGET, CONFIG, DESCRIPTION ) values ( 'DC_E_AFG:((13)):DC_E_AFG_TRUSTEDPROXY:3gpp32435', 137, 'defaulttimehandler', 'DATETIME_ID', '', 'oldformat=yyyy-MM-dd HH:mm:ss', '' );
insert into Transformation ( TRANSFORMERID, ORDERNO, TYPE, SOURCE, TARGET, CONFIG, DESCRIPTION ) values ( 'DC_E_AFG:((13)):DC_E_AFG_TRUSTEDPROXY:3gpp32435', 138, 'condition', 'DC_SUSPECTFLAG', 'DC_SUSPECTFLAG', 'factor=FALSE result1=false result2field=DC_SUSPECTFLAG', '' );
insert into Transformation ( TRANSFORMERID, ORDERNO, TYPE, SOURCE, TARGET, CONFIG, DESCRIPTION ) values ( 'DC_E_AFG:((13)):DC_E_AFG_TRUSTEDPROXY:3gpp32435', 139, 'condition', 'DC_SUSPECTFLAG', 'DC_SUSPECTFLAG', 'factor=false result1=0 result2field=DC_SUSPECTFLAG', '' );
insert into Transformation ( TRANSFORMERID, ORDERNO, TYPE, SOURCE, TARGET, CONFIG, DESCRIPTION ) values ( 'DC_E_AFG:((13)):DC_E_AFG_TRUSTEDPROXY:3gpp32435', 140, 'condition', 'DC_SUSPECTFLAG', 'DC_SUSPECTFLAG', 'factor= result1=0 result2field=DC_SUSPECTFLAG', '' );
insert into Transformation ( TRANSFORMERID, ORDERNO, TYPE, SOURCE, TARGET, CONFIG, DESCRIPTION ) values ( 'DC_E_AFG:((13)):DC_E_AFG_TRUSTEDPROXY:3gpp32435', 141, 'condition', 'DC_SUSPECTFLAG', 'DC_SUSPECTFLAG', 'factor=TRUE result1=true result2field=DC_SUSPECTFLAG', '' );
insert into Transformation ( TRANSFORMERID, ORDERNO, TYPE, SOURCE, TARGET, CONFIG, DESCRIPTION ) values ( 'DC_E_AFG:((13)):DC_E_AFG_TRUSTEDPROXY:3gpp32435', 142, 'condition', 'DC_SUSPECTFLAG', 'DC_SUSPECTFLAG', 'factor=true result1=1 result2field=DC_SUSPECTFLAG', '' );
insert into Transformation ( TRANSFORMERID, ORDERNO, TYPE, SOURCE, TARGET, CONFIG, DESCRIPTION ) values ( 'DC_E_AFG:((13)):DC_E_AFG_TRUSTEDPROXY:3gpp32435', 143, 'condition', 'DC_SUSPECTFLAG', 'ROWSTATUS', 'factor=1 result1=SUSPECTED result2field=ROWSTATUS', '' );
insert into Transformation ( TRANSFORMERID, ORDERNO, TYPE, SOURCE, TARGET, CONFIG, DESCRIPTION ) values ( 'DC_E_AFG:((13)):DC_E_AFG_TRUSTEDPROXY:3gpp32435', 144, 'copy', 'OSS_ID', 'DC_SOURCE', '', '' );
insert into Transformation ( TRANSFORMERID, ORDERNO, TYPE, SOURCE, TARGET, CONFIG, DESCRIPTION ) values ( 'DC_E_AFG:((13)):DC_E_AFG_TRUSTEDPROXY:3gpp32435', 145, 'lookup', 'filename', 'MeContext1', 'pattern=.+?\_.*MeContext=(.*?)_statsfile.*', '' );
insert into Transformation ( TRANSFORMERID, ORDERNO, TYPE, SOURCE, TARGET, CONFIG, DESCRIPTION ) values ( 'DC_E_AFG:((13)):DC_E_AFG_TRUSTEDPROXY:3gpp32435', 146, 'lookup', 'filename', 'MeContext2', 'pattern=.*MeContext=(.*),.*_.*', '' );
insert into Transformation ( TRANSFORMERID, ORDERNO, TYPE, SOURCE, TARGET, CONFIG, DESCRIPTION ) values ( 'DC_E_AFG:((13)):DC_E_AFG_TRUSTEDPROXY:3gpp32435', 147, 'condition', 'MeContext2', 'MeContext', 'factor= result1field=MeContext1 result2field=MeContext2', '' );
insert into Transformation ( TRANSFORMERID, ORDERNO, TYPE, SOURCE, TARGET, CONFIG, DESCRIPTION ) values ( 'DC_E_AFG:((13)):DC_E_AFG_TRUSTEDPROXY:3gpp32435', 148, 'lookup', 'filename', 'ManagedElement1', 'pattern=.+?\_.*ManagedElement=(.*?)_statsfile.*', '' );
insert into Transformation ( TRANSFORMERID, ORDERNO, TYPE, SOURCE, TARGET, CONFIG, DESCRIPTION ) values ( 'DC_E_AFG:((13)):DC_E_AFG_TRUSTEDPROXY:3gpp32435', 149, 'lookup', 'filename', 'ManagedElement2', 'pattern=.*ManagedElement=(.*),.*_.*', '' );
insert into Transformation ( TRANSFORMERID, ORDERNO, TYPE, SOURCE, TARGET, CONFIG, DESCRIPTION ) values ( 'DC_E_AFG:((13)):DC_E_AFG_TRUSTEDPROXY:3gpp32435', 150, 'condition', 'ManagedElement2', 'ManagedElement', 'factor= result1field=ManagedElement1 result2field=ManagedElement2', '' );
insert into Transformation ( TRANSFORMERID, ORDERNO, TYPE, SOURCE, TARGET, CONFIG, DESCRIPTION ) values ( 'DC_E_AFG:((13)):DC_E_AFG_TRUSTEDPROXY:3gpp32435', 151, 'lookup', 'filename', 'NetworkElement1', 'pattern=.+?\_.*NetworkElement=(.*?)_statsfile.*', '' );
insert into Transformation ( TRANSFORMERID, ORDERNO, TYPE, SOURCE, TARGET, CONFIG, DESCRIPTION ) values ( 'DC_E_AFG:((13)):DC_E_AFG_TRUSTEDPROXY:3gpp32435', 152, 'lookup', 'filename', 'NetworkElement2', 'pattern=.*NetworkElement=(.*),.*_.*', '' );
insert into Transformation ( TRANSFORMERID, ORDERNO, TYPE, SOURCE, TARGET, CONFIG, DESCRIPTION ) values ( 'DC_E_AFG:((13)):DC_E_AFG_TRUSTEDPROXY:3gpp32435', 153, 'condition', 'NetworkElement2', 'NetworkElement', 'factor= result1field=NetworkElement1 result2field=NetworkElement2', '' );
insert into Transformation ( TRANSFORMERID, ORDERNO, TYPE, SOURCE, TARGET, CONFIG, DESCRIPTION ) values ( 'DC_E_AFG:((13)):DC_E_AFG_TRUSTEDPROXY:3gpp32435', 154, 'condition', 'MeContext', 'ManagedElement11', 'factor= result1field=ManagedElement result2field=MeContext', '' );
insert into Transformation ( TRANSFORMERID, ORDERNO, TYPE, SOURCE, TARGET, CONFIG, DESCRIPTION ) values ( 'DC_E_AFG:((13)):DC_E_AFG_TRUSTEDPROXY:3gpp32435', 155, 'condition', 'ManagedElement11', 'NODE_NAME', 'factor= result1field=NetworkElement result2field=ManagedElement11', '' );
insert into Transformation ( TRANSFORMERID, ORDERNO, TYPE, SOURCE, TARGET, CONFIG, DESCRIPTION ) values ( 'DC_E_AFG:((13)):DC_E_AFG_TRUSTEDPROXY:3gpp32435', 156, 'copy', 'NODE_NAME', 'NE_Identifier', '', '' );
insert into Transformation ( TRANSFORMERID, ORDERNO, TYPE, SOURCE, TARGET, CONFIG, DESCRIPTION ) values ( 'DC_E_AFG:((13)):DC_E_AFG_TRUSTEDPROXY:3gpp32435', 157, 'preappender', 'NE_Identifier', 'NE_Identifier', 'fixed=:', '' );
insert into Transformation ( TRANSFORMERID, ORDERNO, TYPE, SOURCE, TARGET, CONFIG, DESCRIPTION ) values ( 'DC_E_AFG:((13)):DC_E_AFG_TRUSTEDPROXY:3gpp32435', 158, 'preappender', 'NE_Identifier', 'NE_Identifier', 'field=OSS_ID', '' );
insert into Transformation ( TRANSFORMERID, ORDERNO, TYPE, SOURCE, TARGET, CONFIG, DESCRIPTION ) values ( 'DC_E_AFG:((13)):DC_E_AFG_TRUSTEDPROXY:3gpp32435', 159, 'databaselookup', 'NE_Identifier', 'DC_RELEASE', 'sql=select OSS_ID||'':''||NODE_NAME, NODE_VERSION  from DIM_E_CN_AFG basetable=DIM_E_CN_AFG', '' );
insert into Transformation ( TRANSFORMERID, ORDERNO, TYPE, SOURCE, TARGET, CONFIG, DESCRIPTION ) values ( 'DC_E_AFG:((13)):DC_E_AFG_VIRTUAL_GATEWAY:3gpp32435', 192, 'lookup', 'DIRNAME', 'OSS_ID', 'pattern=.+/(.+)/.+?/.+?', '' );
insert into Transformation ( TRANSFORMERID, ORDERNO, TYPE, SOURCE, TARGET, CONFIG, DESCRIPTION ) values ( 'DC_E_AFG:((13)):DC_E_AFG_VIRTUAL_GATEWAY:3gpp32435', 193, 'calculation', 'PERIOD_DURATION', 'PERIOD_DURATION', 'formula=/60', '' );
insert into Transformation ( TRANSFORMERID, ORDERNO, TYPE, SOURCE, TARGET, CONFIG, DESCRIPTION ) values ( 'DC_E_AFG:((13)):DC_E_AFG_VIRTUAL_GATEWAY:3gpp32435', 194, 'databaseLookup', 'PERIOD_DURATION', 'TIMELEVEL', 'sql=select DURATIONMIN, TIMELEVEL from DIM_TIMELEVEL where TABLELEVEL = ''RAW'' basetable=DIM_TIMELEVEL', '' );
insert into Transformation ( TRANSFORMERID, ORDERNO, TYPE, SOURCE, TARGET, CONFIG, DESCRIPTION ) values ( 'DC_E_AFG:((13)):DC_E_AFG_VIRTUAL_GATEWAY:3gpp32435', 195, 'lookup', 'filename', 'DATETIME_ID', 'pattern=A(.{13}).*', '' );
insert into Transformation ( TRANSFORMERID, ORDERNO, TYPE, SOURCE, TARGET, CONFIG, DESCRIPTION ) values ( 'DC_E_AFG:((13)):DC_E_AFG_VIRTUAL_GATEWAY:3gpp32435', 196, 'dateformat', 'DATETIME_ID', 'DATETIME_ID', 'oldformat=yyyyMMdd''.''HHmm newformat=yyyy-MM-dd HH:mm:00', '' );
insert into Transformation ( TRANSFORMERID, ORDERNO, TYPE, SOURCE, TARGET, CONFIG, DESCRIPTION ) values ( 'DC_E_AFG:((13)):DC_E_AFG_VIRTUAL_GATEWAY:3gpp32435', 197, 'fixed', '', 'FILE_TIMEZONE', 'value=null', '' );
insert into Transformation ( TRANSFORMERID, ORDERNO, TYPE, SOURCE, TARGET, CONFIG, DESCRIPTION ) values ( 'DC_E_AFG:((13)):DC_E_AFG_VIRTUAL_GATEWAY:3gpp32435', 198, 'lookup', 'filename', 'FILE_TIMEZONE', 'pattern=A.{23}(.{5})-.+', '' );
insert into Transformation ( TRANSFORMERID, ORDERNO, TYPE, SOURCE, TARGET, CONFIG, DESCRIPTION ) values ( 'DC_E_AFG:((13)):DC_E_AFG_VIRTUAL_GATEWAY:3gpp32435', 199, 'condition', 'FILE_TIMEZONE', 'DC_TIMEZONE', 'factor=null result1field=JVM_TIMEZONE result2field=FILE_TIMEZONE', '' );
insert into Transformation ( TRANSFORMERID, ORDERNO, TYPE, SOURCE, TARGET, CONFIG, DESCRIPTION ) values ( 'DC_E_AFG:((13)):DC_E_AFG_VIRTUAL_GATEWAY:3gpp32435', 200, 'dateformat', 'DATETIME_ID', 'UTC_DATETIME_ID', 'oldformat=yyyy-MM-dd HH:mm:ss newformat=yyyy-MM-dd HH:mm:ss oldtimezonefield=DC_TIMEZONE newtimezone=+0000', '' );
insert into Transformation ( TRANSFORMERID, ORDERNO, TYPE, SOURCE, TARGET, CONFIG, DESCRIPTION ) values ( 'DC_E_AFG:((13)):DC_E_AFG_VIRTUAL_GATEWAY:3gpp32435', 201, 'defaulttimehandler', 'DATETIME_ID', '', 'oldformat=yyyy-MM-dd HH:mm:ss', '' );
insert into Transformation ( TRANSFORMERID, ORDERNO, TYPE, SOURCE, TARGET, CONFIG, DESCRIPTION ) values ( 'DC_E_AFG:((13)):DC_E_AFG_VIRTUAL_GATEWAY:3gpp32435', 202, 'condition', 'DC_SUSPECTFLAG', 'DC_SUSPECTFLAG', 'factor=FALSE result1=false result2field=DC_SUSPECTFLAG', '' );
insert into Transformation ( TRANSFORMERID, ORDERNO, TYPE, SOURCE, TARGET, CONFIG, DESCRIPTION ) values ( 'DC_E_AFG:((13)):DC_E_AFG_VIRTUAL_GATEWAY:3gpp32435', 203, 'condition', 'DC_SUSPECTFLAG', 'DC_SUSPECTFLAG', 'factor=false result1=0 result2field=DC_SUSPECTFLAG', '' );
insert into Transformation ( TRANSFORMERID, ORDERNO, TYPE, SOURCE, TARGET, CONFIG, DESCRIPTION ) values ( 'DC_E_AFG:((13)):DC_E_AFG_VIRTUAL_GATEWAY:3gpp32435', 204, 'condition', 'DC_SUSPECTFLAG', 'DC_SUSPECTFLAG', 'factor= result1=0 result2field=DC_SUSPECTFLAG', '' );
insert into Transformation ( TRANSFORMERID, ORDERNO, TYPE, SOURCE, TARGET, CONFIG, DESCRIPTION ) values ( 'DC_E_AFG:((13)):DC_E_AFG_VIRTUAL_GATEWAY:3gpp32435', 205, 'condition', 'DC_SUSPECTFLAG', 'DC_SUSPECTFLAG', 'factor=TRUE result1=true result2field=DC_SUSPECTFLAG', '' );
insert into Transformation ( TRANSFORMERID, ORDERNO, TYPE, SOURCE, TARGET, CONFIG, DESCRIPTION ) values ( 'DC_E_AFG:((13)):DC_E_AFG_VIRTUAL_GATEWAY:3gpp32435', 206, 'condition', 'DC_SUSPECTFLAG', 'DC_SUSPECTFLAG', 'factor=true result1=1 result2field=DC_SUSPECTFLAG', '' );
insert into Transformation ( TRANSFORMERID, ORDERNO, TYPE, SOURCE, TARGET, CONFIG, DESCRIPTION ) values ( 'DC_E_AFG:((13)):DC_E_AFG_VIRTUAL_GATEWAY:3gpp32435', 207, 'condition', 'DC_SUSPECTFLAG', 'ROWSTATUS', 'factor=1 result1=SUSPECTED result2field=ROWSTATUS', '' );
insert into Transformation ( TRANSFORMERID, ORDERNO, TYPE, SOURCE, TARGET, CONFIG, DESCRIPTION ) values ( 'DC_E_AFG:((13)):DC_E_AFG_VIRTUAL_GATEWAY:3gpp32435', 208, 'copy', 'OSS_ID', 'DC_SOURCE', '', '' );
insert into Transformation ( TRANSFORMERID, ORDERNO, TYPE, SOURCE, TARGET, CONFIG, DESCRIPTION ) values ( 'DC_E_AFG:((13)):DC_E_AFG_VIRTUAL_GATEWAY:3gpp32435', 209, 'lookup', 'filename', 'MeContext1', 'pattern=.+?\_.*MeContext=(.*?)_statsfile.*', '' );
insert into Transformation ( TRANSFORMERID, ORDERNO, TYPE, SOURCE, TARGET, CONFIG, DESCRIPTION ) values ( 'DC_E_AFG:((13)):DC_E_AFG_VIRTUAL_GATEWAY:3gpp32435', 210, 'lookup', 'filename', 'MeContext2', 'pattern=.*MeContext=(.*),.*_.*', '' );
insert into Transformation ( TRANSFORMERID, ORDERNO, TYPE, SOURCE, TARGET, CONFIG, DESCRIPTION ) values ( 'DC_E_AFG:((13)):DC_E_AFG_VIRTUAL_GATEWAY:3gpp32435', 211, 'condition', 'MeContext2', 'MeContext', 'factor= result1field=MeContext1 result2field=MeContext2', '' );
insert into Transformation ( TRANSFORMERID, ORDERNO, TYPE, SOURCE, TARGET, CONFIG, DESCRIPTION ) values ( 'DC_E_AFG:((13)):DC_E_AFG_VIRTUAL_GATEWAY:3gpp32435', 212, 'lookup', 'filename', 'ManagedElement1', 'pattern=.+?\_.*ManagedElement=(.*?)_statsfile.*', '' );
insert into Transformation ( TRANSFORMERID, ORDERNO, TYPE, SOURCE, TARGET, CONFIG, DESCRIPTION ) values ( 'DC_E_AFG:((13)):DC_E_AFG_VIRTUAL_GATEWAY:3gpp32435', 213, 'lookup', 'filename', 'ManagedElement2', 'pattern=.*ManagedElement=(.*),.*_.*', '' );
insert into Transformation ( TRANSFORMERID, ORDERNO, TYPE, SOURCE, TARGET, CONFIG, DESCRIPTION ) values ( 'DC_E_AFG:((13)):DC_E_AFG_VIRTUAL_GATEWAY:3gpp32435', 214, 'condition', 'ManagedElement2', 'ManagedElement', 'factor= result1field=ManagedElement1 result2field=ManagedElement2', '' );
insert into Transformation ( TRANSFORMERID, ORDERNO, TYPE, SOURCE, TARGET, CONFIG, DESCRIPTION ) values ( 'DC_E_AFG:((13)):DC_E_AFG_VIRTUAL_GATEWAY:3gpp32435', 215, 'lookup', 'filename', 'NetworkElement1', 'pattern=.+?\_.*NetworkElement=(.*?)_statsfile.*', '' );
insert into Transformation ( TRANSFORMERID, ORDERNO, TYPE, SOURCE, TARGET, CONFIG, DESCRIPTION ) values ( 'DC_E_AFG:((13)):DC_E_AFG_VIRTUAL_GATEWAY:3gpp32435', 216, 'lookup', 'filename', 'NetworkElement2', 'pattern=.*NetworkElement=(.*),.*_.*', '' );
insert into Transformation ( TRANSFORMERID, ORDERNO, TYPE, SOURCE, TARGET, CONFIG, DESCRIPTION ) values ( 'DC_E_AFG:((13)):DC_E_AFG_VIRTUAL_GATEWAY:3gpp32435', 217, 'condition', 'NetworkElement2', 'NetworkElement', 'factor= result1field=NetworkElement1 result2field=NetworkElement2', '' );
insert into Transformation ( TRANSFORMERID, ORDERNO, TYPE, SOURCE, TARGET, CONFIG, DESCRIPTION ) values ( 'DC_E_AFG:((13)):DC_E_AFG_VIRTUAL_GATEWAY:3gpp32435', 218, 'condition', 'MeContext', 'ManagedElement11', 'factor= result1field=ManagedElement result2field=MeContext', '' );
insert into Transformation ( TRANSFORMERID, ORDERNO, TYPE, SOURCE, TARGET, CONFIG, DESCRIPTION ) values ( 'DC_E_AFG:((13)):DC_E_AFG_VIRTUAL_GATEWAY:3gpp32435', 219, 'condition', 'ManagedElement11', 'NODE_NAME', 'factor= result1field=NetworkElement result2field=ManagedElement11', '' );
insert into Transformation ( TRANSFORMERID, ORDERNO, TYPE, SOURCE, TARGET, CONFIG, DESCRIPTION ) values ( 'DC_E_AFG:((13)):DC_E_AFG_VIRTUAL_GATEWAY:3gpp32435', 220, 'copy', 'NODE_NAME', 'NE_Identifier', '', '' );
insert into Transformation ( TRANSFORMERID, ORDERNO, TYPE, SOURCE, TARGET, CONFIG, DESCRIPTION ) values ( 'DC_E_AFG:((13)):DC_E_AFG_VIRTUAL_GATEWAY:3gpp32435', 221, 'preappender', 'NE_Identifier', 'NE_Identifier', 'fixed=:', '' );
insert into Transformation ( TRANSFORMERID, ORDERNO, TYPE, SOURCE, TARGET, CONFIG, DESCRIPTION ) values ( 'DC_E_AFG:((13)):DC_E_AFG_VIRTUAL_GATEWAY:3gpp32435', 222, 'preappender', 'NE_Identifier', 'NE_Identifier', 'field=OSS_ID', '' );
insert into Transformation ( TRANSFORMERID, ORDERNO, TYPE, SOURCE, TARGET, CONFIG, DESCRIPTION ) values ( 'DC_E_AFG:((13)):DC_E_AFG_VIRTUAL_GATEWAY:3gpp32435', 223, 'databaselookup', 'NE_Identifier', 'DC_RELEASE', 'sql=select OSS_ID||'':''||NODE_NAME, NODE_VERSION  from DIM_E_CN_AFG basetable=DIM_E_CN_AFG', '' );
insert into Transformation ( TRANSFORMERID, ORDERNO, TYPE, SOURCE, TARGET, CONFIG, DESCRIPTION ) values ( 'DC_E_AFG:((13)):DC_E_AFG_VIRTUAL_GATEWAY:3gpp32435', 224, 'lookup', 'filename', 'VIRTUAL_GATEWAY', 'pattern=.+-(.+?)_SubNetwork.*', '' );
insert into Dataformat ( DATAFORMATID, TYPEID, VERSIONID, OBJECTTYPE, FOLDERNAME, DATAFORMATTYPE ) values ( 'DC_E_AFG:((13)):DC_E_AFG_AGG_PROXY:3gpp32435', 'DC_E_AFG:((13)):DC_E_AFG_AGG_PROXY', 'DC_E_AFG:((13))', 'Measurement', 'DC_E_AFG_AGG_PROXY', '3gpp32435' );
insert into Dataformat ( DATAFORMATID, TYPEID, VERSIONID, OBJECTTYPE, FOLDERNAME, DATAFORMATTYPE ) values ( 'DC_E_AFG:((13)):DC_E_AFG_BOOTSTRAP_FUNC:3gpp32435', 'DC_E_AFG:((13)):DC_E_AFG_BOOTSTRAP_FUNC', 'DC_E_AFG:((13))', 'Measurement', 'DC_E_AFG_BOOTSTRAP_FUNC', '3gpp32435' );
insert into Dataformat ( DATAFORMATID, TYPEID, VERSIONID, OBJECTTYPE, FOLDERNAME, DATAFORMATTYPE ) values ( 'DC_E_AFG:((13)):DC_E_AFG_DIAMETER:3gpp32435', 'DC_E_AFG:((13)):DC_E_AFG_DIAMETER', 'DC_E_AFG:((13))', 'Measurement', 'DC_E_AFG_DIAMETER', '3gpp32435' );
insert into Dataformat ( DATAFORMATID, TYPEID, VERSIONID, OBJECTTYPE, FOLDERNAME, DATAFORMATTYPE ) values ( 'DC_E_AFG:((13)):DC_E_AFG_OPENID_CONN:3gpp32435', 'DC_E_AFG:((13)):DC_E_AFG_OPENID_CONN', 'DC_E_AFG:((13))', 'Measurement', 'DC_E_AFG_OPENID_CONN', '3gpp32435' );
insert into Dataformat ( DATAFORMATID, TYPEID, VERSIONID, OBJECTTYPE, FOLDERNAME, DATAFORMATTYPE ) values ( 'DC_E_AFG:((13)):DC_E_AFG_TRUSTEDPROXY:3gpp32435', 'DC_E_AFG:((13)):DC_E_AFG_TRUSTEDPROXY', 'DC_E_AFG:((13))', 'Measurement', 'DC_E_AFG_TRUSTEDPROXY', '3gpp32435' );
insert into Dataformat ( DATAFORMATID, TYPEID, VERSIONID, OBJECTTYPE, FOLDERNAME, DATAFORMATTYPE ) values ( 'DC_E_AFG:((13)):DC_E_AFG_VIRTUAL_GATEWAY:3gpp32435', 'DC_E_AFG:((13)):DC_E_AFG_VIRTUAL_GATEWAY', 'DC_E_AFG:((13))', 'Measurement', 'DC_E_AFG_VIRTUAL_GATEWAY', '3gpp32435' );
insert into Dataformat ( DATAFORMATID, TYPEID, VERSIONID, OBJECTTYPE, FOLDERNAME, DATAFORMATTYPE ) values ( 'DC_E_AFG:((13)):DC_E_AFG_SYSTEM:3gpp32435', 'DC_E_AFG:((13)):DC_E_AFG_SYSTEM', 'DC_E_AFG:((13))', 'Measurement', 'DC_E_AFG_SYSTEM', '3gpp32435' );
insert into Defaulttags ( TAGID, DATAFORMATID, DESCRIPTION ) values ( 'AP', 'DC_E_AFG:((13)):DC_E_AFG_AGG_PROXY:3gpp32435', 'tag' );
insert into Defaulttags ( TAGID, DATAFORMATID, DESCRIPTION ) values ( 'AP1', 'DC_E_AFG:((13)):DC_E_AFG_AGG_PROXY:3gpp32435', 'tag' );
insert into Defaulttags ( TAGID, DATAFORMATID, DESCRIPTION ) values ( 'BSF', 'DC_E_AFG:((13)):DC_E_AFG_BOOTSTRAP_FUNC:3gpp32435', 'tag' );
insert into Defaulttags ( TAGID, DATAFORMATID, DESCRIPTION ) values ( 'BSF1', 'DC_E_AFG:((13)):DC_E_AFG_BOOTSTRAP_FUNC:3gpp32435', 'tag' );
insert into Defaulttags ( TAGID, DATAFORMATID, DESCRIPTION ) values ( 'DIAMETER', 'DC_E_AFG:((13)):DC_E_AFG_DIAMETER:3gpp32435', 'tag' );
insert into Defaulttags ( TAGID, DATAFORMATID, DESCRIPTION ) values ( 'DIAMETER1', 'DC_E_AFG:((13)):DC_E_AFG_DIAMETER:3gpp32435', 'tag' );
insert into Defaulttags ( TAGID, DATAFORMATID, DESCRIPTION ) values ( 'OIDC', 'DC_E_AFG:((13)):DC_E_AFG_OPENID_CONN:3gpp32435', 'tag' );
insert into Defaulttags ( TAGID, DATAFORMATID, DESCRIPTION ) values ( 'OIDC1', 'DC_E_AFG:((13)):DC_E_AFG_OPENID_CONN:3gpp32435', 'tag' );
insert into Defaulttags ( TAGID, DATAFORMATID, DESCRIPTION ) values ( 'SYSTEM', 'DC_E_AFG:((13)):DC_E_AFG_SYSTEM:3gpp32435', 'tag' );
insert into Defaulttags ( TAGID, DATAFORMATID, DESCRIPTION ) values ( 'SYSTEM1', 'DC_E_AFG:((13)):DC_E_AFG_SYSTEM:3gpp32435', 'tag' );
insert into Defaulttags ( TAGID, DATAFORMATID, DESCRIPTION ) values ( 'TRUSTEDPROXY', 'DC_E_AFG:((13)):DC_E_AFG_TRUSTEDPROXY:3gpp32435', 'tag' );
insert into Defaulttags ( TAGID, DATAFORMATID, DESCRIPTION ) values ( 'TRUSTEDPROXY1', 'DC_E_AFG:((13)):DC_E_AFG_TRUSTEDPROXY:3gpp32435', 'tag' );
insert into Defaulttags ( TAGID, DATAFORMATID, DESCRIPTION ) values ( 'VG1', 'DC_E_AFG:((13)):DC_E_AFG_VIRTUAL_GATEWAY:3gpp32435', 'tag' );
insert into Defaulttags ( TAGID, DATAFORMATID, DESCRIPTION ) values ( 'VG2', 'DC_E_AFG:((13)):DC_E_AFG_VIRTUAL_GATEWAY:3gpp32435', 'tag' );
insert into Defaulttags ( TAGID, DATAFORMATID, DESCRIPTION ) values ( 'VG3', 'DC_E_AFG:((13)):DC_E_AFG_VIRTUAL_GATEWAY:3gpp32435', 'tag' );
insert into Defaulttags ( TAGID, DATAFORMATID, DESCRIPTION ) values ( 'VG4', 'DC_E_AFG:((13)):DC_E_AFG_VIRTUAL_GATEWAY:3gpp32435', 'tag' );
insert into Defaulttags ( TAGID, DATAFORMATID, DESCRIPTION ) values ( 'VG5', 'DC_E_AFG:((13)):DC_E_AFG_VIRTUAL_GATEWAY:3gpp32435', 'tag' );
insert into Defaulttags ( TAGID, DATAFORMATID, DESCRIPTION ) values ( 'VG6', 'DC_E_AFG:((13)):DC_E_AFG_VIRTUAL_GATEWAY:3gpp32435', 'tag' );
insert into Defaulttags ( TAGID, DATAFORMATID, DESCRIPTION ) values ( 'VG7', 'DC_E_AFG:((13)):DC_E_AFG_VIRTUAL_GATEWAY:3gpp32435', 'tag' );
insert into Defaulttags ( TAGID, DATAFORMATID, DESCRIPTION ) values ( 'VG8', 'DC_E_AFG:((13)):DC_E_AFG_VIRTUAL_GATEWAY:3gpp32435', 'tag' );
insert into Defaulttags ( TAGID, DATAFORMATID, DESCRIPTION ) values ( 'VG9', 'DC_E_AFG:((13)):DC_E_AFG_VIRTUAL_GATEWAY:3gpp32435', 'tag' );
insert into Defaulttags ( TAGID, DATAFORMATID, DESCRIPTION ) values ( 'VG10', 'DC_E_AFG:((13)):DC_E_AFG_VIRTUAL_GATEWAY:3gpp32435', 'tag' );
insert into Defaulttags ( TAGID, DATAFORMATID, DESCRIPTION ) values ( 'VG11', 'DC_E_AFG:((13)):DC_E_AFG_VIRTUAL_GATEWAY:3gpp32435', 'tag' );
insert into Defaulttags ( TAGID, DATAFORMATID, DESCRIPTION ) values ( 'VG12', 'DC_E_AFG:((13)):DC_E_AFG_VIRTUAL_GATEWAY:3gpp32435', 'tag' );
insert into Defaulttags ( TAGID, DATAFORMATID, DESCRIPTION ) values ( 'VG13', 'DC_E_AFG:((13)):DC_E_AFG_VIRTUAL_GATEWAY:3gpp32435', 'tag' );
insert into Defaulttags ( TAGID, DATAFORMATID, DESCRIPTION ) values ( 'VG14', 'DC_E_AFG:((13)):DC_E_AFG_VIRTUAL_GATEWAY:3gpp32435', 'tag' );
insert into Defaulttags ( TAGID, DATAFORMATID, DESCRIPTION ) values ( 'VG15', 'DC_E_AFG:((13)):DC_E_AFG_VIRTUAL_GATEWAY:3gpp32435', 'tag' );
insert into Defaulttags ( TAGID, DATAFORMATID, DESCRIPTION ) values ( 'VG16', 'DC_E_AFG:((13)):DC_E_AFG_VIRTUAL_GATEWAY:3gpp32435', 'tag' );
insert into Defaulttags ( TAGID, DATAFORMATID, DESCRIPTION ) values ( 'VG17', 'DC_E_AFG:((13)):DC_E_AFG_VIRTUAL_GATEWAY:3gpp32435', 'tag' );
insert into Defaulttags ( TAGID, DATAFORMATID, DESCRIPTION ) values ( 'VG18', 'DC_E_AFG:((13)):DC_E_AFG_VIRTUAL_GATEWAY:3gpp32435', 'tag' );
insert into Defaulttags ( TAGID, DATAFORMATID, DESCRIPTION ) values ( 'VG19', 'DC_E_AFG:((13)):DC_E_AFG_VIRTUAL_GATEWAY:3gpp32435', 'tag' );
insert into Defaulttags ( TAGID, DATAFORMATID, DESCRIPTION ) values ( 'VG20', 'DC_E_AFG:((13)):DC_E_AFG_VIRTUAL_GATEWAY:3gpp32435', 'tag' );
insert into Dataitem ( DATAFORMATID, DATANAME, COLNUMBER, DATAID, PROCESS_INSTRUCTION, DATATYPE, DATASIZE, DATASCALE ) values ( 'DC_E_AFG:((13)):DC_E_AFG_AGG_PROXY:3gpp32435', 'BATCH_ID', 12, 'BATCH_ID', '', 'smallint', 0, 0 );
insert into Dataitem ( DATAFORMATID, DATANAME, COLNUMBER, DATAID, PROCESS_INSTRUCTION, DATATYPE, DATASIZE, DATASCALE ) values ( 'DC_E_AFG:((13)):DC_E_AFG_AGG_PROXY:3gpp32435', 'DATETIME_ID', 8, 'DATETIME_ID', '', 'datetime', 0, 0 );
insert into Dataitem ( DATAFORMATID, DATANAME, COLNUMBER, DATAID, PROCESS_INSTRUCTION, DATATYPE, DATASIZE, DATASCALE ) values ( 'DC_E_AFG:((13)):DC_E_AFG_AGG_PROXY:3gpp32435', 'DATE_ID', 3, 'DATE_ID', '', 'date', 0, 0 );
insert into Dataitem ( DATAFORMATID, DATANAME, COLNUMBER, DATAID, PROCESS_INSTRUCTION, DATATYPE, DATASIZE, DATASCALE ) values ( 'DC_E_AFG:((13)):DC_E_AFG_AGG_PROXY:3gpp32435', 'DAY_ID', 6, 'DAY_ID', '', 'tinyint', 0, 0 );
insert into Dataitem ( DATAFORMATID, DATANAME, COLNUMBER, DATAID, PROCESS_INSTRUCTION, DATATYPE, DATASIZE, DATASCALE ) values ( 'DC_E_AFG:((13)):DC_E_AFG_AGG_PROXY:3gpp32435', 'DC_RELEASE', 15, 'DC_RELEASE', '', 'varchar', 16, 0 );
insert into Dataitem ( DATAFORMATID, DATANAME, COLNUMBER, DATAID, PROCESS_INSTRUCTION, DATATYPE, DATASIZE, DATASCALE ) values ( 'DC_E_AFG:((13)):DC_E_AFG_AGG_PROXY:3gpp32435', 'DC_SOURCE', 16, 'DC_SOURCE', '', 'varchar', 16, 0 );
insert into Dataitem ( DATAFORMATID, DATANAME, COLNUMBER, DATAID, PROCESS_INSTRUCTION, DATATYPE, DATASIZE, DATASCALE ) values ( 'DC_E_AFG:((13)):DC_E_AFG_AGG_PROXY:3gpp32435', 'DC_SUSPECTFLAG', 18, 'DC_SUSPECTFLAG', '', 'int', 0, 0 );
insert into Dataitem ( DATAFORMATID, DATANAME, COLNUMBER, DATAID, PROCESS_INSTRUCTION, DATATYPE, DATASIZE, DATASCALE ) values ( 'DC_E_AFG:((13)):DC_E_AFG_AGG_PROXY:3gpp32435', 'DC_TIMEZONE', 17, 'DC_TIMEZONE', '', 'varchar', 16, 0 );
insert into Dataitem ( DATAFORMATID, DATANAME, COLNUMBER, DATAID, PROCESS_INSTRUCTION, DATATYPE, DATASIZE, DATASCALE ) values ( 'DC_E_AFG:((13)):DC_E_AFG_AGG_PROXY:3gpp32435', 'HOUR_ID', 7, 'HOUR_ID', '', 'tinyint', 0, 0 );
insert into Dataitem ( DATAFORMATID, DATANAME, COLNUMBER, DATAID, PROCESS_INSTRUCTION, DATATYPE, DATASIZE, DATASCALE ) values ( 'DC_E_AFG:((13)):DC_E_AFG_AGG_PROXY:3gpp32435', 'MIN_ID', 9, 'MIN_ID', '', 'tinyint', 0, 0 );
insert into Dataitem ( DATAFORMATID, DATANAME, COLNUMBER, DATAID, PROCESS_INSTRUCTION, DATATYPE, DATASIZE, DATASCALE ) values ( 'DC_E_AFG:((13)):DC_E_AFG_AGG_PROXY:3gpp32435', 'MONTH_ID', 5, 'MONTH_ID', '', 'tinyint', 0, 0 );
insert into Dataitem ( DATAFORMATID, DATANAME, COLNUMBER, DATAID, PROCESS_INSTRUCTION, DATATYPE, DATASIZE, DATASCALE ) values ( 'DC_E_AFG:((13)):DC_E_AFG_AGG_PROXY:3gpp32435', 'NODE_NAME', 2, 'NODE_NAME', 'key', 'varchar', 50, 0 );
insert into Dataitem ( DATAFORMATID, DATANAME, COLNUMBER, DATAID, PROCESS_INSTRUCTION, DATATYPE, DATASIZE, DATASCALE ) values ( 'DC_E_AFG:((13)):DC_E_AFG_AGG_PROXY:3gpp32435', 'OSS_ID', 1, 'OSS_ID', 'key', 'varchar', 50, 0 );
insert into Dataitem ( DATAFORMATID, DATANAME, COLNUMBER, DATAID, PROCESS_INSTRUCTION, DATATYPE, DATASIZE, DATASCALE ) values ( 'DC_E_AFG:((13)):DC_E_AFG_AGG_PROXY:3gpp32435', 'PERIOD_DURATION', 13, 'PERIOD_DURATION', '', 'unsigned int', 0, 0 );
insert into Dataitem ( DATAFORMATID, DATANAME, COLNUMBER, DATAID, PROCESS_INSTRUCTION, DATATYPE, DATASIZE, DATASCALE ) values ( 'DC_E_AFG:((13)):DC_E_AFG_AGG_PROXY:3gpp32435', 'ROWSTATUS', 14, 'ROWSTATUS', '', 'varchar', 16, 0 );
insert into Dataitem ( DATAFORMATID, DATANAME, COLNUMBER, DATAID, PROCESS_INSTRUCTION, DATATYPE, DATASIZE, DATASCALE ) values ( 'DC_E_AFG:((13)):DC_E_AFG_AGG_PROXY:3gpp32435', 'SESSION_ID', 11, 'SESSION_ID', '', 'unsigned int', 0, 0 );
insert into Dataitem ( DATAFORMATID, DATANAME, COLNUMBER, DATAID, PROCESS_INSTRUCTION, DATATYPE, DATASIZE, DATASCALE ) values ( 'DC_E_AFG:((13)):DC_E_AFG_AGG_PROXY:3gpp32435', 'TIMELEVEL', 10, 'TIMELEVEL', '', 'varchar', 10, 0 );
insert into Dataitem ( DATAFORMATID, DATANAME, COLNUMBER, DATAID, PROCESS_INSTRUCTION, DATATYPE, DATASIZE, DATASCALE ) values ( 'DC_E_AFG:((13)):DC_E_AFG_AGG_PROXY:3gpp32435', 'UTC_DATETIME_ID', 19, 'UTC_DATETIME_ID', '', 'datetime', 0, 0 );
insert into Dataitem ( DATAFORMATID, DATANAME, COLNUMBER, DATAID, PROCESS_INSTRUCTION, DATATYPE, DATASIZE, DATASCALE ) values ( 'DC_E_AFG:((13)):DC_E_AFG_AGG_PROXY:3gpp32435', 'YEAR_ID', 4, 'YEAR_ID', '', 'smallint', 0, 0 );
insert into Dataitem ( DATAFORMATID, DATANAME, COLNUMBER, DATAID, PROCESS_INSTRUCTION, DATATYPE, DATASIZE, DATASCALE ) values ( 'DC_E_AFG:((13)):DC_E_AFG_AGG_PROXY:3gpp32435', 'apSubCntSsoVpActSubCount_actual', 20, 'apSubCntSsoVpActSubCount.actual', 'GAUGE', 'numeric', 24, 4 );
insert into Dataitem ( DATAFORMATID, DATANAME, COLNUMBER, DATAID, PROCESS_INSTRUCTION, DATATYPE, DATASIZE, DATASCALE ) values ( 'DC_E_AFG:((13)):DC_E_AFG_AGG_PROXY:3gpp32435', 'apSubCntSsoVpActSubCount_max', 22, 'apSubCntSsoVpActSubCount.max', 'GAUGE', 'numeric', 24, 4 );
insert into Dataitem ( DATAFORMATID, DATANAME, COLNUMBER, DATAID, PROCESS_INSTRUCTION, DATATYPE, DATASIZE, DATASCALE ) values ( 'DC_E_AFG:((13)):DC_E_AFG_AGG_PROXY:3gpp32435', 'apSubCntSsoVpActSubCount_min', 21, 'apSubCntSsoVpActSubCount.min', 'GAUGE', 'numeric', 24, 4 );
insert into Dataitem ( DATAFORMATID, DATANAME, COLNUMBER, DATAID, PROCESS_INSTRUCTION, DATATYPE, DATASIZE, DATASCALE ) values ( 'DC_E_AFG:((13)):DC_E_AFG_AGG_PROXY:3gpp32435', 'apSubCntSsoVpMaxSubCount_actual', 23, 'apSubCntSsoVpMaxSubCount.actual', 'PEG', 'numeric', 20, 0 );
insert into Dataitem ( DATAFORMATID, DATANAME, COLNUMBER, DATAID, PROCESS_INSTRUCTION, DATATYPE, DATASIZE, DATASCALE ) values ( 'DC_E_AFG:((13)):DC_E_AFG_AGG_PROXY:3gpp32435', 'apSubCntSsoVpMaxSubCount_delta', 24, 'apSubCntSsoVpMaxSubCount.delta', 'PEG', 'numeric', 20, 0 );
insert into Dataitem ( DATAFORMATID, DATANAME, COLNUMBER, DATAID, PROCESS_INSTRUCTION, DATATYPE, DATASIZE, DATASCALE ) values ( 'DC_E_AFG:((13)):DC_E_AFG_AGG_PROXY:3gpp32435', 'cnpCntInboundReqFailed403_actual', 27, 'cnpCntInboundReqFailed403.actual', 'PEG', 'numeric', 20, 0 );
insert into Dataitem ( DATAFORMATID, DATANAME, COLNUMBER, DATAID, PROCESS_INSTRUCTION, DATATYPE, DATASIZE, DATASCALE ) values ( 'DC_E_AFG:((13)):DC_E_AFG_AGG_PROXY:3gpp32435', 'cnpCntInboundReqFailed403_delta', 28, 'cnpCntInboundReqFailed403.delta', 'PEG', 'numeric', 20, 0 );
insert into Dataitem ( DATAFORMATID, DATANAME, COLNUMBER, DATAID, PROCESS_INSTRUCTION, DATATYPE, DATASIZE, DATASCALE ) values ( 'DC_E_AFG:((13)):DC_E_AFG_AGG_PROXY:3gpp32435', 'cnpCntInboundReqFailed404_actual', 29, 'cnpCntInboundReqFailed404.actual', 'PEG', 'numeric', 20, 0 );
insert into Dataitem ( DATAFORMATID, DATANAME, COLNUMBER, DATAID, PROCESS_INSTRUCTION, DATATYPE, DATASIZE, DATASCALE ) values ( 'DC_E_AFG:((13)):DC_E_AFG_AGG_PROXY:3gpp32435', 'cnpCntInboundReqFailed404_delta', 30, 'cnpCntInboundReqFailed404.delta', 'PEG', 'numeric', 20, 0 );
insert into Dataitem ( DATAFORMATID, DATANAME, COLNUMBER, DATAID, PROCESS_INSTRUCTION, DATATYPE, DATASIZE, DATASCALE ) values ( 'DC_E_AFG:((13)):DC_E_AFG_AGG_PROXY:3gpp32435', 'cnpCntInboundReqFailedOthers_actual', 31, 'cnpCntInboundReqFailedOthers.actual', 'PEG', 'numeric', 20, 0 );
insert into Dataitem ( DATAFORMATID, DATANAME, COLNUMBER, DATAID, PROCESS_INSTRUCTION, DATATYPE, DATASIZE, DATASCALE ) values ( 'DC_E_AFG:((13)):DC_E_AFG_AGG_PROXY:3gpp32435', 'cnpCntInboundReqFailedOthers_delta', 32, 'cnpCntInboundReqFailedOthers.delta', 'PEG', 'numeric', 20, 0 );
insert into Dataitem ( DATAFORMATID, DATANAME, COLNUMBER, DATAID, PROCESS_INSTRUCTION, DATATYPE, DATASIZE, DATASCALE ) values ( 'DC_E_AFG:((13)):DC_E_AFG_AGG_PROXY:3gpp32435', 'cnpCntInboundReq_actual', 25, 'cnpCntInboundReq.actual', 'PEG', 'numeric', 20, 0 );
insert into Dataitem ( DATAFORMATID, DATANAME, COLNUMBER, DATAID, PROCESS_INSTRUCTION, DATATYPE, DATASIZE, DATASCALE ) values ( 'DC_E_AFG:((13)):DC_E_AFG_AGG_PROXY:3gpp32435', 'cnpCntInboundReq_delta', 26, 'cnpCntInboundReq.delta', 'PEG', 'numeric', 20, 0 );
insert into Dataitem ( DATAFORMATID, DATANAME, COLNUMBER, DATAID, PROCESS_INSTRUCTION, DATATYPE, DATASIZE, DATASCALE ) values ( 'DC_E_AFG:((13)):DC_E_AFG_AGG_PROXY:3gpp32435', 'cnpCntOutboundReqFailed404_actual', 35, 'cnpCntOutboundReqFailed404.actual', 'PEG', 'numeric', 20, 0 );
insert into Dataitem ( DATAFORMATID, DATANAME, COLNUMBER, DATAID, PROCESS_INSTRUCTION, DATATYPE, DATASIZE, DATASCALE ) values ( 'DC_E_AFG:((13)):DC_E_AFG_AGG_PROXY:3gpp32435', 'cnpCntOutboundReqFailed404_delta', 36, 'cnpCntOutboundReqFailed404.delta', 'PEG', 'numeric', 20, 0 );
insert into Dataitem ( DATAFORMATID, DATANAME, COLNUMBER, DATAID, PROCESS_INSTRUCTION, DATATYPE, DATASIZE, DATASCALE ) values ( 'DC_E_AFG:((13)):DC_E_AFG_AGG_PROXY:3gpp32435', 'cnpCntOutboundReqFailedOthers_actual', 37, 'cnpCntOutboundReqFailedOthers.actual', 'PEG', 'numeric', 20, 0 );
insert into Dataitem ( DATAFORMATID, DATANAME, COLNUMBER, DATAID, PROCESS_INSTRUCTION, DATATYPE, DATASIZE, DATASCALE ) values ( 'DC_E_AFG:((13)):DC_E_AFG_AGG_PROXY:3gpp32435', 'cnpCntOutboundReqFailedOthers_delta', 38, 'cnpCntOutboundReqFailedOthers.delta', 'PEG', 'numeric', 20, 0 );
insert into Dataitem ( DATAFORMATID, DATANAME, COLNUMBER, DATAID, PROCESS_INSTRUCTION, DATATYPE, DATASIZE, DATASCALE ) values ( 'DC_E_AFG:((13)):DC_E_AFG_AGG_PROXY:3gpp32435', 'cnpCntOutboundReq_actual', 33, 'cnpCntOutboundReq.actual', 'PEG', 'numeric', 20, 0 );
insert into Dataitem ( DATAFORMATID, DATANAME, COLNUMBER, DATAID, PROCESS_INSTRUCTION, DATATYPE, DATASIZE, DATASCALE ) values ( 'DC_E_AFG:((13)):DC_E_AFG_AGG_PROXY:3gpp32435', 'cnpCntOutboundReq_delta', 34, 'cnpCntOutboundReq.delta', 'PEG', 'numeric', 20, 0 );
insert into Dataitem ( DATAFORMATID, DATANAME, COLNUMBER, DATAID, PROCESS_INSTRUCTION, DATATYPE, DATASIZE, DATASCALE ) values ( 'DC_E_AFG:((13)):DC_E_AFG_AGG_PROXY:3gpp32435', 'mediaCntAuthFailed_actual', 39, 'mediaCntAuthFailed.actual', 'PEG', 'numeric', 20, 0 );
insert into Dataitem ( DATAFORMATID, DATANAME, COLNUMBER, DATAID, PROCESS_INSTRUCTION, DATATYPE, DATASIZE, DATASCALE ) values ( 'DC_E_AFG:((13)):DC_E_AFG_AGG_PROXY:3gpp32435', 'mediaCntAuthFailed_delta', 40, 'mediaCntAuthFailed.delta', 'PEG', 'numeric', 20, 0 );
insert into Dataitem ( DATAFORMATID, DATANAME, COLNUMBER, DATAID, PROCESS_INSTRUCTION, DATATYPE, DATASIZE, DATASCALE ) values ( 'DC_E_AFG:((13)):DC_E_AFG_AGG_PROXY:3gpp32435', 'mediaCntAuthGbaMeReq_actual', 41, 'mediaCntAuthGbaMeReq.actual', 'PEG', 'numeric', 20, 0 );
insert into Dataitem ( DATAFORMATID, DATANAME, COLNUMBER, DATAID, PROCESS_INSTRUCTION, DATATYPE, DATASIZE, DATASCALE ) values ( 'DC_E_AFG:((13)):DC_E_AFG_AGG_PROXY:3gpp32435', 'mediaCntAuthGbaMeReq_delta', 42, 'mediaCntAuthGbaMeReq.delta', 'PEG', 'numeric', 20, 0 );
insert into Dataitem ( DATAFORMATID, DATANAME, COLNUMBER, DATAID, PROCESS_INSTRUCTION, DATATYPE, DATASIZE, DATASCALE ) values ( 'DC_E_AFG:((13)):DC_E_AFG_AGG_PROXY:3gpp32435', 'mediaCntAuthGbaReq_actual', 43, 'mediaCntAuthGbaReq.actual', 'PEG', 'numeric', 20, 0 );
insert into Dataitem ( DATAFORMATID, DATANAME, COLNUMBER, DATAID, PROCESS_INSTRUCTION, DATATYPE, DATASIZE, DATASCALE ) values ( 'DC_E_AFG:((13)):DC_E_AFG_AGG_PROXY:3gpp32435', 'mediaCntAuthGbaReq_delta', 44, 'mediaCntAuthGbaReq.delta', 'PEG', 'numeric', 20, 0 );
insert into Dataitem ( DATAFORMATID, DATANAME, COLNUMBER, DATAID, PROCESS_INSTRUCTION, DATATYPE, DATASIZE, DATASCALE ) values ( 'DC_E_AFG:((13)):DC_E_AFG_AGG_PROXY:3gpp32435', 'mediaCntAuthReqFailed403_actual', 47, 'mediaCntAuthReqFailed403.actual', 'PEG', 'numeric', 20, 0 );
insert into Dataitem ( DATAFORMATID, DATANAME, COLNUMBER, DATAID, PROCESS_INSTRUCTION, DATATYPE, DATASIZE, DATASCALE ) values ( 'DC_E_AFG:((13)):DC_E_AFG_AGG_PROXY:3gpp32435', 'mediaCntAuthReqFailed403_delta', 48, 'mediaCntAuthReqFailed403.delta', 'PEG', 'numeric', 20, 0 );
insert into Dataitem ( DATAFORMATID, DATANAME, COLNUMBER, DATAID, PROCESS_INSTRUCTION, DATATYPE, DATASIZE, DATASCALE ) values ( 'DC_E_AFG:((13)):DC_E_AFG_AGG_PROXY:3gpp32435', 'mediaCntAuthReq_actual', 45, 'mediaCntAuthReq.actual', 'PEG', 'numeric', 20, 0 );
insert into Dataitem ( DATAFORMATID, DATANAME, COLNUMBER, DATAID, PROCESS_INSTRUCTION, DATATYPE, DATASIZE, DATASCALE ) values ( 'DC_E_AFG:((13)):DC_E_AFG_AGG_PROXY:3gpp32435', 'mediaCntAuthReq_delta', 46, 'mediaCntAuthReq.delta', 'PEG', 'numeric', 20, 0 );
insert into Dataitem ( DATAFORMATID, DATANAME, COLNUMBER, DATAID, PROCESS_INSTRUCTION, DATATYPE, DATASIZE, DATASCALE ) values ( 'DC_E_AFG:((13)):DC_E_AFG_AGG_PROXY:3gpp32435', 'mediaCntAuthResp_actual', 49, 'mediaCntAuthResp.actual', 'PEG', 'numeric', 20, 0 );
insert into Dataitem ( DATAFORMATID, DATANAME, COLNUMBER, DATAID, PROCESS_INSTRUCTION, DATATYPE, DATASIZE, DATASCALE ) values ( 'DC_E_AFG:((13)):DC_E_AFG_AGG_PROXY:3gpp32435', 'mediaCntAuthResp_delta', 50, 'mediaCntAuthResp.delta', 'PEG', 'numeric', 20, 0 );
insert into Dataitem ( DATAFORMATID, DATANAME, COLNUMBER, DATAID, PROCESS_INSTRUCTION, DATATYPE, DATASIZE, DATASCALE ) values ( 'DC_E_AFG:((13)):DC_E_AFG_AGG_PROXY:3gpp32435', 'mediaCntReq_actual', 51, 'mediaCntReq.actual', 'PEG', 'numeric', 20, 0 );
insert into Dataitem ( DATAFORMATID, DATANAME, COLNUMBER, DATAID, PROCESS_INSTRUCTION, DATATYPE, DATASIZE, DATASCALE ) values ( 'DC_E_AFG:((13)):DC_E_AFG_AGG_PROXY:3gpp32435', 'mediaCntReq_delta', 52, 'mediaCntReq.delta', 'PEG', 'numeric', 20, 0 );
insert into Dataitem ( DATAFORMATID, DATANAME, COLNUMBER, DATAID, PROCESS_INSTRUCTION, DATATYPE, DATASIZE, DATASCALE ) values ( 'DC_E_AFG:((13)):DC_E_AFG_AGG_PROXY:3gpp32435', 'mediaCntUnsuccessfulReq_actual', 53, 'mediaCntUnsuccessfulReq.actual', 'PEG', 'numeric', 20, 0 );
insert into Dataitem ( DATAFORMATID, DATANAME, COLNUMBER, DATAID, PROCESS_INSTRUCTION, DATATYPE, DATASIZE, DATASCALE ) values ( 'DC_E_AFG:((13)):DC_E_AFG_AGG_PROXY:3gpp32435', 'mediaCntUnsuccessfulReq_delta', 54, 'mediaCntUnsuccessfulReq.delta', 'PEG', 'numeric', 20, 0 );
insert into Dataitem ( DATAFORMATID, DATANAME, COLNUMBER, DATAID, PROCESS_INSTRUCTION, DATATYPE, DATASIZE, DATASCALE ) values ( 'DC_E_AFG:((13)):DC_E_AFG_AGG_PROXY:3gpp32435', 'mediaCntZnReq_actual', 55, 'mediaCntZnReq.actual', 'PEG', 'numeric', 20, 0 );
insert into Dataitem ( DATAFORMATID, DATANAME, COLNUMBER, DATAID, PROCESS_INSTRUCTION, DATATYPE, DATASIZE, DATASCALE ) values ( 'DC_E_AFG:((13)):DC_E_AFG_AGG_PROXY:3gpp32435', 'mediaCntZnReq_delta', 56, 'mediaCntZnReq.delta', 'PEG', 'numeric', 20, 0 );
insert into Dataitem ( DATAFORMATID, DATANAME, COLNUMBER, DATAID, PROCESS_INSTRUCTION, DATATYPE, DATASIZE, DATASCALE ) values ( 'DC_E_AFG:((13)):DC_E_AFG_AGG_PROXY:3gpp32435', 'xRpCntAuthFailed403_actual', 59, 'xRpCntAuthFailed403.actual', 'PEG', 'numeric', 20, 0 );
insert into Dataitem ( DATAFORMATID, DATANAME, COLNUMBER, DATAID, PROCESS_INSTRUCTION, DATATYPE, DATASIZE, DATASCALE ) values ( 'DC_E_AFG:((13)):DC_E_AFG_AGG_PROXY:3gpp32435', 'xRpCntAuthFailed403_delta', 60, 'xRpCntAuthFailed403.delta', 'PEG', 'numeric', 20, 0 );
insert into Dataitem ( DATAFORMATID, DATANAME, COLNUMBER, DATAID, PROCESS_INSTRUCTION, DATATYPE, DATASIZE, DATASCALE ) values ( 'DC_E_AFG:((13)):DC_E_AFG_AGG_PROXY:3gpp32435', 'xRpCntAuthFailed_actual', 57, 'xRpCntAuthFailed.actual', 'PEG', 'numeric', 20, 0 );
insert into Dataitem ( DATAFORMATID, DATANAME, COLNUMBER, DATAID, PROCESS_INSTRUCTION, DATATYPE, DATASIZE, DATASCALE ) values ( 'DC_E_AFG:((13)):DC_E_AFG_AGG_PROXY:3gpp32435', 'xRpCntAuthFailed_delta', 58, 'xRpCntAuthFailed.delta', 'PEG', 'numeric', 20, 0 );
insert into Dataitem ( DATAFORMATID, DATANAME, COLNUMBER, DATAID, PROCESS_INSTRUCTION, DATATYPE, DATASIZE, DATASCALE ) values ( 'DC_E_AFG:((13)):DC_E_AFG_AGG_PROXY:3gpp32435', 'xRpCntAuthResp_actual', 61, 'xRpCntAuthResp.actual', 'PEG', 'numeric', 20, 0 );
insert into Dataitem ( DATAFORMATID, DATANAME, COLNUMBER, DATAID, PROCESS_INSTRUCTION, DATATYPE, DATASIZE, DATASCALE ) values ( 'DC_E_AFG:((13)):DC_E_AFG_AGG_PROXY:3gpp32435', 'xRpCntAuthResp_delta', 62, 'xRpCntAuthResp.delta', 'PEG', 'numeric', 20, 0 );
insert into Dataitem ( DATAFORMATID, DATANAME, COLNUMBER, DATAID, PROCESS_INSTRUCTION, DATATYPE, DATASIZE, DATASCALE ) values ( 'DC_E_AFG:((13)):DC_E_AFG_AGG_PROXY:3gpp32435', 'xRpCntTrustGwFailed_actual', 63, 'xRpCntTrustGwFailed.actual', 'PEG', 'numeric', 20, 0 );
insert into Dataitem ( DATAFORMATID, DATANAME, COLNUMBER, DATAID, PROCESS_INSTRUCTION, DATATYPE, DATASIZE, DATASCALE ) values ( 'DC_E_AFG:((13)):DC_E_AFG_AGG_PROXY:3gpp32435', 'xRpCntTrustGwFailed_delta', 64, 'xRpCntTrustGwFailed.delta', 'PEG', 'numeric', 20, 0 );
insert into Dataitem ( DATAFORMATID, DATANAME, COLNUMBER, DATAID, PROCESS_INSTRUCTION, DATATYPE, DATASIZE, DATASCALE ) values ( 'DC_E_AFG:((13)):DC_E_AFG_AGG_PROXY:3gpp32435', 'xRpCntTrustGwResp_actual', 65, 'xRpCntTrustGwResp.actual', 'PEG', 'numeric', 20, 0 );
insert into Dataitem ( DATAFORMATID, DATANAME, COLNUMBER, DATAID, PROCESS_INSTRUCTION, DATATYPE, DATASIZE, DATASCALE ) values ( 'DC_E_AFG:((13)):DC_E_AFG_AGG_PROXY:3gpp32435', 'xRpCntTrustGwResp_delta', 66, 'xRpCntTrustGwResp.delta', 'PEG', 'numeric', 20, 0 );
insert into Dataitem ( DATAFORMATID, DATANAME, COLNUMBER, DATAID, PROCESS_INSTRUCTION, DATATYPE, DATASIZE, DATASCALE ) values ( 'DC_E_AFG:((13)):DC_E_AFG_AGG_PROXY:3gpp32435', 'xRqCntAuthDigestReq_actual', 67, 'xRqCntAuthDigestReq.actual', 'PEG', 'numeric', 20, 0 );
insert into Dataitem ( DATAFORMATID, DATANAME, COLNUMBER, DATAID, PROCESS_INSTRUCTION, DATATYPE, DATASIZE, DATASCALE ) values ( 'DC_E_AFG:((13)):DC_E_AFG_AGG_PROXY:3gpp32435', 'xRqCntAuthDigestReq_delta', 68, 'xRqCntAuthDigestReq.delta', 'PEG', 'numeric', 20, 0 );
insert into Dataitem ( DATAFORMATID, DATANAME, COLNUMBER, DATAID, PROCESS_INSTRUCTION, DATATYPE, DATASIZE, DATASCALE ) values ( 'DC_E_AFG:((13)):DC_E_AFG_AGG_PROXY:3gpp32435', 'xRqCntAuthGbaDigestReq_actual', 69, 'xRqCntAuthGbaDigestReq.actual', 'PEG', 'numeric', 20, 0 );
insert into Dataitem ( DATAFORMATID, DATANAME, COLNUMBER, DATAID, PROCESS_INSTRUCTION, DATATYPE, DATASIZE, DATASCALE ) values ( 'DC_E_AFG:((13)):DC_E_AFG_AGG_PROXY:3gpp32435', 'xRqCntAuthGbaDigestReq_delta', 70, 'xRqCntAuthGbaDigestReq.delta', 'PEG', 'numeric', 20, 0 );
insert into Dataitem ( DATAFORMATID, DATANAME, COLNUMBER, DATAID, PROCESS_INSTRUCTION, DATATYPE, DATASIZE, DATASCALE ) values ( 'DC_E_AFG:((13)):DC_E_AFG_AGG_PROXY:3gpp32435', 'xRqCntAuthGbaMeReq_actual', 71, 'xRqCntAuthGbaMeReq.actual', 'PEG', 'numeric', 20, 0 );
insert into Dataitem ( DATAFORMATID, DATANAME, COLNUMBER, DATAID, PROCESS_INSTRUCTION, DATATYPE, DATASIZE, DATASCALE ) values ( 'DC_E_AFG:((13)):DC_E_AFG_AGG_PROXY:3gpp32435', 'xRqCntAuthGbaMeReq_delta', 72, 'xRqCntAuthGbaMeReq.delta', 'PEG', 'numeric', 20, 0 );
insert into Dataitem ( DATAFORMATID, DATANAME, COLNUMBER, DATAID, PROCESS_INSTRUCTION, DATATYPE, DATASIZE, DATASCALE ) values ( 'DC_E_AFG:((13)):DC_E_AFG_AGG_PROXY:3gpp32435', 'xRqCntAuthGbaReq_actual', 73, 'xRqCntAuthGbaReq.actual', 'PEG', 'numeric', 20, 0 );
insert into Dataitem ( DATAFORMATID, DATANAME, COLNUMBER, DATAID, PROCESS_INSTRUCTION, DATATYPE, DATASIZE, DATASCALE ) values ( 'DC_E_AFG:((13)):DC_E_AFG_AGG_PROXY:3gpp32435', 'xRqCntAuthGbaReq_delta', 74, 'xRqCntAuthGbaReq.delta', 'PEG', 'numeric', 20, 0 );
insert into Dataitem ( DATAFORMATID, DATANAME, COLNUMBER, DATAID, PROCESS_INSTRUCTION, DATATYPE, DATASIZE, DATASCALE ) values ( 'DC_E_AFG:((13)):DC_E_AFG_AGG_PROXY:3gpp32435', 'xRqCntAuthGibaReq_actual', 75, 'xRqCntAuthGibaReq.actual', 'PEG', 'numeric', 20, 0 );
insert into Dataitem ( DATAFORMATID, DATANAME, COLNUMBER, DATAID, PROCESS_INSTRUCTION, DATATYPE, DATASIZE, DATASCALE ) values ( 'DC_E_AFG:((13)):DC_E_AFG_AGG_PROXY:3gpp32435', 'xRqCntAuthGibaReq_delta', 76, 'xRqCntAuthGibaReq.delta', 'PEG', 'numeric', 20, 0 );
insert into Dataitem ( DATAFORMATID, DATANAME, COLNUMBER, DATAID, PROCESS_INSTRUCTION, DATATYPE, DATASIZE, DATASCALE ) values ( 'DC_E_AFG:((13)):DC_E_AFG_AGG_PROXY:3gpp32435', 'xRqCntAuthReq_actual', 77, 'xRqCntAuthReq.actual', 'PEG', 'numeric', 20, 0 );
insert into Dataitem ( DATAFORMATID, DATANAME, COLNUMBER, DATAID, PROCESS_INSTRUCTION, DATATYPE, DATASIZE, DATASCALE ) values ( 'DC_E_AFG:((13)):DC_E_AFG_AGG_PROXY:3gpp32435', 'xRqCntAuthReq_delta', 78, 'xRqCntAuthReq.delta', 'PEG', 'numeric', 20, 0 );
insert into Dataitem ( DATAFORMATID, DATANAME, COLNUMBER, DATAID, PROCESS_INSTRUCTION, DATATYPE, DATASIZE, DATASCALE ) values ( 'DC_E_AFG:((13)):DC_E_AFG_AGG_PROXY:3gpp32435', 'xRqCntAuthSsoReq_actual', 79, 'xRqCntAuthSsoReq.actual', 'PEG', 'numeric', 20, 0 );
insert into Dataitem ( DATAFORMATID, DATANAME, COLNUMBER, DATAID, PROCESS_INSTRUCTION, DATATYPE, DATASIZE, DATASCALE ) values ( 'DC_E_AFG:((13)):DC_E_AFG_AGG_PROXY:3gpp32435', 'xRqCntAuthSsoReq_delta', 80, 'xRqCntAuthSsoReq.delta', 'PEG', 'numeric', 20, 0 );
insert into Dataitem ( DATAFORMATID, DATANAME, COLNUMBER, DATAID, PROCESS_INSTRUCTION, DATATYPE, DATASIZE, DATASCALE ) values ( 'DC_E_AFG:((13)):DC_E_AFG_AGG_PROXY:3gpp32435', 'xRqCntTrustGwReq_actual', 81, 'xRqCntTrustGwReq.actual', 'PEG', 'numeric', 20, 0 );
insert into Dataitem ( DATAFORMATID, DATANAME, COLNUMBER, DATAID, PROCESS_INSTRUCTION, DATATYPE, DATASIZE, DATASCALE ) values ( 'DC_E_AFG:((13)):DC_E_AFG_AGG_PROXY:3gpp32435', 'xRqCntTrustGwReq_delta', 82, 'xRqCntTrustGwReq.delta', 'PEG', 'numeric', 20, 0 );
insert into Dataitem ( DATAFORMATID, DATANAME, COLNUMBER, DATAID, PROCESS_INSTRUCTION, DATATYPE, DATASIZE, DATASCALE ) values ( 'DC_E_AFG:((13)):DC_E_AFG_AGG_PROXY:3gpp32435', 'xRqCntXcapCapReq_actual', 83, 'xRqCntXcapCapReq.actual', 'PEG', 'numeric', 20, 0 );
insert into Dataitem ( DATAFORMATID, DATANAME, COLNUMBER, DATAID, PROCESS_INSTRUCTION, DATATYPE, DATASIZE, DATASCALE ) values ( 'DC_E_AFG:((13)):DC_E_AFG_AGG_PROXY:3gpp32435', 'xRqCntXcapCapReq_delta', 84, 'xRqCntXcapCapReq.delta', 'PEG', 'numeric', 20, 0 );
insert into Dataitem ( DATAFORMATID, DATANAME, COLNUMBER, DATAID, PROCESS_INSTRUCTION, DATATYPE, DATASIZE, DATASCALE ) values ( 'DC_E_AFG:((13)):DC_E_AFG_AGG_PROXY:3gpp32435', 'xRqCntXcapDelReq_actual', 85, 'xRqCntXcapDelReq.actual', 'PEG', 'numeric', 20, 0 );
insert into Dataitem ( DATAFORMATID, DATANAME, COLNUMBER, DATAID, PROCESS_INSTRUCTION, DATATYPE, DATASIZE, DATASCALE ) values ( 'DC_E_AFG:((13)):DC_E_AFG_AGG_PROXY:3gpp32435', 'xRqCntXcapDelReq_delta', 86, 'xRqCntXcapDelReq.delta', 'PEG', 'numeric', 20, 0 );
insert into Dataitem ( DATAFORMATID, DATANAME, COLNUMBER, DATAID, PROCESS_INSTRUCTION, DATATYPE, DATASIZE, DATASCALE ) values ( 'DC_E_AFG:((13)):DC_E_AFG_AGG_PROXY:3gpp32435', 'xRqCntXcapDirReq_actual', 87, 'xRqCntXcapDirReq.actual', 'PEG', 'numeric', 20, 0 );
insert into Dataitem ( DATAFORMATID, DATANAME, COLNUMBER, DATAID, PROCESS_INSTRUCTION, DATATYPE, DATASIZE, DATASCALE ) values ( 'DC_E_AFG:((13)):DC_E_AFG_AGG_PROXY:3gpp32435', 'xRqCntXcapDirReq_delta', 88, 'xRqCntXcapDirReq.delta', 'PEG', 'numeric', 20, 0 );
insert into Dataitem ( DATAFORMATID, DATANAME, COLNUMBER, DATAID, PROCESS_INSTRUCTION, DATATYPE, DATASIZE, DATASCALE ) values ( 'DC_E_AFG:((13)):DC_E_AFG_AGG_PROXY:3gpp32435', 'xRqCntXcapGetReq_actual', 89, 'xRqCntXcapGetReq.actual', 'PEG', 'numeric', 20, 0 );
insert into Dataitem ( DATAFORMATID, DATANAME, COLNUMBER, DATAID, PROCESS_INSTRUCTION, DATATYPE, DATASIZE, DATASCALE ) values ( 'DC_E_AFG:((13)):DC_E_AFG_AGG_PROXY:3gpp32435', 'xRqCntXcapGetReq_delta', 90, 'xRqCntXcapGetReq.delta', 'PEG', 'numeric', 20, 0 );
insert into Dataitem ( DATAFORMATID, DATANAME, COLNUMBER, DATAID, PROCESS_INSTRUCTION, DATATYPE, DATASIZE, DATASCALE ) values ( 'DC_E_AFG:((13)):DC_E_AFG_AGG_PROXY:3gpp32435', 'xRqCntXcapPutReq_actual', 91, 'xRqCntXcapPutReq.actual', 'PEG', 'numeric', 20, 0 );
insert into Dataitem ( DATAFORMATID, DATANAME, COLNUMBER, DATAID, PROCESS_INSTRUCTION, DATATYPE, DATASIZE, DATASCALE ) values ( 'DC_E_AFG:((13)):DC_E_AFG_AGG_PROXY:3gpp32435', 'xRqCntXcapPutReq_delta', 92, 'xRqCntXcapPutReq.delta', 'PEG', 'numeric', 20, 0 );
insert into Dataitem ( DATAFORMATID, DATANAME, COLNUMBER, DATAID, PROCESS_INSTRUCTION, DATATYPE, DATASIZE, DATASCALE ) values ( 'DC_E_AFG:((13)):DC_E_AFG_AGG_PROXY:3gpp32435', 'xRqCntXcapReqUnsuccessful_actual', 93, 'xRqCntXcapReqUnsuccessful.actual', 'PEG', 'numeric', 20, 0 );
insert into Dataitem ( DATAFORMATID, DATANAME, COLNUMBER, DATAID, PROCESS_INSTRUCTION, DATATYPE, DATASIZE, DATASCALE ) values ( 'DC_E_AFG:((13)):DC_E_AFG_AGG_PROXY:3gpp32435', 'xRqCntXcapReqUnsuccessful_delta', 94, 'xRqCntXcapReqUnsuccessful.delta', 'PEG', 'numeric', 20, 0 );
insert into Dataitem ( DATAFORMATID, DATANAME, COLNUMBER, DATAID, PROCESS_INSTRUCTION, DATATYPE, DATASIZE, DATASCALE ) values ( 'DC_E_AFG:((13)):DC_E_AFG_AGG_PROXY:3gpp32435', 'xRqCntZnReq_actual', 95, 'xRqCntZnReq.actual', 'PEG', 'numeric', 20, 0 );
insert into Dataitem ( DATAFORMATID, DATANAME, COLNUMBER, DATAID, PROCESS_INSTRUCTION, DATATYPE, DATASIZE, DATASCALE ) values ( 'DC_E_AFG:((13)):DC_E_AFG_AGG_PROXY:3gpp32435', 'xRqCntZnReq_delta', 96, 'xRqCntZnReq.delta', 'PEG', 'numeric', 20, 0 );
insert into Dataitem ( DATAFORMATID, DATANAME, COLNUMBER, DATAID, PROCESS_INSTRUCTION, DATATYPE, DATASIZE, DATASCALE ) values ( 'DC_E_AFG:((13)):DC_E_AFG_BOOTSTRAP_FUNC:3gpp32435', 'BATCH_ID', 12, 'BATCH_ID', '', 'smallint', 0, 0 );
insert into Dataitem ( DATAFORMATID, DATANAME, COLNUMBER, DATAID, PROCESS_INSTRUCTION, DATATYPE, DATASIZE, DATASCALE ) values ( 'DC_E_AFG:((13)):DC_E_AFG_BOOTSTRAP_FUNC:3gpp32435', 'DATETIME_ID', 8, 'DATETIME_ID', '', 'datetime', 0, 0 );
insert into Dataitem ( DATAFORMATID, DATANAME, COLNUMBER, DATAID, PROCESS_INSTRUCTION, DATATYPE, DATASIZE, DATASCALE ) values ( 'DC_E_AFG:((13)):DC_E_AFG_BOOTSTRAP_FUNC:3gpp32435', 'DATE_ID', 3, 'DATE_ID', '', 'date', 0, 0 );
insert into Dataitem ( DATAFORMATID, DATANAME, COLNUMBER, DATAID, PROCESS_INSTRUCTION, DATATYPE, DATASIZE, DATASCALE ) values ( 'DC_E_AFG:((13)):DC_E_AFG_BOOTSTRAP_FUNC:3gpp32435', 'DAY_ID', 6, 'DAY_ID', '', 'tinyint', 0, 0 );
insert into Dataitem ( DATAFORMATID, DATANAME, COLNUMBER, DATAID, PROCESS_INSTRUCTION, DATATYPE, DATASIZE, DATASCALE ) values ( 'DC_E_AFG:((13)):DC_E_AFG_BOOTSTRAP_FUNC:3gpp32435', 'DC_RELEASE', 15, 'DC_RELEASE', '', 'varchar', 16, 0 );
insert into Dataitem ( DATAFORMATID, DATANAME, COLNUMBER, DATAID, PROCESS_INSTRUCTION, DATATYPE, DATASIZE, DATASCALE ) values ( 'DC_E_AFG:((13)):DC_E_AFG_BOOTSTRAP_FUNC:3gpp32435', 'DC_SOURCE', 16, 'DC_SOURCE', '', 'varchar', 16, 0 );
insert into Dataitem ( DATAFORMATID, DATANAME, COLNUMBER, DATAID, PROCESS_INSTRUCTION, DATATYPE, DATASIZE, DATASCALE ) values ( 'DC_E_AFG:((13)):DC_E_AFG_BOOTSTRAP_FUNC:3gpp32435', 'DC_SUSPECTFLAG', 18, 'DC_SUSPECTFLAG', '', 'int', 0, 0 );
insert into Dataitem ( DATAFORMATID, DATANAME, COLNUMBER, DATAID, PROCESS_INSTRUCTION, DATATYPE, DATASIZE, DATASCALE ) values ( 'DC_E_AFG:((13)):DC_E_AFG_BOOTSTRAP_FUNC:3gpp32435', 'DC_TIMEZONE', 17, 'DC_TIMEZONE', '', 'varchar', 16, 0 );
insert into Dataitem ( DATAFORMATID, DATANAME, COLNUMBER, DATAID, PROCESS_INSTRUCTION, DATATYPE, DATASIZE, DATASCALE ) values ( 'DC_E_AFG:((13)):DC_E_AFG_BOOTSTRAP_FUNC:3gpp32435', 'HOUR_ID', 7, 'HOUR_ID', '', 'tinyint', 0, 0 );
insert into Dataitem ( DATAFORMATID, DATANAME, COLNUMBER, DATAID, PROCESS_INSTRUCTION, DATATYPE, DATASIZE, DATASCALE ) values ( 'DC_E_AFG:((13)):DC_E_AFG_BOOTSTRAP_FUNC:3gpp32435', 'MIN_ID', 9, 'MIN_ID', '', 'tinyint', 0, 0 );
insert into Dataitem ( DATAFORMATID, DATANAME, COLNUMBER, DATAID, PROCESS_INSTRUCTION, DATATYPE, DATASIZE, DATASCALE ) values ( 'DC_E_AFG:((13)):DC_E_AFG_BOOTSTRAP_FUNC:3gpp32435', 'MONTH_ID', 5, 'MONTH_ID', '', 'tinyint', 0, 0 );
insert into Dataitem ( DATAFORMATID, DATANAME, COLNUMBER, DATAID, PROCESS_INSTRUCTION, DATATYPE, DATASIZE, DATASCALE ) values ( 'DC_E_AFG:((13)):DC_E_AFG_BOOTSTRAP_FUNC:3gpp32435', 'NODE_NAME', 2, 'NODE_NAME', 'key', 'varchar', 50, 0 );
insert into Dataitem ( DATAFORMATID, DATANAME, COLNUMBER, DATAID, PROCESS_INSTRUCTION, DATATYPE, DATASIZE, DATASCALE ) values ( 'DC_E_AFG:((13)):DC_E_AFG_BOOTSTRAP_FUNC:3gpp32435', 'OSS_ID', 1, 'OSS_ID', 'key', 'varchar', 50, 0 );
insert into Dataitem ( DATAFORMATID, DATANAME, COLNUMBER, DATAID, PROCESS_INSTRUCTION, DATATYPE, DATASIZE, DATASCALE ) values ( 'DC_E_AFG:((13)):DC_E_AFG_BOOTSTRAP_FUNC:3gpp32435', 'PERIOD_DURATION', 13, 'PERIOD_DURATION', '', 'unsigned int', 0, 0 );
insert into Dataitem ( DATAFORMATID, DATANAME, COLNUMBER, DATAID, PROCESS_INSTRUCTION, DATATYPE, DATASIZE, DATASCALE ) values ( 'DC_E_AFG:((13)):DC_E_AFG_BOOTSTRAP_FUNC:3gpp32435', 'ROWSTATUS', 14, 'ROWSTATUS', '', 'varchar', 16, 0 );
insert into Dataitem ( DATAFORMATID, DATANAME, COLNUMBER, DATAID, PROCESS_INSTRUCTION, DATATYPE, DATASIZE, DATASCALE ) values ( 'DC_E_AFG:((13)):DC_E_AFG_BOOTSTRAP_FUNC:3gpp32435', 'SESSION_ID', 11, 'SESSION_ID', '', 'unsigned int', 0, 0 );
insert into Dataitem ( DATAFORMATID, DATANAME, COLNUMBER, DATAID, PROCESS_INSTRUCTION, DATATYPE, DATASIZE, DATASCALE ) values ( 'DC_E_AFG:((13)):DC_E_AFG_BOOTSTRAP_FUNC:3gpp32435', 'TIMELEVEL', 10, 'TIMELEVEL', '', 'varchar', 10, 0 );
insert into Dataitem ( DATAFORMATID, DATANAME, COLNUMBER, DATAID, PROCESS_INSTRUCTION, DATATYPE, DATASIZE, DATASCALE ) values ( 'DC_E_AFG:((13)):DC_E_AFG_BOOTSTRAP_FUNC:3gpp32435', 'UTC_DATETIME_ID', 19, 'UTC_DATETIME_ID', '', 'datetime', 0, 0 );
insert into Dataitem ( DATAFORMATID, DATANAME, COLNUMBER, DATAID, PROCESS_INSTRUCTION, DATATYPE, DATASIZE, DATASCALE ) values ( 'DC_E_AFG:((13)):DC_E_AFG_BOOTSTRAP_FUNC:3gpp32435', 'YEAR_ID', 4, 'YEAR_ID', '', 'smallint', 0, 0 );
insert into Dataitem ( DATAFORMATID, DATANAME, COLNUMBER, DATAID, PROCESS_INSTRUCTION, DATATYPE, DATASIZE, DATASCALE ) values ( 'DC_E_AFG:((13)):DC_E_AFG_BOOTSTRAP_FUNC:3gpp32435', 'bootAuthFail_actual', 20, 'bootAuthFail.actual', 'PEG', 'numeric', 20, 0 );
insert into Dataitem ( DATAFORMATID, DATANAME, COLNUMBER, DATAID, PROCESS_INSTRUCTION, DATATYPE, DATASIZE, DATASCALE ) values ( 'DC_E_AFG:((13)):DC_E_AFG_BOOTSTRAP_FUNC:3gpp32435', 'bootAuthFail_delta', 21, 'bootAuthFail.delta', 'PEG', 'numeric', 20, 0 );
insert into Dataitem ( DATAFORMATID, DATANAME, COLNUMBER, DATAID, PROCESS_INSTRUCTION, DATATYPE, DATASIZE, DATASCALE ) values ( 'DC_E_AFG:((13)):DC_E_AFG_BOOTSTRAP_FUNC:3gpp32435', 'bootAuthGBADIGESTFail_actual', 22, 'bootAuthGBADIGESTFail.actual', 'PEG', 'numeric', 20, 0 );
insert into Dataitem ( DATAFORMATID, DATANAME, COLNUMBER, DATAID, PROCESS_INSTRUCTION, DATATYPE, DATASIZE, DATASCALE ) values ( 'DC_E_AFG:((13)):DC_E_AFG_BOOTSTRAP_FUNC:3gpp32435', 'bootAuthGBADIGESTFail_delta', 23, 'bootAuthGBADIGESTFail.delta', 'PEG', 'numeric', 20, 0 );
insert into Dataitem ( DATAFORMATID, DATANAME, COLNUMBER, DATAID, PROCESS_INSTRUCTION, DATATYPE, DATASIZE, DATASCALE ) values ( 'DC_E_AFG:((13)):DC_E_AFG_BOOTSTRAP_FUNC:3gpp32435', 'bootAuthGBADIGESTSucc_actual', 24, 'bootAuthGBADIGESTSucc.actual', 'PEG', 'numeric', 20, 0 );
insert into Dataitem ( DATAFORMATID, DATANAME, COLNUMBER, DATAID, PROCESS_INSTRUCTION, DATATYPE, DATASIZE, DATASCALE ) values ( 'DC_E_AFG:((13)):DC_E_AFG_BOOTSTRAP_FUNC:3gpp32435', 'bootAuthGBADIGESTSucc_delta', 25, 'bootAuthGBADIGESTSucc.delta', 'PEG', 'numeric', 20, 0 );
insert into Dataitem ( DATAFORMATID, DATANAME, COLNUMBER, DATAID, PROCESS_INSTRUCTION, DATATYPE, DATASIZE, DATASCALE ) values ( 'DC_E_AFG:((13)):DC_E_AFG_BOOTSTRAP_FUNC:3gpp32435', 'bootAuthGBAMEFail_actual', 26, 'bootAuthGBAMEFail.actual', 'PEG', 'numeric', 20, 0 );
insert into Dataitem ( DATAFORMATID, DATANAME, COLNUMBER, DATAID, PROCESS_INSTRUCTION, DATATYPE, DATASIZE, DATASCALE ) values ( 'DC_E_AFG:((13)):DC_E_AFG_BOOTSTRAP_FUNC:3gpp32435', 'bootAuthGBAMEFail_delta', 27, 'bootAuthGBAMEFail.delta', 'PEG', 'numeric', 20, 0 );
insert into Dataitem ( DATAFORMATID, DATANAME, COLNUMBER, DATAID, PROCESS_INSTRUCTION, DATATYPE, DATASIZE, DATASCALE ) values ( 'DC_E_AFG:((13)):DC_E_AFG_BOOTSTRAP_FUNC:3gpp32435', 'bootAuthGBAMESucc_actual', 28, 'bootAuthGBAMESucc.actual', 'PEG', 'numeric', 20, 0 );
insert into Dataitem ( DATAFORMATID, DATANAME, COLNUMBER, DATAID, PROCESS_INSTRUCTION, DATATYPE, DATASIZE, DATASCALE ) values ( 'DC_E_AFG:((13)):DC_E_AFG_BOOTSTRAP_FUNC:3gpp32435', 'bootAuthGBAMESucc_delta', 29, 'bootAuthGBAMESucc.delta', 'PEG', 'numeric', 20, 0 );
insert into Dataitem ( DATAFORMATID, DATANAME, COLNUMBER, DATAID, PROCESS_INSTRUCTION, DATATYPE, DATASIZE, DATASCALE ) values ( 'DC_E_AFG:((13)):DC_E_AFG_BOOTSTRAP_FUNC:3gpp32435', 'bootAuthGBAUFail_actual', 30, 'bootAuthGBAUFail.actual', 'PEG', 'numeric', 20, 0 );
insert into Dataitem ( DATAFORMATID, DATANAME, COLNUMBER, DATAID, PROCESS_INSTRUCTION, DATATYPE, DATASIZE, DATASCALE ) values ( 'DC_E_AFG:((13)):DC_E_AFG_BOOTSTRAP_FUNC:3gpp32435', 'bootAuthGBAUFail_delta', 31, 'bootAuthGBAUFail.delta', 'PEG', 'numeric', 20, 0 );
insert into Dataitem ( DATAFORMATID, DATANAME, COLNUMBER, DATAID, PROCESS_INSTRUCTION, DATATYPE, DATASIZE, DATASCALE ) values ( 'DC_E_AFG:((13)):DC_E_AFG_BOOTSTRAP_FUNC:3gpp32435', 'bootAuthGBAUSucc_actual', 32, 'bootAuthGBAUSucc.actual', 'PEG', 'numeric', 20, 0 );
insert into Dataitem ( DATAFORMATID, DATANAME, COLNUMBER, DATAID, PROCESS_INSTRUCTION, DATATYPE, DATASIZE, DATASCALE ) values ( 'DC_E_AFG:((13)):DC_E_AFG_BOOTSTRAP_FUNC:3gpp32435', 'bootAuthGBAUSucc_delta', 33, 'bootAuthGBAUSucc.delta', 'PEG', 'numeric', 20, 0 );
insert into Dataitem ( DATAFORMATID, DATANAME, COLNUMBER, DATAID, PROCESS_INSTRUCTION, DATATYPE, DATASIZE, DATASCALE ) values ( 'DC_E_AFG:((13)):DC_E_AFG_BOOTSTRAP_FUNC:3gpp32435', 'bootAuthReqTot_actual', 34, 'bootAuthReqTot.actual', 'PEG', 'numeric', 20, 0 );
insert into Dataitem ( DATAFORMATID, DATANAME, COLNUMBER, DATAID, PROCESS_INSTRUCTION, DATATYPE, DATASIZE, DATASCALE ) values ( 'DC_E_AFG:((13)):DC_E_AFG_BOOTSTRAP_FUNC:3gpp32435', 'bootAuthReqTot_delta', 35, 'bootAuthReqTot.delta', 'PEG', 'numeric', 20, 0 );
insert into Dataitem ( DATAFORMATID, DATANAME, COLNUMBER, DATAID, PROCESS_INSTRUCTION, DATATYPE, DATASIZE, DATASCALE ) values ( 'DC_E_AFG:((13)):DC_E_AFG_BOOTSTRAP_FUNC:3gpp32435', 'bootAuthSucc_actual', 36, 'bootAuthSucc.actual', 'PEG', 'numeric', 20, 0 );
insert into Dataitem ( DATAFORMATID, DATANAME, COLNUMBER, DATAID, PROCESS_INSTRUCTION, DATATYPE, DATASIZE, DATASCALE ) values ( 'DC_E_AFG:((13)):DC_E_AFG_BOOTSTRAP_FUNC:3gpp32435', 'bootAuthSucc_delta', 37, 'bootAuthSucc.delta', 'PEG', 'numeric', 20, 0 );
insert into Dataitem ( DATAFORMATID, DATANAME, COLNUMBER, DATAID, PROCESS_INSTRUCTION, DATATYPE, DATASIZE, DATASCALE ) values ( 'DC_E_AFG:((13)):DC_E_AFG_BOOTSTRAP_FUNC:3gpp32435', 'bootUseFailReq_actual', 38, 'bootUseFailReq.actual', 'PEG', 'numeric', 20, 0 );
insert into Dataitem ( DATAFORMATID, DATANAME, COLNUMBER, DATAID, PROCESS_INSTRUCTION, DATATYPE, DATASIZE, DATASCALE ) values ( 'DC_E_AFG:((13)):DC_E_AFG_BOOTSTRAP_FUNC:3gpp32435', 'bootUseFailReq_delta', 39, 'bootUseFailReq.delta', 'PEG', 'numeric', 20, 0 );
insert into Dataitem ( DATAFORMATID, DATANAME, COLNUMBER, DATAID, PROCESS_INSTRUCTION, DATATYPE, DATASIZE, DATASCALE ) values ( 'DC_E_AFG:((13)):DC_E_AFG_BOOTSTRAP_FUNC:3gpp32435', 'bootUseSucReq_actual', 40, 'bootUseSucReq.actual', 'PEG', 'numeric', 20, 0 );
insert into Dataitem ( DATAFORMATID, DATANAME, COLNUMBER, DATAID, PROCESS_INSTRUCTION, DATATYPE, DATASIZE, DATASCALE ) values ( 'DC_E_AFG:((13)):DC_E_AFG_BOOTSTRAP_FUNC:3gpp32435', 'bootUseSucReq_delta', 41, 'bootUseSucReq.delta', 'PEG', 'numeric', 20, 0 );
insert into Dataitem ( DATAFORMATID, DATANAME, COLNUMBER, DATAID, PROCESS_INSTRUCTION, DATATYPE, DATASIZE, DATASCALE ) values ( 'DC_E_AFG:((13)):DC_E_AFG_BOOTSTRAP_FUNC:3gpp32435', 'bootUseTotReq_actual', 42, 'bootUseTotReq.actual', 'PEG', 'numeric', 20, 0 );
insert into Dataitem ( DATAFORMATID, DATANAME, COLNUMBER, DATAID, PROCESS_INSTRUCTION, DATATYPE, DATASIZE, DATASCALE ) values ( 'DC_E_AFG:((13)):DC_E_AFG_BOOTSTRAP_FUNC:3gpp32435', 'bootUseTotReq_delta', 43, 'bootUseTotReq.delta', 'PEG', 'numeric', 20, 0 );
insert into Dataitem ( DATAFORMATID, DATANAME, COLNUMBER, DATAID, PROCESS_INSTRUCTION, DATATYPE, DATASIZE, DATASCALE ) values ( 'DC_E_AFG:((13)):DC_E_AFG_BOOTSTRAP_FUNC:3gpp32435', 'bsfGbaAkaSubCntActSubCount_actual', 44, 'bsfGbaAkaSubCntActSubCount.actual', 'GAUGE', 'numeric', 24, 4 );
insert into Dataitem ( DATAFORMATID, DATANAME, COLNUMBER, DATAID, PROCESS_INSTRUCTION, DATATYPE, DATASIZE, DATASCALE ) values ( 'DC_E_AFG:((13)):DC_E_AFG_BOOTSTRAP_FUNC:3gpp32435', 'bsfGbaAkaSubCntActSubCount_max', 46, 'bsfGbaAkaSubCntActSubCount.max', 'GAUGE', 'numeric', 24, 4 );
insert into Dataitem ( DATAFORMATID, DATANAME, COLNUMBER, DATAID, PROCESS_INSTRUCTION, DATATYPE, DATASIZE, DATASCALE ) values ( 'DC_E_AFG:((13)):DC_E_AFG_BOOTSTRAP_FUNC:3gpp32435', 'bsfGbaAkaSubCntActSubCount_min', 45, 'bsfGbaAkaSubCntActSubCount.min', 'GAUGE', 'numeric', 24, 4 );
insert into Dataitem ( DATAFORMATID, DATANAME, COLNUMBER, DATAID, PROCESS_INSTRUCTION, DATATYPE, DATASIZE, DATASCALE ) values ( 'DC_E_AFG:((13)):DC_E_AFG_BOOTSTRAP_FUNC:3gpp32435', 'bsfGbaAkaSubCntMaxNafCount_actual', 47, 'bsfGbaAkaSubCntMaxNafCount.actual', 'PEG', 'numeric', 20, 0 );
insert into Dataitem ( DATAFORMATID, DATANAME, COLNUMBER, DATAID, PROCESS_INSTRUCTION, DATATYPE, DATASIZE, DATASCALE ) values ( 'DC_E_AFG:((13)):DC_E_AFG_BOOTSTRAP_FUNC:3gpp32435', 'bsfGbaAkaSubCntMaxNafCount_delta', 48, 'bsfGbaAkaSubCntMaxNafCount.delta', 'PEG', 'numeric', 20, 0 );
insert into Dataitem ( DATAFORMATID, DATANAME, COLNUMBER, DATAID, PROCESS_INSTRUCTION, DATATYPE, DATASIZE, DATASCALE ) values ( 'DC_E_AFG:((13)):DC_E_AFG_BOOTSTRAP_FUNC:3gpp32435', 'bsfGbaAkaSubCntMaxSubCount_actual', 49, 'bsfGbaAkaSubCntMaxSubCount.actual', 'PEG', 'numeric', 20, 0 );
insert into Dataitem ( DATAFORMATID, DATANAME, COLNUMBER, DATAID, PROCESS_INSTRUCTION, DATATYPE, DATASIZE, DATASCALE ) values ( 'DC_E_AFG:((13)):DC_E_AFG_BOOTSTRAP_FUNC:3gpp32435', 'bsfGbaAkaSubCntMaxSubCount_delta', 50, 'bsfGbaAkaSubCntMaxSubCount.delta', 'PEG', 'numeric', 20, 0 );
insert into Dataitem ( DATAFORMATID, DATANAME, COLNUMBER, DATAID, PROCESS_INSTRUCTION, DATATYPE, DATASIZE, DATASCALE ) values ( 'DC_E_AFG:((13)):DC_E_AFG_DIAMETER:3gpp32435', 'BATCH_ID', 12, 'BATCH_ID', '', 'smallint', 0, 0 );
insert into Dataitem ( DATAFORMATID, DATANAME, COLNUMBER, DATAID, PROCESS_INSTRUCTION, DATATYPE, DATASIZE, DATASCALE ) values ( 'DC_E_AFG:((13)):DC_E_AFG_DIAMETER:3gpp32435', 'DATETIME_ID', 8, 'DATETIME_ID', '', 'datetime', 0, 0 );
insert into Dataitem ( DATAFORMATID, DATANAME, COLNUMBER, DATAID, PROCESS_INSTRUCTION, DATATYPE, DATASIZE, DATASCALE ) values ( 'DC_E_AFG:((13)):DC_E_AFG_DIAMETER:3gpp32435', 'DATE_ID', 3, 'DATE_ID', '', 'date', 0, 0 );
insert into Dataitem ( DATAFORMATID, DATANAME, COLNUMBER, DATAID, PROCESS_INSTRUCTION, DATATYPE, DATASIZE, DATASCALE ) values ( 'DC_E_AFG:((13)):DC_E_AFG_DIAMETER:3gpp32435', 'DAY_ID', 6, 'DAY_ID', '', 'tinyint', 0, 0 );
insert into Dataitem ( DATAFORMATID, DATANAME, COLNUMBER, DATAID, PROCESS_INSTRUCTION, DATATYPE, DATASIZE, DATASCALE ) values ( 'DC_E_AFG:((13)):DC_E_AFG_DIAMETER:3gpp32435', 'DC_RELEASE', 15, 'DC_RELEASE', '', 'varchar', 16, 0 );
insert into Dataitem ( DATAFORMATID, DATANAME, COLNUMBER, DATAID, PROCESS_INSTRUCTION, DATATYPE, DATASIZE, DATASCALE ) values ( 'DC_E_AFG:((13)):DC_E_AFG_DIAMETER:3gpp32435', 'DC_SOURCE', 16, 'DC_SOURCE', '', 'varchar', 16, 0 );
insert into Dataitem ( DATAFORMATID, DATANAME, COLNUMBER, DATAID, PROCESS_INSTRUCTION, DATATYPE, DATASIZE, DATASCALE ) values ( 'DC_E_AFG:((13)):DC_E_AFG_DIAMETER:3gpp32435', 'DC_SUSPECTFLAG', 18, 'DC_SUSPECTFLAG', '', 'int', 0, 0 );
insert into Dataitem ( DATAFORMATID, DATANAME, COLNUMBER, DATAID, PROCESS_INSTRUCTION, DATATYPE, DATASIZE, DATASCALE ) values ( 'DC_E_AFG:((13)):DC_E_AFG_DIAMETER:3gpp32435', 'DC_TIMEZONE', 17, 'DC_TIMEZONE', '', 'varchar', 16, 0 );
insert into Dataitem ( DATAFORMATID, DATANAME, COLNUMBER, DATAID, PROCESS_INSTRUCTION, DATATYPE, DATASIZE, DATASCALE ) values ( 'DC_E_AFG:((13)):DC_E_AFG_DIAMETER:3gpp32435', 'HOUR_ID', 7, 'HOUR_ID', '', 'tinyint', 0, 0 );
insert into Dataitem ( DATAFORMATID, DATANAME, COLNUMBER, DATAID, PROCESS_INSTRUCTION, DATATYPE, DATASIZE, DATASCALE ) values ( 'DC_E_AFG:((13)):DC_E_AFG_DIAMETER:3gpp32435', 'MIN_ID', 9, 'MIN_ID', '', 'tinyint', 0, 0 );
insert into Dataitem ( DATAFORMATID, DATANAME, COLNUMBER, DATAID, PROCESS_INSTRUCTION, DATATYPE, DATASIZE, DATASCALE ) values ( 'DC_E_AFG:((13)):DC_E_AFG_DIAMETER:3gpp32435', 'MONTH_ID', 5, 'MONTH_ID', '', 'tinyint', 0, 0 );
insert into Dataitem ( DATAFORMATID, DATANAME, COLNUMBER, DATAID, PROCESS_INSTRUCTION, DATATYPE, DATASIZE, DATASCALE ) values ( 'DC_E_AFG:((13)):DC_E_AFG_DIAMETER:3gpp32435', 'NODE_NAME', 2, 'NODE_NAME', 'key', 'varchar', 50, 0 );
insert into Dataitem ( DATAFORMATID, DATANAME, COLNUMBER, DATAID, PROCESS_INSTRUCTION, DATATYPE, DATASIZE, DATASCALE ) values ( 'DC_E_AFG:((13)):DC_E_AFG_DIAMETER:3gpp32435', 'OSS_ID', 1, 'OSS_ID', 'key', 'varchar', 50, 0 );
insert into Dataitem ( DATAFORMATID, DATANAME, COLNUMBER, DATAID, PROCESS_INSTRUCTION, DATATYPE, DATASIZE, DATASCALE ) values ( 'DC_E_AFG:((13)):DC_E_AFG_DIAMETER:3gpp32435', 'PERIOD_DURATION', 13, 'PERIOD_DURATION', '', 'unsigned int', 0, 0 );
insert into Dataitem ( DATAFORMATID, DATANAME, COLNUMBER, DATAID, PROCESS_INSTRUCTION, DATATYPE, DATASIZE, DATASCALE ) values ( 'DC_E_AFG:((13)):DC_E_AFG_DIAMETER:3gpp32435', 'ROWSTATUS', 14, 'ROWSTATUS', '', 'varchar', 16, 0 );
insert into Dataitem ( DATAFORMATID, DATANAME, COLNUMBER, DATAID, PROCESS_INSTRUCTION, DATATYPE, DATASIZE, DATASCALE ) values ( 'DC_E_AFG:((13)):DC_E_AFG_DIAMETER:3gpp32435', 'SESSION_ID', 11, 'SESSION_ID', '', 'unsigned int', 0, 0 );
insert into Dataitem ( DATAFORMATID, DATANAME, COLNUMBER, DATAID, PROCESS_INSTRUCTION, DATATYPE, DATASIZE, DATASCALE ) values ( 'DC_E_AFG:((13)):DC_E_AFG_DIAMETER:3gpp32435', 'TIMELEVEL', 10, 'TIMELEVEL', '', 'varchar', 10, 0 );
insert into Dataitem ( DATAFORMATID, DATANAME, COLNUMBER, DATAID, PROCESS_INSTRUCTION, DATATYPE, DATASIZE, DATASCALE ) values ( 'DC_E_AFG:((13)):DC_E_AFG_DIAMETER:3gpp32435', 'UTC_DATETIME_ID', 19, 'UTC_DATETIME_ID', '', 'datetime', 0, 0 );
insert into Dataitem ( DATAFORMATID, DATANAME, COLNUMBER, DATAID, PROCESS_INSTRUCTION, DATATYPE, DATASIZE, DATASCALE ) values ( 'DC_E_AFG:((13)):DC_E_AFG_DIAMETER:3gpp32435', 'YEAR_ID', 4, 'YEAR_ID', '', 'smallint', 0, 0 );
insert into Dataitem ( DATAFORMATID, DATANAME, COLNUMBER, DATAID, PROCESS_INSTRUCTION, DATATYPE, DATASIZE, DATASCALE ) values ( 'DC_E_AFG:((13)):DC_E_AFG_DIAMETER:3gpp32435', 'dZhCntAuthAvgTime_actual', 20, 'dZhCntAuthAvgTime.actual', 'GAUGE', 'numeric', 24, 4 );
insert into Dataitem ( DATAFORMATID, DATANAME, COLNUMBER, DATAID, PROCESS_INSTRUCTION, DATATYPE, DATASIZE, DATASCALE ) values ( 'DC_E_AFG:((13)):DC_E_AFG_DIAMETER:3gpp32435', 'dZhCntAuthAvgTime_max', 22, 'dZhCntAuthAvgTime.max', 'GAUGE', 'numeric', 24, 4 );
insert into Dataitem ( DATAFORMATID, DATANAME, COLNUMBER, DATAID, PROCESS_INSTRUCTION, DATATYPE, DATASIZE, DATASCALE ) values ( 'DC_E_AFG:((13)):DC_E_AFG_DIAMETER:3gpp32435', 'dZhCntAuthAvgTime_min', 21, 'dZhCntAuthAvgTime.min', 'GAUGE', 'numeric', 24, 4 );
insert into Dataitem ( DATAFORMATID, DATANAME, COLNUMBER, DATAID, PROCESS_INSTRUCTION, DATATYPE, DATASIZE, DATASCALE ) values ( 'DC_E_AFG:((13)):DC_E_AFG_DIAMETER:3gpp32435', 'dZhCntAuthFailed_actual', 23, 'dZhCntAuthFailed.actual', 'PEG', 'numeric', 20, 0 );
insert into Dataitem ( DATAFORMATID, DATANAME, COLNUMBER, DATAID, PROCESS_INSTRUCTION, DATATYPE, DATASIZE, DATASCALE ) values ( 'DC_E_AFG:((13)):DC_E_AFG_DIAMETER:3gpp32435', 'dZhCntAuthFailed_delta', 24, 'dZhCntAuthFailed.delta', 'PEG', 'numeric', 20, 0 );
insert into Dataitem ( DATAFORMATID, DATANAME, COLNUMBER, DATAID, PROCESS_INSTRUCTION, DATATYPE, DATASIZE, DATASCALE ) values ( 'DC_E_AFG:((13)):DC_E_AFG_DIAMETER:3gpp32435', 'dZhCntAuthMaxTime_actual', 25, 'dZhCntAuthMaxTime.actual', 'GAUGE', 'numeric', 24, 4 );
insert into Dataitem ( DATAFORMATID, DATANAME, COLNUMBER, DATAID, PROCESS_INSTRUCTION, DATATYPE, DATASIZE, DATASCALE ) values ( 'DC_E_AFG:((13)):DC_E_AFG_DIAMETER:3gpp32435', 'dZhCntAuthMaxTime_max', 27, 'dZhCntAuthMaxTime.max', 'GAUGE', 'numeric', 24, 4 );
insert into Dataitem ( DATAFORMATID, DATANAME, COLNUMBER, DATAID, PROCESS_INSTRUCTION, DATATYPE, DATASIZE, DATASCALE ) values ( 'DC_E_AFG:((13)):DC_E_AFG_DIAMETER:3gpp32435', 'dZhCntAuthMaxTime_min', 26, 'dZhCntAuthMaxTime.min', 'GAUGE', 'numeric', 24, 4 );
insert into Dataitem ( DATAFORMATID, DATANAME, COLNUMBER, DATAID, PROCESS_INSTRUCTION, DATATYPE, DATASIZE, DATASCALE ) values ( 'DC_E_AFG:((13)):DC_E_AFG_DIAMETER:3gpp32435', 'dZhCntAuthSuccessful_actual', 28, 'dZhCntAuthSuccessful.actual', 'PEG', 'numeric', 20, 0 );
insert into Dataitem ( DATAFORMATID, DATANAME, COLNUMBER, DATAID, PROCESS_INSTRUCTION, DATATYPE, DATASIZE, DATASCALE ) values ( 'DC_E_AFG:((13)):DC_E_AFG_DIAMETER:3gpp32435', 'dZhCntAuthSuccessful_delta', 29, 'dZhCntAuthSuccessful.delta', 'PEG', 'numeric', 20, 0 );
insert into Dataitem ( DATAFORMATID, DATANAME, COLNUMBER, DATAID, PROCESS_INSTRUCTION, DATATYPE, DATASIZE, DATASCALE ) values ( 'DC_E_AFG:((13)):DC_E_AFG_DIAMETER:3gpp32435', 'dZhCntAuthTotal_actual', 30, 'dZhCntAuthTotal.actual', 'PEG', 'numeric', 20, 0 );
insert into Dataitem ( DATAFORMATID, DATANAME, COLNUMBER, DATAID, PROCESS_INSTRUCTION, DATATYPE, DATASIZE, DATASCALE ) values ( 'DC_E_AFG:((13)):DC_E_AFG_DIAMETER:3gpp32435', 'dZhCntAuthTotal_delta', 31, 'dZhCntAuthTotal.delta', 'PEG', 'numeric', 20, 0 );
insert into Dataitem ( DATAFORMATID, DATANAME, COLNUMBER, DATAID, PROCESS_INSTRUCTION, DATATYPE, DATASIZE, DATASCALE ) values ( 'DC_E_AFG:((13)):DC_E_AFG_OPENID_CONN:3gpp32435', 'BATCH_ID', 12, 'BATCH_ID', '', 'smallint', 0, 0 );
insert into Dataitem ( DATAFORMATID, DATANAME, COLNUMBER, DATAID, PROCESS_INSTRUCTION, DATATYPE, DATASIZE, DATASCALE ) values ( 'DC_E_AFG:((13)):DC_E_AFG_OPENID_CONN:3gpp32435', 'DATETIME_ID', 8, 'DATETIME_ID', '', 'datetime', 0, 0 );
insert into Dataitem ( DATAFORMATID, DATANAME, COLNUMBER, DATAID, PROCESS_INSTRUCTION, DATATYPE, DATASIZE, DATASCALE ) values ( 'DC_E_AFG:((13)):DC_E_AFG_OPENID_CONN:3gpp32435', 'DATE_ID', 3, 'DATE_ID', '', 'date', 0, 0 );
insert into Dataitem ( DATAFORMATID, DATANAME, COLNUMBER, DATAID, PROCESS_INSTRUCTION, DATATYPE, DATASIZE, DATASCALE ) values ( 'DC_E_AFG:((13)):DC_E_AFG_OPENID_CONN:3gpp32435', 'DAY_ID', 6, 'DAY_ID', '', 'tinyint', 0, 0 );
insert into Dataitem ( DATAFORMATID, DATANAME, COLNUMBER, DATAID, PROCESS_INSTRUCTION, DATATYPE, DATASIZE, DATASCALE ) values ( 'DC_E_AFG:((13)):DC_E_AFG_OPENID_CONN:3gpp32435', 'DC_RELEASE', 15, 'DC_RELEASE', '', 'varchar', 16, 0 );
insert into Dataitem ( DATAFORMATID, DATANAME, COLNUMBER, DATAID, PROCESS_INSTRUCTION, DATATYPE, DATASIZE, DATASCALE ) values ( 'DC_E_AFG:((13)):DC_E_AFG_OPENID_CONN:3gpp32435', 'DC_SOURCE', 16, 'DC_SOURCE', '', 'varchar', 16, 0 );
insert into Dataitem ( DATAFORMATID, DATANAME, COLNUMBER, DATAID, PROCESS_INSTRUCTION, DATATYPE, DATASIZE, DATASCALE ) values ( 'DC_E_AFG:((13)):DC_E_AFG_OPENID_CONN:3gpp32435', 'DC_SUSPECTFLAG', 18, 'DC_SUSPECTFLAG', '', 'int', 0, 0 );
insert into Dataitem ( DATAFORMATID, DATANAME, COLNUMBER, DATAID, PROCESS_INSTRUCTION, DATATYPE, DATASIZE, DATASCALE ) values ( 'DC_E_AFG:((13)):DC_E_AFG_OPENID_CONN:3gpp32435', 'DC_TIMEZONE', 17, 'DC_TIMEZONE', '', 'varchar', 16, 0 );
insert into Dataitem ( DATAFORMATID, DATANAME, COLNUMBER, DATAID, PROCESS_INSTRUCTION, DATATYPE, DATASIZE, DATASCALE ) values ( 'DC_E_AFG:((13)):DC_E_AFG_OPENID_CONN:3gpp32435', 'HOUR_ID', 7, 'HOUR_ID', '', 'tinyint', 0, 0 );
insert into Dataitem ( DATAFORMATID, DATANAME, COLNUMBER, DATAID, PROCESS_INSTRUCTION, DATATYPE, DATASIZE, DATASCALE ) values ( 'DC_E_AFG:((13)):DC_E_AFG_OPENID_CONN:3gpp32435', 'MIN_ID', 9, 'MIN_ID', '', 'tinyint', 0, 0 );
insert into Dataitem ( DATAFORMATID, DATANAME, COLNUMBER, DATAID, PROCESS_INSTRUCTION, DATATYPE, DATASIZE, DATASCALE ) values ( 'DC_E_AFG:((13)):DC_E_AFG_OPENID_CONN:3gpp32435', 'MONTH_ID', 5, 'MONTH_ID', '', 'tinyint', 0, 0 );
insert into Dataitem ( DATAFORMATID, DATANAME, COLNUMBER, DATAID, PROCESS_INSTRUCTION, DATATYPE, DATASIZE, DATASCALE ) values ( 'DC_E_AFG:((13)):DC_E_AFG_OPENID_CONN:3gpp32435', 'NODE_NAME', 2, 'NODE_NAME', 'key', 'varchar', 50, 0 );
insert into Dataitem ( DATAFORMATID, DATANAME, COLNUMBER, DATAID, PROCESS_INSTRUCTION, DATATYPE, DATASIZE, DATASCALE ) values ( 'DC_E_AFG:((13)):DC_E_AFG_OPENID_CONN:3gpp32435', 'OSS_ID', 1, 'OSS_ID', 'key', 'varchar', 50, 0 );
insert into Dataitem ( DATAFORMATID, DATANAME, COLNUMBER, DATAID, PROCESS_INSTRUCTION, DATATYPE, DATASIZE, DATASCALE ) values ( 'DC_E_AFG:((13)):DC_E_AFG_OPENID_CONN:3gpp32435', 'PERIOD_DURATION', 13, 'PERIOD_DURATION', '', 'unsigned int', 0, 0 );
insert into Dataitem ( DATAFORMATID, DATANAME, COLNUMBER, DATAID, PROCESS_INSTRUCTION, DATATYPE, DATASIZE, DATASCALE ) values ( 'DC_E_AFG:((13)):DC_E_AFG_OPENID_CONN:3gpp32435', 'ROWSTATUS', 14, 'ROWSTATUS', '', 'varchar', 16, 0 );
insert into Dataitem ( DATAFORMATID, DATANAME, COLNUMBER, DATAID, PROCESS_INSTRUCTION, DATATYPE, DATASIZE, DATASCALE ) values ( 'DC_E_AFG:((13)):DC_E_AFG_OPENID_CONN:3gpp32435', 'SESSION_ID', 11, 'SESSION_ID', '', 'unsigned int', 0, 0 );
insert into Dataitem ( DATAFORMATID, DATANAME, COLNUMBER, DATAID, PROCESS_INSTRUCTION, DATATYPE, DATASIZE, DATASCALE ) values ( 'DC_E_AFG:((13)):DC_E_AFG_OPENID_CONN:3gpp32435', 'TIMELEVEL', 10, 'TIMELEVEL', '', 'varchar', 10, 0 );
insert into Dataitem ( DATAFORMATID, DATANAME, COLNUMBER, DATAID, PROCESS_INSTRUCTION, DATATYPE, DATASIZE, DATASCALE ) values ( 'DC_E_AFG:((13)):DC_E_AFG_OPENID_CONN:3gpp32435', 'UTC_DATETIME_ID', 19, 'UTC_DATETIME_ID', '', 'datetime', 0, 0 );
insert into Dataitem ( DATAFORMATID, DATANAME, COLNUMBER, DATAID, PROCESS_INSTRUCTION, DATATYPE, DATASIZE, DATASCALE ) values ( 'DC_E_AFG:((13)):DC_E_AFG_OPENID_CONN:3gpp32435', 'YEAR_ID', 4, 'YEAR_ID', '', 'smallint', 0, 0 );
insert into Dataitem ( DATAFORMATID, DATANAME, COLNUMBER, DATAID, PROCESS_INSTRUCTION, DATATYPE, DATASIZE, DATASCALE ) values ( 'DC_E_AFG:((13)):DC_E_AFG_OPENID_CONN:3gpp32435', 'oidcAuthFail401_actual', 22, 'oidcAuthFail401.actual', 'PEG', 'numeric', 20, 0 );
insert into Dataitem ( DATAFORMATID, DATANAME, COLNUMBER, DATAID, PROCESS_INSTRUCTION, DATATYPE, DATASIZE, DATASCALE ) values ( 'DC_E_AFG:((13)):DC_E_AFG_OPENID_CONN:3gpp32435', 'oidcAuthFail401_delta', 23, 'oidcAuthFail401.delta', 'PEG', 'numeric', 20, 0 );
insert into Dataitem ( DATAFORMATID, DATANAME, COLNUMBER, DATAID, PROCESS_INSTRUCTION, DATATYPE, DATASIZE, DATASCALE ) values ( 'DC_E_AFG:((13)):DC_E_AFG_OPENID_CONN:3gpp32435', 'oidcAuthFail_actual', 20, 'oidcAuthFail.actual', 'PEG', 'numeric', 20, 0 );
insert into Dataitem ( DATAFORMATID, DATANAME, COLNUMBER, DATAID, PROCESS_INSTRUCTION, DATATYPE, DATASIZE, DATASCALE ) values ( 'DC_E_AFG:((13)):DC_E_AFG_OPENID_CONN:3gpp32435', 'oidcAuthFail_delta', 21, 'oidcAuthFail.delta', 'PEG', 'numeric', 20, 0 );
insert into Dataitem ( DATAFORMATID, DATANAME, COLNUMBER, DATAID, PROCESS_INSTRUCTION, DATATYPE, DATASIZE, DATASCALE ) values ( 'DC_E_AFG:((13)):DC_E_AFG_OPENID_CONN:3gpp32435', 'oidcAuthReq_actual', 24, 'oidcAuthReq.actual', 'PEG', 'numeric', 20, 0 );
insert into Dataitem ( DATAFORMATID, DATANAME, COLNUMBER, DATAID, PROCESS_INSTRUCTION, DATATYPE, DATASIZE, DATASCALE ) values ( 'DC_E_AFG:((13)):DC_E_AFG_OPENID_CONN:3gpp32435', 'oidcAuthReq_delta', 25, 'oidcAuthReq.delta', 'PEG', 'numeric', 20, 0 );
insert into Dataitem ( DATAFORMATID, DATANAME, COLNUMBER, DATAID, PROCESS_INSTRUCTION, DATATYPE, DATASIZE, DATASCALE ) values ( 'DC_E_AFG:((13)):DC_E_AFG_OPENID_CONN:3gpp32435', 'oidcAuthSucc_actual', 26, 'oidcAuthSucc.actual', 'PEG', 'numeric', 20, 0 );
insert into Dataitem ( DATAFORMATID, DATANAME, COLNUMBER, DATAID, PROCESS_INSTRUCTION, DATATYPE, DATASIZE, DATASCALE ) values ( 'DC_E_AFG:((13)):DC_E_AFG_OPENID_CONN:3gpp32435', 'oidcAuthSucc_delta', 27, 'oidcAuthSucc.delta', 'PEG', 'numeric', 20, 0 );
insert into Dataitem ( DATAFORMATID, DATANAME, COLNUMBER, DATAID, PROCESS_INSTRUCTION, DATATYPE, DATASIZE, DATASCALE ) values ( 'DC_E_AFG:((13)):DC_E_AFG_SYSTEM:3gpp32435', 'BATCH_ID', 12, 'BATCH_ID', '', 'smallint', 0, 0 );
insert into Dataitem ( DATAFORMATID, DATANAME, COLNUMBER, DATAID, PROCESS_INSTRUCTION, DATATYPE, DATASIZE, DATASCALE ) values ( 'DC_E_AFG:((13)):DC_E_AFG_SYSTEM:3gpp32435', 'DATETIME_ID', 8, 'DATETIME_ID', '', 'datetime', 0, 0 );
insert into Dataitem ( DATAFORMATID, DATANAME, COLNUMBER, DATAID, PROCESS_INSTRUCTION, DATATYPE, DATASIZE, DATASCALE ) values ( 'DC_E_AFG:((13)):DC_E_AFG_SYSTEM:3gpp32435', 'DATE_ID', 3, 'DATE_ID', '', 'date', 0, 0 );
insert into Dataitem ( DATAFORMATID, DATANAME, COLNUMBER, DATAID, PROCESS_INSTRUCTION, DATATYPE, DATASIZE, DATASCALE ) values ( 'DC_E_AFG:((13)):DC_E_AFG_SYSTEM:3gpp32435', 'DAY_ID', 6, 'DAY_ID', '', 'tinyint', 0, 0 );
insert into Dataitem ( DATAFORMATID, DATANAME, COLNUMBER, DATAID, PROCESS_INSTRUCTION, DATATYPE, DATASIZE, DATASCALE ) values ( 'DC_E_AFG:((13)):DC_E_AFG_SYSTEM:3gpp32435', 'DC_RELEASE', 15, 'DC_RELEASE', '', 'varchar', 16, 0 );
insert into Dataitem ( DATAFORMATID, DATANAME, COLNUMBER, DATAID, PROCESS_INSTRUCTION, DATATYPE, DATASIZE, DATASCALE ) values ( 'DC_E_AFG:((13)):DC_E_AFG_SYSTEM:3gpp32435', 'DC_SOURCE', 16, 'DC_SOURCE', '', 'varchar', 16, 0 );
insert into Dataitem ( DATAFORMATID, DATANAME, COLNUMBER, DATAID, PROCESS_INSTRUCTION, DATATYPE, DATASIZE, DATASCALE ) values ( 'DC_E_AFG:((13)):DC_E_AFG_SYSTEM:3gpp32435', 'DC_SUSPECTFLAG', 18, 'DC_SUSPECTFLAG', '', 'int', 0, 0 );
insert into Dataitem ( DATAFORMATID, DATANAME, COLNUMBER, DATAID, PROCESS_INSTRUCTION, DATATYPE, DATASIZE, DATASCALE ) values ( 'DC_E_AFG:((13)):DC_E_AFG_SYSTEM:3gpp32435', 'DC_TIMEZONE', 17, 'DC_TIMEZONE', '', 'varchar', 16, 0 );
insert into Dataitem ( DATAFORMATID, DATANAME, COLNUMBER, DATAID, PROCESS_INSTRUCTION, DATATYPE, DATASIZE, DATASCALE ) values ( 'DC_E_AFG:((13)):DC_E_AFG_SYSTEM:3gpp32435', 'HOUR_ID', 7, 'HOUR_ID', '', 'tinyint', 0, 0 );
insert into Dataitem ( DATAFORMATID, DATANAME, COLNUMBER, DATAID, PROCESS_INSTRUCTION, DATATYPE, DATASIZE, DATASCALE ) values ( 'DC_E_AFG:((13)):DC_E_AFG_SYSTEM:3gpp32435', 'MIN_ID', 9, 'MIN_ID', '', 'tinyint', 0, 0 );
insert into Dataitem ( DATAFORMATID, DATANAME, COLNUMBER, DATAID, PROCESS_INSTRUCTION, DATATYPE, DATASIZE, DATASCALE ) values ( 'DC_E_AFG:((13)):DC_E_AFG_SYSTEM:3gpp32435', 'MONTH_ID', 5, 'MONTH_ID', '', 'tinyint', 0, 0 );
insert into Dataitem ( DATAFORMATID, DATANAME, COLNUMBER, DATAID, PROCESS_INSTRUCTION, DATATYPE, DATASIZE, DATASCALE ) values ( 'DC_E_AFG:((13)):DC_E_AFG_SYSTEM:3gpp32435', 'NODE_NAME', 2, 'NODE_NAME', 'key', 'varchar', 50, 0 );
insert into Dataitem ( DATAFORMATID, DATANAME, COLNUMBER, DATAID, PROCESS_INSTRUCTION, DATATYPE, DATASIZE, DATASCALE ) values ( 'DC_E_AFG:((13)):DC_E_AFG_SYSTEM:3gpp32435', 'OSS_ID', 1, 'OSS_ID', 'key', 'varchar', 50, 0 );
insert into Dataitem ( DATAFORMATID, DATANAME, COLNUMBER, DATAID, PROCESS_INSTRUCTION, DATATYPE, DATASIZE, DATASCALE ) values ( 'DC_E_AFG:((13)):DC_E_AFG_SYSTEM:3gpp32435', 'PERIOD_DURATION', 13, 'PERIOD_DURATION', '', 'unsigned int', 0, 0 );
insert into Dataitem ( DATAFORMATID, DATANAME, COLNUMBER, DATAID, PROCESS_INSTRUCTION, DATATYPE, DATASIZE, DATASCALE ) values ( 'DC_E_AFG:((13)):DC_E_AFG_SYSTEM:3gpp32435', 'ROWSTATUS', 14, 'ROWSTATUS', '', 'varchar', 16, 0 );
insert into Dataitem ( DATAFORMATID, DATANAME, COLNUMBER, DATAID, PROCESS_INSTRUCTION, DATATYPE, DATASIZE, DATASCALE ) values ( 'DC_E_AFG:((13)):DC_E_AFG_SYSTEM:3gpp32435', 'SESSION_ID', 11, 'SESSION_ID', '', 'unsigned int', 0, 0 );
insert into Dataitem ( DATAFORMATID, DATANAME, COLNUMBER, DATAID, PROCESS_INSTRUCTION, DATATYPE, DATASIZE, DATASCALE ) values ( 'DC_E_AFG:((13)):DC_E_AFG_SYSTEM:3gpp32435', 'TIMELEVEL', 10, 'TIMELEVEL', '', 'varchar', 10, 0 );
insert into Dataitem ( DATAFORMATID, DATANAME, COLNUMBER, DATAID, PROCESS_INSTRUCTION, DATATYPE, DATASIZE, DATASCALE ) values ( 'DC_E_AFG:((13)):DC_E_AFG_SYSTEM:3gpp32435', 'UTC_DATETIME_ID', 19, 'UTC_DATETIME_ID', '', 'datetime', 0, 0 );
insert into Dataitem ( DATAFORMATID, DATANAME, COLNUMBER, DATAID, PROCESS_INSTRUCTION, DATATYPE, DATASIZE, DATASCALE ) values ( 'DC_E_AFG:((13)):DC_E_AFG_SYSTEM:3gpp32435', 'YEAR_ID', 4, 'YEAR_ID', '', 'smallint', 0, 0 );
insert into Dataitem ( DATAFORMATID, DATANAME, COLNUMBER, DATAID, PROCESS_INSTRUCTION, DATATYPE, DATASIZE, DATASCALE ) values ( 'DC_E_AFG:((13)):DC_E_AFG_SYSTEM:3gpp32435', 'cpuUsage_actual', 20, 'cpuUsage.actual', 'GAUGE', 'numeric', 24, 4 );
insert into Dataitem ( DATAFORMATID, DATANAME, COLNUMBER, DATAID, PROCESS_INSTRUCTION, DATATYPE, DATASIZE, DATASCALE ) values ( 'DC_E_AFG:((13)):DC_E_AFG_SYSTEM:3gpp32435', 'cpuUsage_max', 22, 'cpuUsage.max', 'GAUGE', 'numeric', 24, 4 );
insert into Dataitem ( DATAFORMATID, DATANAME, COLNUMBER, DATAID, PROCESS_INSTRUCTION, DATATYPE, DATASIZE, DATASCALE ) values ( 'DC_E_AFG:((13)):DC_E_AFG_SYSTEM:3gpp32435', 'cpuUsage_min', 21, 'cpuUsage.min', 'GAUGE', 'numeric', 24, 4 );
insert into Dataitem ( DATAFORMATID, DATANAME, COLNUMBER, DATAID, PROCESS_INSTRUCTION, DATATYPE, DATASIZE, DATASCALE ) values ( 'DC_E_AFG:((13)):DC_E_AFG_SYSTEM:3gpp32435', 'memUsage_actual', 26, 'memUsage.actual', 'GAUGE', 'numeric', 24, 4 );
insert into Dataitem ( DATAFORMATID, DATANAME, COLNUMBER, DATAID, PROCESS_INSTRUCTION, DATATYPE, DATASIZE, DATASCALE ) values ( 'DC_E_AFG:((13)):DC_E_AFG_SYSTEM:3gpp32435', 'memUsage_max', 28, 'memUsage.max', 'GAUGE', 'numeric', 24, 4 );
insert into Dataitem ( DATAFORMATID, DATANAME, COLNUMBER, DATAID, PROCESS_INSTRUCTION, DATATYPE, DATASIZE, DATASCALE ) values ( 'DC_E_AFG:((13)):DC_E_AFG_SYSTEM:3gpp32435', 'memUsage_min', 27, 'memUsage.min', 'GAUGE', 'numeric', 24, 4 );
insert into Dataitem ( DATAFORMATID, DATANAME, COLNUMBER, DATAID, PROCESS_INSTRUCTION, DATATYPE, DATASIZE, DATASCALE ) values ( 'DC_E_AFG:((13)):DC_E_AFG_SYSTEM:3gpp32435', 'rootPath_actual', 23, 'rootPath.actual', 'GAUGE', 'numeric', 24, 4 );
insert into Dataitem ( DATAFORMATID, DATANAME, COLNUMBER, DATAID, PROCESS_INSTRUCTION, DATATYPE, DATASIZE, DATASCALE ) values ( 'DC_E_AFG:((13)):DC_E_AFG_SYSTEM:3gpp32435', 'rootPath_max', 25, 'rootPath.max', 'GAUGE', 'numeric', 24, 4 );
insert into Dataitem ( DATAFORMATID, DATANAME, COLNUMBER, DATAID, PROCESS_INSTRUCTION, DATATYPE, DATASIZE, DATASCALE ) values ( 'DC_E_AFG:((13)):DC_E_AFG_SYSTEM:3gpp32435', 'rootPath_min', 24, 'rootPath.min', 'GAUGE', 'numeric', 24, 4 );
insert into Dataitem ( DATAFORMATID, DATANAME, COLNUMBER, DATAID, PROCESS_INSTRUCTION, DATATYPE, DATASIZE, DATASCALE ) values ( 'DC_E_AFG:((13)):DC_E_AFG_TRUSTEDPROXY:3gpp32435', 'BATCH_ID', 12, 'BATCH_ID', '', 'smallint', 0, 0 );
insert into Dataitem ( DATAFORMATID, DATANAME, COLNUMBER, DATAID, PROCESS_INSTRUCTION, DATATYPE, DATASIZE, DATASCALE ) values ( 'DC_E_AFG:((13)):DC_E_AFG_TRUSTEDPROXY:3gpp32435', 'DATETIME_ID', 8, 'DATETIME_ID', '', 'datetime', 0, 0 );
insert into Dataitem ( DATAFORMATID, DATANAME, COLNUMBER, DATAID, PROCESS_INSTRUCTION, DATATYPE, DATASIZE, DATASCALE ) values ( 'DC_E_AFG:((13)):DC_E_AFG_TRUSTEDPROXY:3gpp32435', 'DATE_ID', 3, 'DATE_ID', '', 'date', 0, 0 );
insert into Dataitem ( DATAFORMATID, DATANAME, COLNUMBER, DATAID, PROCESS_INSTRUCTION, DATATYPE, DATASIZE, DATASCALE ) values ( 'DC_E_AFG:((13)):DC_E_AFG_TRUSTEDPROXY:3gpp32435', 'DAY_ID', 6, 'DAY_ID', '', 'tinyint', 0, 0 );
insert into Dataitem ( DATAFORMATID, DATANAME, COLNUMBER, DATAID, PROCESS_INSTRUCTION, DATATYPE, DATASIZE, DATASCALE ) values ( 'DC_E_AFG:((13)):DC_E_AFG_TRUSTEDPROXY:3gpp32435', 'DC_RELEASE', 15, 'DC_RELEASE', '', 'varchar', 16, 0 );
insert into Dataitem ( DATAFORMATID, DATANAME, COLNUMBER, DATAID, PROCESS_INSTRUCTION, DATATYPE, DATASIZE, DATASCALE ) values ( 'DC_E_AFG:((13)):DC_E_AFG_TRUSTEDPROXY:3gpp32435', 'DC_SOURCE', 16, 'DC_SOURCE', '', 'varchar', 16, 0 );
insert into Dataitem ( DATAFORMATID, DATANAME, COLNUMBER, DATAID, PROCESS_INSTRUCTION, DATATYPE, DATASIZE, DATASCALE ) values ( 'DC_E_AFG:((13)):DC_E_AFG_TRUSTEDPROXY:3gpp32435', 'DC_SUSPECTFLAG', 18, 'DC_SUSPECTFLAG', '', 'int', 0, 0 );
insert into Dataitem ( DATAFORMATID, DATANAME, COLNUMBER, DATAID, PROCESS_INSTRUCTION, DATATYPE, DATASIZE, DATASCALE ) values ( 'DC_E_AFG:((13)):DC_E_AFG_TRUSTEDPROXY:3gpp32435', 'DC_TIMEZONE', 17, 'DC_TIMEZONE', '', 'varchar', 16, 0 );
insert into Dataitem ( DATAFORMATID, DATANAME, COLNUMBER, DATAID, PROCESS_INSTRUCTION, DATATYPE, DATASIZE, DATASCALE ) values ( 'DC_E_AFG:((13)):DC_E_AFG_TRUSTEDPROXY:3gpp32435', 'HOUR_ID', 7, 'HOUR_ID', '', 'tinyint', 0, 0 );
insert into Dataitem ( DATAFORMATID, DATANAME, COLNUMBER, DATAID, PROCESS_INSTRUCTION, DATATYPE, DATASIZE, DATASCALE ) values ( 'DC_E_AFG:((13)):DC_E_AFG_TRUSTEDPROXY:3gpp32435', 'MIN_ID', 9, 'MIN_ID', '', 'tinyint', 0, 0 );
insert into Dataitem ( DATAFORMATID, DATANAME, COLNUMBER, DATAID, PROCESS_INSTRUCTION, DATATYPE, DATASIZE, DATASCALE ) values ( 'DC_E_AFG:((13)):DC_E_AFG_TRUSTEDPROXY:3gpp32435', 'MONTH_ID', 5, 'MONTH_ID', '', 'tinyint', 0, 0 );
insert into Dataitem ( DATAFORMATID, DATANAME, COLNUMBER, DATAID, PROCESS_INSTRUCTION, DATATYPE, DATASIZE, DATASCALE ) values ( 'DC_E_AFG:((13)):DC_E_AFG_TRUSTEDPROXY:3gpp32435', 'NODE_NAME', 2, 'NODE_NAME', 'key', 'varchar', 50, 0 );
insert into Dataitem ( DATAFORMATID, DATANAME, COLNUMBER, DATAID, PROCESS_INSTRUCTION, DATATYPE, DATASIZE, DATASCALE ) values ( 'DC_E_AFG:((13)):DC_E_AFG_TRUSTEDPROXY:3gpp32435', 'OSS_ID', 1, 'OSS_ID', 'key', 'varchar', 50, 0 );
insert into Dataitem ( DATAFORMATID, DATANAME, COLNUMBER, DATAID, PROCESS_INSTRUCTION, DATATYPE, DATASIZE, DATASCALE ) values ( 'DC_E_AFG:((13)):DC_E_AFG_TRUSTEDPROXY:3gpp32435', 'PERIOD_DURATION', 13, 'PERIOD_DURATION', '', 'unsigned int', 0, 0 );
insert into Dataitem ( DATAFORMATID, DATANAME, COLNUMBER, DATAID, PROCESS_INSTRUCTION, DATATYPE, DATASIZE, DATASCALE ) values ( 'DC_E_AFG:((13)):DC_E_AFG_TRUSTEDPROXY:3gpp32435', 'ROWSTATUS', 14, 'ROWSTATUS', '', 'varchar', 16, 0 );
insert into Dataitem ( DATAFORMATID, DATANAME, COLNUMBER, DATAID, PROCESS_INSTRUCTION, DATATYPE, DATASIZE, DATASCALE ) values ( 'DC_E_AFG:((13)):DC_E_AFG_TRUSTEDPROXY:3gpp32435', 'SESSION_ID', 11, 'SESSION_ID', '', 'unsigned int', 0, 0 );
insert into Dataitem ( DATAFORMATID, DATANAME, COLNUMBER, DATAID, PROCESS_INSTRUCTION, DATATYPE, DATASIZE, DATASCALE ) values ( 'DC_E_AFG:((13)):DC_E_AFG_TRUSTEDPROXY:3gpp32435', 'TIMELEVEL', 10, 'TIMELEVEL', '', 'varchar', 10, 0 );
insert into Dataitem ( DATAFORMATID, DATANAME, COLNUMBER, DATAID, PROCESS_INSTRUCTION, DATATYPE, DATASIZE, DATASCALE ) values ( 'DC_E_AFG:((13)):DC_E_AFG_TRUSTEDPROXY:3gpp32435', 'UTC_DATETIME_ID', 19, 'UTC_DATETIME_ID', '', 'datetime', 0, 0 );
insert into Dataitem ( DATAFORMATID, DATANAME, COLNUMBER, DATAID, PROCESS_INSTRUCTION, DATATYPE, DATASIZE, DATASCALE ) values ( 'DC_E_AFG:((13)):DC_E_AFG_TRUSTEDPROXY:3gpp32435', 'YEAR_ID', 4, 'YEAR_ID', '', 'smallint', 0, 0 );
insert into Dataitem ( DATAFORMATID, DATANAME, COLNUMBER, DATAID, PROCESS_INSTRUCTION, DATATYPE, DATASIZE, DATASCALE ) values ( 'DC_E_AFG:((13)):DC_E_AFG_TRUSTEDPROXY:3gpp32435', 'tpAuthCntAuthFailed403_actual', 22, 'tpAuthCntAuthFailed403.actual', 'PEG', 'numeric', 20, 0 );
insert into Dataitem ( DATAFORMATID, DATANAME, COLNUMBER, DATAID, PROCESS_INSTRUCTION, DATATYPE, DATASIZE, DATASCALE ) values ( 'DC_E_AFG:((13)):DC_E_AFG_TRUSTEDPROXY:3gpp32435', 'tpAuthCntAuthFailed403_delta', 23, 'tpAuthCntAuthFailed403.delta', 'PEG', 'numeric', 20, 0 );
insert into Dataitem ( DATAFORMATID, DATANAME, COLNUMBER, DATAID, PROCESS_INSTRUCTION, DATATYPE, DATASIZE, DATASCALE ) values ( 'DC_E_AFG:((13)):DC_E_AFG_TRUSTEDPROXY:3gpp32435', 'tpAuthCntAuthFailed_actual', 20, 'tpAuthCntAuthFailed.actual', 'PEG', 'numeric', 20, 0 );
insert into Dataitem ( DATAFORMATID, DATANAME, COLNUMBER, DATAID, PROCESS_INSTRUCTION, DATATYPE, DATASIZE, DATASCALE ) values ( 'DC_E_AFG:((13)):DC_E_AFG_TRUSTEDPROXY:3gpp32435', 'tpAuthCntAuthFailed_delta', 21, 'tpAuthCntAuthFailed.delta', 'PEG', 'numeric', 20, 0 );
insert into Dataitem ( DATAFORMATID, DATANAME, COLNUMBER, DATAID, PROCESS_INSTRUCTION, DATATYPE, DATASIZE, DATASCALE ) values ( 'DC_E_AFG:((13)):DC_E_AFG_TRUSTEDPROXY:3gpp32435', 'tpAuthCntAuthGbaDigestReq_actual', 24, 'tpAuthCntAuthGbaDigestReq.actual', 'PEG', 'numeric', 20, 0 );
insert into Dataitem ( DATAFORMATID, DATANAME, COLNUMBER, DATAID, PROCESS_INSTRUCTION, DATATYPE, DATASIZE, DATASCALE ) values ( 'DC_E_AFG:((13)):DC_E_AFG_TRUSTEDPROXY:3gpp32435', 'tpAuthCntAuthGbaDigestReq_delta', 25, 'tpAuthCntAuthGbaDigestReq.delta', 'PEG', 'numeric', 20, 0 );
insert into Dataitem ( DATAFORMATID, DATANAME, COLNUMBER, DATAID, PROCESS_INSTRUCTION, DATATYPE, DATASIZE, DATASCALE ) values ( 'DC_E_AFG:((13)):DC_E_AFG_TRUSTEDPROXY:3gpp32435', 'tpAuthCntAuthGbaMeBasedReq_actual', 26, 'tpAuthCntAuthGbaMeBasedReq.actual', 'PEG', 'numeric', 20, 0 );
insert into Dataitem ( DATAFORMATID, DATANAME, COLNUMBER, DATAID, PROCESS_INSTRUCTION, DATATYPE, DATASIZE, DATASCALE ) values ( 'DC_E_AFG:((13)):DC_E_AFG_TRUSTEDPROXY:3gpp32435', 'tpAuthCntAuthGbaMeBasedReq_delta', 27, 'tpAuthCntAuthGbaMeBasedReq.delta', 'PEG', 'numeric', 20, 0 );
insert into Dataitem ( DATAFORMATID, DATANAME, COLNUMBER, DATAID, PROCESS_INSTRUCTION, DATATYPE, DATASIZE, DATASCALE ) values ( 'DC_E_AFG:((13)):DC_E_AFG_TRUSTEDPROXY:3gpp32435', 'tpAuthCntAuthGbaReq_actual', 28, 'tpAuthCntAuthGbaReq.actual', 'PEG', 'numeric', 20, 0 );
insert into Dataitem ( DATAFORMATID, DATANAME, COLNUMBER, DATAID, PROCESS_INSTRUCTION, DATATYPE, DATASIZE, DATASCALE ) values ( 'DC_E_AFG:((13)):DC_E_AFG_TRUSTEDPROXY:3gpp32435', 'tpAuthCntAuthGbaReq_delta', 29, 'tpAuthCntAuthGbaReq.delta', 'PEG', 'numeric', 20, 0 );
insert into Dataitem ( DATAFORMATID, DATANAME, COLNUMBER, DATAID, PROCESS_INSTRUCTION, DATATYPE, DATASIZE, DATASCALE ) values ( 'DC_E_AFG:((13)):DC_E_AFG_TRUSTEDPROXY:3gpp32435', 'tpAuthCntAuthGibaReq_actual', 30, 'tpAuthCntAuthGibaReq.actual', 'PEG', 'numeric', 20, 0 );
insert into Dataitem ( DATAFORMATID, DATANAME, COLNUMBER, DATAID, PROCESS_INSTRUCTION, DATATYPE, DATASIZE, DATASCALE ) values ( 'DC_E_AFG:((13)):DC_E_AFG_TRUSTEDPROXY:3gpp32435', 'tpAuthCntAuthGibaReq_delta', 31, 'tpAuthCntAuthGibaReq.delta', 'PEG', 'numeric', 20, 0 );
insert into Dataitem ( DATAFORMATID, DATANAME, COLNUMBER, DATAID, PROCESS_INSTRUCTION, DATATYPE, DATASIZE, DATASCALE ) values ( 'DC_E_AFG:((13)):DC_E_AFG_TRUSTEDPROXY:3gpp32435', 'tpAuthCntAuthReq_actual', 32, 'tpAuthCntAuthReq.actual', 'PEG', 'numeric', 20, 0 );
insert into Dataitem ( DATAFORMATID, DATANAME, COLNUMBER, DATAID, PROCESS_INSTRUCTION, DATATYPE, DATASIZE, DATASCALE ) values ( 'DC_E_AFG:((13)):DC_E_AFG_TRUSTEDPROXY:3gpp32435', 'tpAuthCntAuthReq_delta', 33, 'tpAuthCntAuthReq.delta', 'PEG', 'numeric', 20, 0 );
insert into Dataitem ( DATAFORMATID, DATANAME, COLNUMBER, DATAID, PROCESS_INSTRUCTION, DATATYPE, DATASIZE, DATASCALE ) values ( 'DC_E_AFG:((13)):DC_E_AFG_TRUSTEDPROXY:3gpp32435', 'tpAuthCntAuthResp_actual', 34, 'tpAuthCntAuthResp.actual', 'PEG', 'numeric', 20, 0 );
insert into Dataitem ( DATAFORMATID, DATANAME, COLNUMBER, DATAID, PROCESS_INSTRUCTION, DATATYPE, DATASIZE, DATASCALE ) values ( 'DC_E_AFG:((13)):DC_E_AFG_TRUSTEDPROXY:3gpp32435', 'tpAuthCntAuthResp_delta', 35, 'tpAuthCntAuthResp.delta', 'PEG', 'numeric', 20, 0 );
insert into Dataitem ( DATAFORMATID, DATANAME, COLNUMBER, DATAID, PROCESS_INSTRUCTION, DATATYPE, DATASIZE, DATASCALE ) values ( 'DC_E_AFG:((13)):DC_E_AFG_TRUSTEDPROXY:3gpp32435', 'tpAuthCntAuthZxDigestReq_actual', 36, 'tpAuthCntAuthZxDigestReq.actual', 'PEG', 'numeric', 20, 0 );
insert into Dataitem ( DATAFORMATID, DATANAME, COLNUMBER, DATAID, PROCESS_INSTRUCTION, DATATYPE, DATASIZE, DATASCALE ) values ( 'DC_E_AFG:((13)):DC_E_AFG_TRUSTEDPROXY:3gpp32435', 'tpAuthCntAuthZxDigestReq_delta', 37, 'tpAuthCntAuthZxDigestReq.delta', 'PEG', 'numeric', 20, 0 );
insert into Dataitem ( DATAFORMATID, DATANAME, COLNUMBER, DATAID, PROCESS_INSTRUCTION, DATATYPE, DATASIZE, DATASCALE ) values ( 'DC_E_AFG:((13)):DC_E_AFG_TRUSTEDPROXY:3gpp32435', 'tpAuthCntAuthZxSsoReq_actual', 38, 'tpAuthCntAuthZxSsoReq.actual', 'PEG', 'numeric', 20, 0 );
insert into Dataitem ( DATAFORMATID, DATANAME, COLNUMBER, DATAID, PROCESS_INSTRUCTION, DATATYPE, DATASIZE, DATASCALE ) values ( 'DC_E_AFG:((13)):DC_E_AFG_TRUSTEDPROXY:3gpp32435', 'tpAuthCntAuthZxSsoReq_delta', 39, 'tpAuthCntAuthZxSsoReq.delta', 'PEG', 'numeric', 20, 0 );
insert into Dataitem ( DATAFORMATID, DATANAME, COLNUMBER, DATAID, PROCESS_INSTRUCTION, DATATYPE, DATASIZE, DATASCALE ) values ( 'DC_E_AFG:((13)):DC_E_AFG_TRUSTEDPROXY:3gpp32435', 'tpAuthCntZnReq_actual', 40, 'tpAuthCntZnReq.actual', 'PEG', 'numeric', 20, 0 );
insert into Dataitem ( DATAFORMATID, DATANAME, COLNUMBER, DATAID, PROCESS_INSTRUCTION, DATATYPE, DATASIZE, DATASCALE ) values ( 'DC_E_AFG:((13)):DC_E_AFG_TRUSTEDPROXY:3gpp32435', 'tpAuthCntZnReq_delta', 41, 'tpAuthCntZnReq.delta', 'PEG', 'numeric', 20, 0 );
insert into Dataitem ( DATAFORMATID, DATANAME, COLNUMBER, DATAID, PROCESS_INSTRUCTION, DATATYPE, DATASIZE, DATASCALE ) values ( 'DC_E_AFG:((13)):DC_E_AFG_TRUSTEDPROXY:3gpp32435', 'tpCntHttpDeleteReq_actual', 42, 'tpCntHttpDeleteReq.actual', 'PEG', 'numeric', 20, 0 );
insert into Dataitem ( DATAFORMATID, DATANAME, COLNUMBER, DATAID, PROCESS_INSTRUCTION, DATATYPE, DATASIZE, DATASCALE ) values ( 'DC_E_AFG:((13)):DC_E_AFG_TRUSTEDPROXY:3gpp32435', 'tpCntHttpDeleteReq_delta', 43, 'tpCntHttpDeleteReq.delta', 'PEG', 'numeric', 20, 0 );
insert into Dataitem ( DATAFORMATID, DATANAME, COLNUMBER, DATAID, PROCESS_INSTRUCTION, DATATYPE, DATASIZE, DATASCALE ) values ( 'DC_E_AFG:((13)):DC_E_AFG_TRUSTEDPROXY:3gpp32435', 'tpCntHttpDsFailedResp_actual', 44, 'tpCntHttpDsFailedResp.actual', 'PEG', 'numeric', 20, 0 );
insert into Dataitem ( DATAFORMATID, DATANAME, COLNUMBER, DATAID, PROCESS_INSTRUCTION, DATATYPE, DATASIZE, DATASCALE ) values ( 'DC_E_AFG:((13)):DC_E_AFG_TRUSTEDPROXY:3gpp32435', 'tpCntHttpDsFailedResp_delta', 45, 'tpCntHttpDsFailedResp.delta', 'PEG', 'numeric', 20, 0 );
insert into Dataitem ( DATAFORMATID, DATANAME, COLNUMBER, DATAID, PROCESS_INSTRUCTION, DATATYPE, DATASIZE, DATASCALE ) values ( 'DC_E_AFG:((13)):DC_E_AFG_TRUSTEDPROXY:3gpp32435', 'tpCntHttpFailedResp_actual', 46, 'tpCntHttpFailedResp.actual', 'PEG', 'numeric', 20, 0 );
insert into Dataitem ( DATAFORMATID, DATANAME, COLNUMBER, DATAID, PROCESS_INSTRUCTION, DATATYPE, DATASIZE, DATASCALE ) values ( 'DC_E_AFG:((13)):DC_E_AFG_TRUSTEDPROXY:3gpp32435', 'tpCntHttpFailedResp_delta', 47, 'tpCntHttpFailedResp.delta', 'PEG', 'numeric', 20, 0 );
insert into Dataitem ( DATAFORMATID, DATANAME, COLNUMBER, DATAID, PROCESS_INSTRUCTION, DATATYPE, DATASIZE, DATASCALE ) values ( 'DC_E_AFG:((13)):DC_E_AFG_TRUSTEDPROXY:3gpp32435', 'tpCntHttpFwdReq_actual', 48, 'tpCntHttpFwdReq.actual', 'PEG', 'numeric', 20, 0 );
insert into Dataitem ( DATAFORMATID, DATANAME, COLNUMBER, DATAID, PROCESS_INSTRUCTION, DATATYPE, DATASIZE, DATASCALE ) values ( 'DC_E_AFG:((13)):DC_E_AFG_TRUSTEDPROXY:3gpp32435', 'tpCntHttpFwdReq_delta', 49, 'tpCntHttpFwdReq.delta', 'PEG', 'numeric', 20, 0 );
insert into Dataitem ( DATAFORMATID, DATANAME, COLNUMBER, DATAID, PROCESS_INSTRUCTION, DATATYPE, DATASIZE, DATASCALE ) values ( 'DC_E_AFG:((13)):DC_E_AFG_TRUSTEDPROXY:3gpp32435', 'tpCntHttpGetReq_actual', 50, 'tpCntHttpGetReq.actual', 'PEG', 'numeric', 20, 0 );
insert into Dataitem ( DATAFORMATID, DATANAME, COLNUMBER, DATAID, PROCESS_INSTRUCTION, DATATYPE, DATASIZE, DATASCALE ) values ( 'DC_E_AFG:((13)):DC_E_AFG_TRUSTEDPROXY:3gpp32435', 'tpCntHttpGetReq_delta', 51, 'tpCntHttpGetReq.delta', 'PEG', 'numeric', 20, 0 );
insert into Dataitem ( DATAFORMATID, DATANAME, COLNUMBER, DATAID, PROCESS_INSTRUCTION, DATATYPE, DATASIZE, DATASCALE ) values ( 'DC_E_AFG:((13)):DC_E_AFG_TRUSTEDPROXY:3gpp32435', 'tpCntHttpOtherReq_actual', 52, 'tpCntHttpOtherReq.actual', 'PEG', 'numeric', 20, 0 );
insert into Dataitem ( DATAFORMATID, DATANAME, COLNUMBER, DATAID, PROCESS_INSTRUCTION, DATATYPE, DATASIZE, DATASCALE ) values ( 'DC_E_AFG:((13)):DC_E_AFG_TRUSTEDPROXY:3gpp32435', 'tpCntHttpOtherReq_delta', 53, 'tpCntHttpOtherReq.delta', 'PEG', 'numeric', 20, 0 );
insert into Dataitem ( DATAFORMATID, DATANAME, COLNUMBER, DATAID, PROCESS_INSTRUCTION, DATATYPE, DATASIZE, DATASCALE ) values ( 'DC_E_AFG:((13)):DC_E_AFG_TRUSTEDPROXY:3gpp32435', 'tpCntHttpPostReq_actual', 54, 'tpCntHttpPostReq.actual', 'PEG', 'numeric', 20, 0 );
insert into Dataitem ( DATAFORMATID, DATANAME, COLNUMBER, DATAID, PROCESS_INSTRUCTION, DATATYPE, DATASIZE, DATASCALE ) values ( 'DC_E_AFG:((13)):DC_E_AFG_TRUSTEDPROXY:3gpp32435', 'tpCntHttpPostReq_delta', 55, 'tpCntHttpPostReq.delta', 'PEG', 'numeric', 20, 0 );
insert into Dataitem ( DATAFORMATID, DATANAME, COLNUMBER, DATAID, PROCESS_INSTRUCTION, DATATYPE, DATASIZE, DATASCALE ) values ( 'DC_E_AFG:((13)):DC_E_AFG_TRUSTEDPROXY:3gpp32435', 'tpCntHttpPutReq_actual', 56, 'tpCntHttpPutReq.actual', 'PEG', 'numeric', 20, 0 );
insert into Dataitem ( DATAFORMATID, DATANAME, COLNUMBER, DATAID, PROCESS_INSTRUCTION, DATATYPE, DATASIZE, DATASCALE ) values ( 'DC_E_AFG:((13)):DC_E_AFG_TRUSTEDPROXY:3gpp32435', 'tpCntHttpPutReq_delta', 57, 'tpCntHttpPutReq.delta', 'PEG', 'numeric', 20, 0 );
insert into Dataitem ( DATAFORMATID, DATANAME, COLNUMBER, DATAID, PROCESS_INSTRUCTION, DATATYPE, DATASIZE, DATASCALE ) values ( 'DC_E_AFG:((13)):DC_E_AFG_TRUSTEDPROXY:3gpp32435', 'tpCntHttpTotalReq_actual', 58, 'tpCntHttpTotalReq.actual', 'PEG', 'numeric', 20, 0 );
insert into Dataitem ( DATAFORMATID, DATANAME, COLNUMBER, DATAID, PROCESS_INSTRUCTION, DATATYPE, DATASIZE, DATASCALE ) values ( 'DC_E_AFG:((13)):DC_E_AFG_TRUSTEDPROXY:3gpp32435', 'tpCntHttpTotalReq_delta', 59, 'tpCntHttpTotalReq.delta', 'PEG', 'numeric', 20, 0 );
insert into Dataitem ( DATAFORMATID, DATANAME, COLNUMBER, DATAID, PROCESS_INSTRUCTION, DATATYPE, DATASIZE, DATASCALE ) values ( 'DC_E_AFG:((13)):DC_E_AFG_TRUSTEDPROXY:3gpp32435', 'tpSubCntImpiVpActSubCount_actual', 60, 'tpSubCntImpiVpActSubCount.actual', 'GAUGE', 'numeric', 24, 4 );
insert into Dataitem ( DATAFORMATID, DATANAME, COLNUMBER, DATAID, PROCESS_INSTRUCTION, DATATYPE, DATASIZE, DATASCALE ) values ( 'DC_E_AFG:((13)):DC_E_AFG_TRUSTEDPROXY:3gpp32435', 'tpSubCntImpiVpActSubCount_max', 62, 'tpSubCntImpiVpActSubCount.max', 'GAUGE', 'numeric', 24, 4 );
insert into Dataitem ( DATAFORMATID, DATANAME, COLNUMBER, DATAID, PROCESS_INSTRUCTION, DATATYPE, DATASIZE, DATASCALE ) values ( 'DC_E_AFG:((13)):DC_E_AFG_TRUSTEDPROXY:3gpp32435', 'tpSubCntImpiVpActSubCount_min', 61, 'tpSubCntImpiVpActSubCount.min', 'GAUGE', 'numeric', 24, 4 );
insert into Dataitem ( DATAFORMATID, DATANAME, COLNUMBER, DATAID, PROCESS_INSTRUCTION, DATATYPE, DATASIZE, DATASCALE ) values ( 'DC_E_AFG:((13)):DC_E_AFG_TRUSTEDPROXY:3gpp32435', 'tpSubCntImpiVpMaxSubCount_actual', 63, 'tpSubCntImpiVpMaxSubCount.actual', 'PEG', 'numeric', 20, 0 );
insert into Dataitem ( DATAFORMATID, DATANAME, COLNUMBER, DATAID, PROCESS_INSTRUCTION, DATATYPE, DATASIZE, DATASCALE ) values ( 'DC_E_AFG:((13)):DC_E_AFG_TRUSTEDPROXY:3gpp32435', 'tpSubCntImpiVpMaxSubCount_delta', 64, 'tpSubCntImpiVpMaxSubCount.delta', 'PEG', 'numeric', 20, 0 );
insert into Dataitem ( DATAFORMATID, DATANAME, COLNUMBER, DATAID, PROCESS_INSTRUCTION, DATATYPE, DATASIZE, DATASCALE ) values ( 'DC_E_AFG:((13)):DC_E_AFG_TRUSTEDPROXY:3gpp32435', 'tpSubCntImpuVpActSubCount_actual', 65, 'tpSubCntImpuVpActSubCount.actual', 'GAUGE', 'numeric', 24, 4 );
insert into Dataitem ( DATAFORMATID, DATANAME, COLNUMBER, DATAID, PROCESS_INSTRUCTION, DATATYPE, DATASIZE, DATASCALE ) values ( 'DC_E_AFG:((13)):DC_E_AFG_TRUSTEDPROXY:3gpp32435', 'tpSubCntImpuVpActSubCount_max', 67, 'tpSubCntImpuVpActSubCount.max', 'GAUGE', 'numeric', 24, 4 );
insert into Dataitem ( DATAFORMATID, DATANAME, COLNUMBER, DATAID, PROCESS_INSTRUCTION, DATATYPE, DATASIZE, DATASCALE ) values ( 'DC_E_AFG:((13)):DC_E_AFG_TRUSTEDPROXY:3gpp32435', 'tpSubCntImpuVpActSubCount_min', 66, 'tpSubCntImpuVpActSubCount.min', 'GAUGE', 'numeric', 24, 4 );
insert into Dataitem ( DATAFORMATID, DATANAME, COLNUMBER, DATAID, PROCESS_INSTRUCTION, DATATYPE, DATASIZE, DATASCALE ) values ( 'DC_E_AFG:((13)):DC_E_AFG_TRUSTEDPROXY:3gpp32435', 'tpSubCntImpuVpMaxSubCount_actual', 68, 'tpSubCntImpuVpMaxSubCount.actual', 'PEG', 'numeric', 20, 0 );
insert into Dataitem ( DATAFORMATID, DATANAME, COLNUMBER, DATAID, PROCESS_INSTRUCTION, DATATYPE, DATASIZE, DATASCALE ) values ( 'DC_E_AFG:((13)):DC_E_AFG_TRUSTEDPROXY:3gpp32435', 'tpSubCntImpuVpMaxSubCount_delta', 69, 'tpSubCntImpuVpMaxSubCount.delta', 'PEG', 'numeric', 20, 0 );
insert into Dataitem ( DATAFORMATID, DATANAME, COLNUMBER, DATAID, PROCESS_INSTRUCTION, DATATYPE, DATASIZE, DATASCALE ) values ( 'DC_E_AFG:((13)):DC_E_AFG_VIRTUAL_GATEWAY:3gpp32435', 'BATCH_ID', 13, 'BATCH_ID', '', 'smallint', 0, 0 );
insert into Dataitem ( DATAFORMATID, DATANAME, COLNUMBER, DATAID, PROCESS_INSTRUCTION, DATATYPE, DATASIZE, DATASCALE ) values ( 'DC_E_AFG:((13)):DC_E_AFG_VIRTUAL_GATEWAY:3gpp32435', 'DATETIME_ID', 9, 'DATETIME_ID', '', 'datetime', 0, 0 );
insert into Dataitem ( DATAFORMATID, DATANAME, COLNUMBER, DATAID, PROCESS_INSTRUCTION, DATATYPE, DATASIZE, DATASCALE ) values ( 'DC_E_AFG:((13)):DC_E_AFG_VIRTUAL_GATEWAY:3gpp32435', 'DATE_ID', 4, 'DATE_ID', '', 'date', 0, 0 );
insert into Dataitem ( DATAFORMATID, DATANAME, COLNUMBER, DATAID, PROCESS_INSTRUCTION, DATATYPE, DATASIZE, DATASCALE ) values ( 'DC_E_AFG:((13)):DC_E_AFG_VIRTUAL_GATEWAY:3gpp32435', 'DAY_ID', 7, 'DAY_ID', '', 'tinyint', 0, 0 );
insert into Dataitem ( DATAFORMATID, DATANAME, COLNUMBER, DATAID, PROCESS_INSTRUCTION, DATATYPE, DATASIZE, DATASCALE ) values ( 'DC_E_AFG:((13)):DC_E_AFG_VIRTUAL_GATEWAY:3gpp32435', 'DC_RELEASE', 16, 'DC_RELEASE', '', 'varchar', 16, 0 );
insert into Dataitem ( DATAFORMATID, DATANAME, COLNUMBER, DATAID, PROCESS_INSTRUCTION, DATATYPE, DATASIZE, DATASCALE ) values ( 'DC_E_AFG:((13)):DC_E_AFG_VIRTUAL_GATEWAY:3gpp32435', 'DC_SOURCE', 17, 'DC_SOURCE', '', 'varchar', 16, 0 );
insert into Dataitem ( DATAFORMATID, DATANAME, COLNUMBER, DATAID, PROCESS_INSTRUCTION, DATATYPE, DATASIZE, DATASCALE ) values ( 'DC_E_AFG:((13)):DC_E_AFG_VIRTUAL_GATEWAY:3gpp32435', 'DC_SUSPECTFLAG', 19, 'DC_SUSPECTFLAG', '', 'int', 0, 0 );
insert into Dataitem ( DATAFORMATID, DATANAME, COLNUMBER, DATAID, PROCESS_INSTRUCTION, DATATYPE, DATASIZE, DATASCALE ) values ( 'DC_E_AFG:((13)):DC_E_AFG_VIRTUAL_GATEWAY:3gpp32435', 'DC_TIMEZONE', 18, 'DC_TIMEZONE', '', 'varchar', 16, 0 );
insert into Dataitem ( DATAFORMATID, DATANAME, COLNUMBER, DATAID, PROCESS_INSTRUCTION, DATATYPE, DATASIZE, DATASCALE ) values ( 'DC_E_AFG:((13)):DC_E_AFG_VIRTUAL_GATEWAY:3gpp32435', 'HOUR_ID', 8, 'HOUR_ID', '', 'tinyint', 0, 0 );
insert into Dataitem ( DATAFORMATID, DATANAME, COLNUMBER, DATAID, PROCESS_INSTRUCTION, DATATYPE, DATASIZE, DATASCALE ) values ( 'DC_E_AFG:((13)):DC_E_AFG_VIRTUAL_GATEWAY:3gpp32435', 'MIN_ID', 10, 'MIN_ID', '', 'tinyint', 0, 0 );
insert into Dataitem ( DATAFORMATID, DATANAME, COLNUMBER, DATAID, PROCESS_INSTRUCTION, DATATYPE, DATASIZE, DATASCALE ) values ( 'DC_E_AFG:((13)):DC_E_AFG_VIRTUAL_GATEWAY:3gpp32435', 'MONTH_ID', 6, 'MONTH_ID', '', 'tinyint', 0, 0 );
insert into Dataitem ( DATAFORMATID, DATANAME, COLNUMBER, DATAID, PROCESS_INSTRUCTION, DATATYPE, DATASIZE, DATASCALE ) values ( 'DC_E_AFG:((13)):DC_E_AFG_VIRTUAL_GATEWAY:3gpp32435', 'NODE_NAME', 2, 'NODE_NAME', 'key', 'varchar', 50, 0 );
insert into Dataitem ( DATAFORMATID, DATANAME, COLNUMBER, DATAID, PROCESS_INSTRUCTION, DATATYPE, DATASIZE, DATASCALE ) values ( 'DC_E_AFG:((13)):DC_E_AFG_VIRTUAL_GATEWAY:3gpp32435', 'OSS_ID', 1, 'OSS_ID', 'key', 'varchar', 50, 0 );
insert into Dataitem ( DATAFORMATID, DATANAME, COLNUMBER, DATAID, PROCESS_INSTRUCTION, DATATYPE, DATASIZE, DATASCALE ) values ( 'DC_E_AFG:((13)):DC_E_AFG_VIRTUAL_GATEWAY:3gpp32435', 'PERIOD_DURATION', 14, 'PERIOD_DURATION', '', 'unsigned int', 0, 0 );
insert into Dataitem ( DATAFORMATID, DATANAME, COLNUMBER, DATAID, PROCESS_INSTRUCTION, DATATYPE, DATASIZE, DATASCALE ) values ( 'DC_E_AFG:((13)):DC_E_AFG_VIRTUAL_GATEWAY:3gpp32435', 'ROWSTATUS', 15, 'ROWSTATUS', '', 'varchar', 16, 0 );
insert into Dataitem ( DATAFORMATID, DATANAME, COLNUMBER, DATAID, PROCESS_INSTRUCTION, DATATYPE, DATASIZE, DATASCALE ) values ( 'DC_E_AFG:((13)):DC_E_AFG_VIRTUAL_GATEWAY:3gpp32435', 'SESSION_ID', 12, 'SESSION_ID', '', 'unsigned int', 0, 0 );
insert into Dataitem ( DATAFORMATID, DATANAME, COLNUMBER, DATAID, PROCESS_INSTRUCTION, DATATYPE, DATASIZE, DATASCALE ) values ( 'DC_E_AFG:((13)):DC_E_AFG_VIRTUAL_GATEWAY:3gpp32435', 'TIMELEVEL', 11, 'TIMELEVEL', '', 'varchar', 10, 0 );
insert into Dataitem ( DATAFORMATID, DATANAME, COLNUMBER, DATAID, PROCESS_INSTRUCTION, DATATYPE, DATASIZE, DATASCALE ) values ( 'DC_E_AFG:((13)):DC_E_AFG_VIRTUAL_GATEWAY:3gpp32435', 'UTC_DATETIME_ID', 20, 'UTC_DATETIME_ID', '', 'datetime', 0, 0 );
insert into Dataitem ( DATAFORMATID, DATANAME, COLNUMBER, DATAID, PROCESS_INSTRUCTION, DATATYPE, DATASIZE, DATASCALE ) values ( 'DC_E_AFG:((13)):DC_E_AFG_VIRTUAL_GATEWAY:3gpp32435', 'VIRTUAL_GATEWAY', 3, 'VIRTUAL_GATEWAY', 'key', 'varchar', 35, 0 );
insert into Dataitem ( DATAFORMATID, DATANAME, COLNUMBER, DATAID, PROCESS_INSTRUCTION, DATATYPE, DATASIZE, DATASCALE ) values ( 'DC_E_AFG:((13)):DC_E_AFG_VIRTUAL_GATEWAY:3gpp32435', 'YEAR_ID', 5, 'YEAR_ID', '', 'smallint', 0, 0 );
insert into Dataitem ( DATAFORMATID, DATANAME, COLNUMBER, DATAID, PROCESS_INSTRUCTION, DATATYPE, DATASIZE, DATASCALE ) values ( 'DC_E_AFG:((13)):DC_E_AFG_VIRTUAL_GATEWAY:3gpp32435', 'vgAcceptedReq_actual', 21, 'vgAcceptedReq.actual', 'PEG', 'numeric', 20, 0 );
insert into Dataitem ( DATAFORMATID, DATANAME, COLNUMBER, DATAID, PROCESS_INSTRUCTION, DATATYPE, DATASIZE, DATASCALE ) values ( 'DC_E_AFG:((13)):DC_E_AFG_VIRTUAL_GATEWAY:3gpp32435', 'vgAcceptedReq_delta', 22, 'vgAcceptedReq.delta', 'PEG', 'numeric', 20, 0 );
insert into Dataitem ( DATAFORMATID, DATANAME, COLNUMBER, DATAID, PROCESS_INSTRUCTION, DATATYPE, DATASIZE, DATASCALE ) values ( 'DC_E_AFG:((13)):DC_E_AFG_VIRTUAL_GATEWAY:3gpp32435', 'vgPeakTransTimeIntervalLength_actual', 23, 'vgPeakTransTimeIntervalLength.actual', 'GAUGE', 'numeric', 24, 4 );
insert into Dataitem ( DATAFORMATID, DATANAME, COLNUMBER, DATAID, PROCESS_INSTRUCTION, DATATYPE, DATASIZE, DATASCALE ) values ( 'DC_E_AFG:((13)):DC_E_AFG_VIRTUAL_GATEWAY:3gpp32435', 'vgPeakTransTimeIntervalLength_max', 25, 'vgPeakTransTimeIntervalLength.max', 'GAUGE', 'numeric', 24, 4 );
insert into Dataitem ( DATAFORMATID, DATANAME, COLNUMBER, DATAID, PROCESS_INSTRUCTION, DATATYPE, DATASIZE, DATASCALE ) values ( 'DC_E_AFG:((13)):DC_E_AFG_VIRTUAL_GATEWAY:3gpp32435', 'vgPeakTransTimeIntervalLength_min', 24, 'vgPeakTransTimeIntervalLength.min', 'GAUGE', 'numeric', 24, 4 );
insert into Dataitem ( DATAFORMATID, DATANAME, COLNUMBER, DATAID, PROCESS_INSTRUCTION, DATATYPE, DATASIZE, DATASCALE ) values ( 'DC_E_AFG:((13)):DC_E_AFG_VIRTUAL_GATEWAY:3gpp32435', 'vgPeakTransTransPerTimeInterval_actual', 26, 'vgPeakTransTransPerTimeInterval.actual', 'GAUGE', 'numeric', 24, 4 );
insert into Dataitem ( DATAFORMATID, DATANAME, COLNUMBER, DATAID, PROCESS_INSTRUCTION, DATATYPE, DATASIZE, DATASCALE ) values ( 'DC_E_AFG:((13)):DC_E_AFG_VIRTUAL_GATEWAY:3gpp32435', 'vgPeakTransTransPerTimeInterval_max', 28, 'vgPeakTransTransPerTimeInterval.max', 'GAUGE', 'numeric', 24, 4 );
insert into Dataitem ( DATAFORMATID, DATANAME, COLNUMBER, DATAID, PROCESS_INSTRUCTION, DATATYPE, DATASIZE, DATASCALE ) values ( 'DC_E_AFG:((13)):DC_E_AFG_VIRTUAL_GATEWAY:3gpp32435', 'vgPeakTransTransPerTimeInterval_min', 27, 'vgPeakTransTransPerTimeInterval.min', 'GAUGE', 'numeric', 24, 4 );
insert into Dataitem ( DATAFORMATID, DATANAME, COLNUMBER, DATAID, PROCESS_INSTRUCTION, DATATYPE, DATASIZE, DATASCALE ) values ( 'DC_E_AFG:((13)):DC_E_AFG_VIRTUAL_GATEWAY:3gpp32435', 'vgRejectedReq_actual', 29, 'vgRejectedReq.actual', 'PEG', 'numeric', 20, 0 );
insert into Dataitem ( DATAFORMATID, DATANAME, COLNUMBER, DATAID, PROCESS_INSTRUCTION, DATATYPE, DATASIZE, DATASCALE ) values ( 'DC_E_AFG:((13)):DC_E_AFG_VIRTUAL_GATEWAY:3gpp32435', 'vgRejectedReq_delta', 30, 'vgRejectedReq.delta', 'PEG', 'numeric', 20, 0 );
insert into Aggregation ( AGGREGATION, VERSIONID, AGGREGATIONSET, AGGREGATIONGROUP, REAGGREGATIONSET, REAGGREGATIONGROUP, GROUPORDER, AGGREGATIONORDER, AGGREGATIONTYPE, AGGREGATIONSCOPE ) values ( 'DC_E_AFG_AGG_PROXY_DAY', 'DC_E_AFG:((13))', null, null, null, null, null, null, 'TOTAL', 'DAY' );
insert into Aggregation ( AGGREGATION, VERSIONID, AGGREGATIONSET, AGGREGATIONGROUP, REAGGREGATIONSET, REAGGREGATIONGROUP, GROUPORDER, AGGREGATIONORDER, AGGREGATIONTYPE, AGGREGATIONSCOPE ) values ( 'DC_E_AFG_AGG_PROXY_DAYBH_AFG', 'DC_E_AFG:((13))', null, null, null, null, null, null, 'DAYBH', 'DAY' );
insert into Aggregation ( AGGREGATION, VERSIONID, AGGREGATIONSET, AGGREGATIONGROUP, REAGGREGATIONSET, REAGGREGATIONGROUP, GROUPORDER, AGGREGATIONORDER, AGGREGATIONTYPE, AGGREGATIONSCOPE ) values ( 'DC_E_AFG_AGG_PROXY_WEEKBH_AFG', 'DC_E_AFG:((13))', null, null, null, null, null, null, 'DAYBH', 'WEEK' );
insert into Aggregation ( AGGREGATION, VERSIONID, AGGREGATIONSET, AGGREGATIONGROUP, REAGGREGATIONSET, REAGGREGATIONGROUP, GROUPORDER, AGGREGATIONORDER, AGGREGATIONTYPE, AGGREGATIONSCOPE ) values ( 'DC_E_AFG_AGG_PROXY_MONTHBH_AFG', 'DC_E_AFG:((13))', null, null, null, null, null, null, 'DAYBH', 'MONTH' );
insert into Aggregation ( AGGREGATION, VERSIONID, AGGREGATIONSET, AGGREGATIONGROUP, REAGGREGATIONSET, REAGGREGATIONGROUP, GROUPORDER, AGGREGATIONORDER, AGGREGATIONTYPE, AGGREGATIONSCOPE ) values ( 'DC_E_AFG_BOOTSTRAP_FUNC_DAY', 'DC_E_AFG:((13))', null, null, null, null, null, null, 'TOTAL', 'DAY' );
insert into Aggregation ( AGGREGATION, VERSIONID, AGGREGATIONSET, AGGREGATIONGROUP, REAGGREGATIONSET, REAGGREGATIONGROUP, GROUPORDER, AGGREGATIONORDER, AGGREGATIONTYPE, AGGREGATIONSCOPE ) values ( 'DC_E_AFG_BOOTSTRAP_FUNC_DAYBH_AFG', 'DC_E_AFG:((13))', null, null, null, null, null, null, 'DAYBH', 'DAY' );
insert into Aggregation ( AGGREGATION, VERSIONID, AGGREGATIONSET, AGGREGATIONGROUP, REAGGREGATIONSET, REAGGREGATIONGROUP, GROUPORDER, AGGREGATIONORDER, AGGREGATIONTYPE, AGGREGATIONSCOPE ) values ( 'DC_E_AFG_BOOTSTRAP_FUNC_WEEKBH_AFG', 'DC_E_AFG:((13))', null, null, null, null, null, null, 'DAYBH', 'WEEK' );
insert into Aggregation ( AGGREGATION, VERSIONID, AGGREGATIONSET, AGGREGATIONGROUP, REAGGREGATIONSET, REAGGREGATIONGROUP, GROUPORDER, AGGREGATIONORDER, AGGREGATIONTYPE, AGGREGATIONSCOPE ) values ( 'DC_E_AFG_BOOTSTRAP_FUNC_MONTHBH_AFG', 'DC_E_AFG:((13))', null, null, null, null, null, null, 'DAYBH', 'MONTH' );
insert into Aggregation ( AGGREGATION, VERSIONID, AGGREGATIONSET, AGGREGATIONGROUP, REAGGREGATIONSET, REAGGREGATIONGROUP, GROUPORDER, AGGREGATIONORDER, AGGREGATIONTYPE, AGGREGATIONSCOPE ) values ( 'DC_E_AFG_DIAMETER_DAY', 'DC_E_AFG:((13))', null, null, null, null, null, null, 'TOTAL', 'DAY' );
insert into Aggregation ( AGGREGATION, VERSIONID, AGGREGATIONSET, AGGREGATIONGROUP, REAGGREGATIONSET, REAGGREGATIONGROUP, GROUPORDER, AGGREGATIONORDER, AGGREGATIONTYPE, AGGREGATIONSCOPE ) values ( 'DC_E_AFG_DIAMETER_DAYBH_AFG', 'DC_E_AFG:((13))', null, null, null, null, null, null, 'DAYBH', 'DAY' );
insert into Aggregation ( AGGREGATION, VERSIONID, AGGREGATIONSET, AGGREGATIONGROUP, REAGGREGATIONSET, REAGGREGATIONGROUP, GROUPORDER, AGGREGATIONORDER, AGGREGATIONTYPE, AGGREGATIONSCOPE ) values ( 'DC_E_AFG_DIAMETER_WEEKBH_AFG', 'DC_E_AFG:((13))', null, null, null, null, null, null, 'DAYBH', 'WEEK' );
insert into Aggregation ( AGGREGATION, VERSIONID, AGGREGATIONSET, AGGREGATIONGROUP, REAGGREGATIONSET, REAGGREGATIONGROUP, GROUPORDER, AGGREGATIONORDER, AGGREGATIONTYPE, AGGREGATIONSCOPE ) values ( 'DC_E_AFG_DIAMETER_MONTHBH_AFG', 'DC_E_AFG:((13))', null, null, null, null, null, null, 'DAYBH', 'MONTH' );
insert into Aggregation ( AGGREGATION, VERSIONID, AGGREGATIONSET, AGGREGATIONGROUP, REAGGREGATIONSET, REAGGREGATIONGROUP, GROUPORDER, AGGREGATIONORDER, AGGREGATIONTYPE, AGGREGATIONSCOPE ) values ( 'DC_E_AFG_OPENID_CONN_DAY', 'DC_E_AFG:((13))', null, null, null, null, null, null, 'TOTAL', 'DAY' );
insert into Aggregation ( AGGREGATION, VERSIONID, AGGREGATIONSET, AGGREGATIONGROUP, REAGGREGATIONSET, REAGGREGATIONGROUP, GROUPORDER, AGGREGATIONORDER, AGGREGATIONTYPE, AGGREGATIONSCOPE ) values ( 'DC_E_AFG_OPENID_CONN_DAYBH_AFG', 'DC_E_AFG:((13))', null, null, null, null, null, null, 'DAYBH', 'DAY' );
insert into Aggregation ( AGGREGATION, VERSIONID, AGGREGATIONSET, AGGREGATIONGROUP, REAGGREGATIONSET, REAGGREGATIONGROUP, GROUPORDER, AGGREGATIONORDER, AGGREGATIONTYPE, AGGREGATIONSCOPE ) values ( 'DC_E_AFG_OPENID_CONN_WEEKBH_AFG', 'DC_E_AFG:((13))', null, null, null, null, null, null, 'DAYBH', 'WEEK' );
insert into Aggregation ( AGGREGATION, VERSIONID, AGGREGATIONSET, AGGREGATIONGROUP, REAGGREGATIONSET, REAGGREGATIONGROUP, GROUPORDER, AGGREGATIONORDER, AGGREGATIONTYPE, AGGREGATIONSCOPE ) values ( 'DC_E_AFG_OPENID_CONN_MONTHBH_AFG', 'DC_E_AFG:((13))', null, null, null, null, null, null, 'DAYBH', 'MONTH' );
insert into Aggregation ( AGGREGATION, VERSIONID, AGGREGATIONSET, AGGREGATIONGROUP, REAGGREGATIONSET, REAGGREGATIONGROUP, GROUPORDER, AGGREGATIONORDER, AGGREGATIONTYPE, AGGREGATIONSCOPE ) values ( 'DC_E_AFG_TRUSTEDPROXY_DAY', 'DC_E_AFG:((13))', null, null, null, null, null, null, 'TOTAL', 'DAY' );
insert into Aggregation ( AGGREGATION, VERSIONID, AGGREGATIONSET, AGGREGATIONGROUP, REAGGREGATIONSET, REAGGREGATIONGROUP, GROUPORDER, AGGREGATIONORDER, AGGREGATIONTYPE, AGGREGATIONSCOPE ) values ( 'DC_E_AFG_TRUSTEDPROXY_DAYBH_AFG', 'DC_E_AFG:((13))', null, null, null, null, null, null, 'DAYBH', 'DAY' );
insert into Aggregation ( AGGREGATION, VERSIONID, AGGREGATIONSET, AGGREGATIONGROUP, REAGGREGATIONSET, REAGGREGATIONGROUP, GROUPORDER, AGGREGATIONORDER, AGGREGATIONTYPE, AGGREGATIONSCOPE ) values ( 'DC_E_AFG_TRUSTEDPROXY_WEEKBH_AFG', 'DC_E_AFG:((13))', null, null, null, null, null, null, 'DAYBH', 'WEEK' );
insert into Aggregation ( AGGREGATION, VERSIONID, AGGREGATIONSET, AGGREGATIONGROUP, REAGGREGATIONSET, REAGGREGATIONGROUP, GROUPORDER, AGGREGATIONORDER, AGGREGATIONTYPE, AGGREGATIONSCOPE ) values ( 'DC_E_AFG_TRUSTEDPROXY_MONTHBH_AFG', 'DC_E_AFG:((13))', null, null, null, null, null, null, 'DAYBH', 'MONTH' );
insert into Aggregation ( AGGREGATION, VERSIONID, AGGREGATIONSET, AGGREGATIONGROUP, REAGGREGATIONSET, REAGGREGATIONGROUP, GROUPORDER, AGGREGATIONORDER, AGGREGATIONTYPE, AGGREGATIONSCOPE ) values ( 'DC_E_AFG_VIRTUAL_GATEWAY_DAY', 'DC_E_AFG:((13))', null, null, null, null, null, null, 'TOTAL', 'DAY' );
insert into Aggregation ( AGGREGATION, VERSIONID, AGGREGATIONSET, AGGREGATIONGROUP, REAGGREGATIONSET, REAGGREGATIONGROUP, GROUPORDER, AGGREGATIONORDER, AGGREGATIONTYPE, AGGREGATIONSCOPE ) values ( 'DC_E_AFG_VIRTUAL_GATEWAY_DAYBH_AFG', 'DC_E_AFG:((13))', null, null, null, null, null, null, 'DAYBH', 'DAY' );
insert into Aggregation ( AGGREGATION, VERSIONID, AGGREGATIONSET, AGGREGATIONGROUP, REAGGREGATIONSET, REAGGREGATIONGROUP, GROUPORDER, AGGREGATIONORDER, AGGREGATIONTYPE, AGGREGATIONSCOPE ) values ( 'DC_E_AFG_VIRTUAL_GATEWAY_WEEKBH_AFG', 'DC_E_AFG:((13))', null, null, null, null, null, null, 'DAYBH', 'WEEK' );
insert into Aggregation ( AGGREGATION, VERSIONID, AGGREGATIONSET, AGGREGATIONGROUP, REAGGREGATIONSET, REAGGREGATIONGROUP, GROUPORDER, AGGREGATIONORDER, AGGREGATIONTYPE, AGGREGATIONSCOPE ) values ( 'DC_E_AFG_VIRTUAL_GATEWAY_MONTHBH_AFG', 'DC_E_AFG:((13))', null, null, null, null, null, null, 'DAYBH', 'MONTH' );
insert into Aggregation ( AGGREGATION, VERSIONID, AGGREGATIONSET, AGGREGATIONGROUP, REAGGREGATIONSET, REAGGREGATIONGROUP, GROUPORDER, AGGREGATIONORDER, AGGREGATIONTYPE, AGGREGATIONSCOPE ) values ( 'DC_E_AFG_SYSTEM_DAY', 'DC_E_AFG:((13))', null, null, null, null, null, null, 'TOTAL', 'DAY' );
insert into Aggregation ( AGGREGATION, VERSIONID, AGGREGATIONSET, AGGREGATIONGROUP, REAGGREGATIONSET, REAGGREGATIONGROUP, GROUPORDER, AGGREGATIONORDER, AGGREGATIONTYPE, AGGREGATIONSCOPE ) values ( 'DC_E_AFG_SYSTEM_DAYBH_AFG', 'DC_E_AFG:((13))', null, null, null, null, null, null, 'DAYBH', 'DAY' );
insert into Aggregation ( AGGREGATION, VERSIONID, AGGREGATIONSET, AGGREGATIONGROUP, REAGGREGATIONSET, REAGGREGATIONGROUP, GROUPORDER, AGGREGATIONORDER, AGGREGATIONTYPE, AGGREGATIONSCOPE ) values ( 'DC_E_AFG_SYSTEM_WEEKBH_AFG', 'DC_E_AFG:((13))', null, null, null, null, null, null, 'DAYBH', 'WEEK' );
insert into Aggregation ( AGGREGATION, VERSIONID, AGGREGATIONSET, AGGREGATIONGROUP, REAGGREGATIONSET, REAGGREGATIONGROUP, GROUPORDER, AGGREGATIONORDER, AGGREGATIONTYPE, AGGREGATIONSCOPE ) values ( 'DC_E_AFG_SYSTEM_MONTHBH_AFG', 'DC_E_AFG:((13))', null, null, null, null, null, null, 'DAYBH', 'MONTH' );
insert into Aggregation ( AGGREGATION, VERSIONID, AGGREGATIONSET, AGGREGATIONGROUP, REAGGREGATIONSET, REAGGREGATIONGROUP, GROUPORDER, AGGREGATIONORDER, AGGREGATIONTYPE, AGGREGATIONSCOPE ) values ( 'DC_E_AFG_AFGBH_RANKBH_AFG_CP0', 'DC_E_AFG:((13))', null, null, null, null, null, null, 'RANKBH', 'DAY' );
insert into Aggregation ( AGGREGATION, VERSIONID, AGGREGATIONSET, AGGREGATIONGROUP, REAGGREGATIONSET, REAGGREGATIONGROUP, GROUPORDER, AGGREGATIONORDER, AGGREGATIONTYPE, AGGREGATIONSCOPE ) values ( 'DC_E_AFG_AFGBH_WEEKRANKBH_AFG_CP0', 'DC_E_AFG:((13))', null, null, null, null, null, null, 'RANKBH', 'WEEK' );
insert into Aggregation ( AGGREGATION, VERSIONID, AGGREGATIONSET, AGGREGATIONGROUP, REAGGREGATIONSET, REAGGREGATIONGROUP, GROUPORDER, AGGREGATIONORDER, AGGREGATIONTYPE, AGGREGATIONSCOPE ) values ( 'DC_E_AFG_AFGBH_MONTHRANKBH_AFG_CP0', 'DC_E_AFG:((13))', null, null, null, null, null, null, 'RANKBH', 'MONTH' );
insert into Aggregation ( AGGREGATION, VERSIONID, AGGREGATIONSET, AGGREGATIONGROUP, REAGGREGATIONSET, REAGGREGATIONGROUP, GROUPORDER, AGGREGATIONORDER, AGGREGATIONTYPE, AGGREGATIONSCOPE ) values ( 'DC_E_AFG_AFGBH_RANKBH_AFG_CP1', 'DC_E_AFG:((13))', null, null, null, null, null, null, 'RANKBH', 'DAY' );
insert into Aggregation ( AGGREGATION, VERSIONID, AGGREGATIONSET, AGGREGATIONGROUP, REAGGREGATIONSET, REAGGREGATIONGROUP, GROUPORDER, AGGREGATIONORDER, AGGREGATIONTYPE, AGGREGATIONSCOPE ) values ( 'DC_E_AFG_AFGBH_WEEKRANKBH_AFG_CP1', 'DC_E_AFG:((13))', null, null, null, null, null, null, 'RANKBH', 'WEEK' );
insert into Aggregation ( AGGREGATION, VERSIONID, AGGREGATIONSET, AGGREGATIONGROUP, REAGGREGATIONSET, REAGGREGATIONGROUP, GROUPORDER, AGGREGATIONORDER, AGGREGATIONTYPE, AGGREGATIONSCOPE ) values ( 'DC_E_AFG_AFGBH_MONTHRANKBH_AFG_CP1', 'DC_E_AFG:((13))', null, null, null, null, null, null, 'RANKBH', 'MONTH' );
insert into Aggregation ( AGGREGATION, VERSIONID, AGGREGATIONSET, AGGREGATIONGROUP, REAGGREGATIONSET, REAGGREGATIONGROUP, GROUPORDER, AGGREGATIONORDER, AGGREGATIONTYPE, AGGREGATIONSCOPE ) values ( 'DC_E_AFG_AFGBH_RANKBH_AFG_CP2', 'DC_E_AFG:((13))', null, null, null, null, null, null, 'RANKBH', 'DAY' );
insert into Aggregation ( AGGREGATION, VERSIONID, AGGREGATIONSET, AGGREGATIONGROUP, REAGGREGATIONSET, REAGGREGATIONGROUP, GROUPORDER, AGGREGATIONORDER, AGGREGATIONTYPE, AGGREGATIONSCOPE ) values ( 'DC_E_AFG_AFGBH_WEEKRANKBH_AFG_CP2', 'DC_E_AFG:((13))', null, null, null, null, null, null, 'RANKBH', 'WEEK' );
insert into Aggregation ( AGGREGATION, VERSIONID, AGGREGATIONSET, AGGREGATIONGROUP, REAGGREGATIONSET, REAGGREGATIONGROUP, GROUPORDER, AGGREGATIONORDER, AGGREGATIONTYPE, AGGREGATIONSCOPE ) values ( 'DC_E_AFG_AFGBH_MONTHRANKBH_AFG_CP2', 'DC_E_AFG:((13))', null, null, null, null, null, null, 'RANKBH', 'MONTH' );
insert into Aggregation ( AGGREGATION, VERSIONID, AGGREGATIONSET, AGGREGATIONGROUP, REAGGREGATIONSET, REAGGREGATIONGROUP, GROUPORDER, AGGREGATIONORDER, AGGREGATIONTYPE, AGGREGATIONSCOPE ) values ( 'DC_E_AFG_AFGBH_RANKBH_AFG_CP3', 'DC_E_AFG:((13))', null, null, null, null, null, null, 'RANKBH', 'DAY' );
insert into Aggregation ( AGGREGATION, VERSIONID, AGGREGATIONSET, AGGREGATIONGROUP, REAGGREGATIONSET, REAGGREGATIONGROUP, GROUPORDER, AGGREGATIONORDER, AGGREGATIONTYPE, AGGREGATIONSCOPE ) values ( 'DC_E_AFG_AFGBH_WEEKRANKBH_AFG_CP3', 'DC_E_AFG:((13))', null, null, null, null, null, null, 'RANKBH', 'WEEK' );
insert into Aggregation ( AGGREGATION, VERSIONID, AGGREGATIONSET, AGGREGATIONGROUP, REAGGREGATIONSET, REAGGREGATIONGROUP, GROUPORDER, AGGREGATIONORDER, AGGREGATIONTYPE, AGGREGATIONSCOPE ) values ( 'DC_E_AFG_AFGBH_MONTHRANKBH_AFG_CP3', 'DC_E_AFG:((13))', null, null, null, null, null, null, 'RANKBH', 'MONTH' );
insert into Aggregation ( AGGREGATION, VERSIONID, AGGREGATIONSET, AGGREGATIONGROUP, REAGGREGATIONSET, REAGGREGATIONGROUP, GROUPORDER, AGGREGATIONORDER, AGGREGATIONTYPE, AGGREGATIONSCOPE ) values ( 'DC_E_AFG_AFGBH_RANKBH_AFG_CP4', 'DC_E_AFG:((13))', null, null, null, null, null, null, 'RANKBH', 'DAY' );
insert into Aggregation ( AGGREGATION, VERSIONID, AGGREGATIONSET, AGGREGATIONGROUP, REAGGREGATIONSET, REAGGREGATIONGROUP, GROUPORDER, AGGREGATIONORDER, AGGREGATIONTYPE, AGGREGATIONSCOPE ) values ( 'DC_E_AFG_AFGBH_WEEKRANKBH_AFG_CP4', 'DC_E_AFG:((13))', null, null, null, null, null, null, 'RANKBH', 'WEEK' );
insert into Aggregation ( AGGREGATION, VERSIONID, AGGREGATIONSET, AGGREGATIONGROUP, REAGGREGATIONSET, REAGGREGATIONGROUP, GROUPORDER, AGGREGATIONORDER, AGGREGATIONTYPE, AGGREGATIONSCOPE ) values ( 'DC_E_AFG_AFGBH_MONTHRANKBH_AFG_CP4', 'DC_E_AFG:((13))', null, null, null, null, null, null, 'RANKBH', 'MONTH' );
insert into Aggregation ( AGGREGATION, VERSIONID, AGGREGATIONSET, AGGREGATIONGROUP, REAGGREGATIONSET, REAGGREGATIONGROUP, GROUPORDER, AGGREGATIONORDER, AGGREGATIONTYPE, AGGREGATIONSCOPE ) values ( 'DC_E_AFG_AFGBH_RANKBH_AFG_PP0', 'DC_E_AFG:((13))', null, null, null, null, null, null, 'RANKBH', 'DAY' );
insert into Aggregation ( AGGREGATION, VERSIONID, AGGREGATIONSET, AGGREGATIONGROUP, REAGGREGATIONSET, REAGGREGATIONGROUP, GROUPORDER, AGGREGATIONORDER, AGGREGATIONTYPE, AGGREGATIONSCOPE ) values ( 'DC_E_AFG_AFGBH_WEEKRANKBH_AFG_PP0', 'DC_E_AFG:((13))', null, null, null, null, null, null, 'RANKBH', 'WEEK' );
insert into Aggregation ( AGGREGATION, VERSIONID, AGGREGATIONSET, AGGREGATIONGROUP, REAGGREGATIONSET, REAGGREGATIONGROUP, GROUPORDER, AGGREGATIONORDER, AGGREGATIONTYPE, AGGREGATIONSCOPE ) values ( 'DC_E_AFG_AFGBH_MONTHRANKBH_AFG_PP0', 'DC_E_AFG:((13))', null, null, null, null, null, null, 'RANKBH', 'MONTH' );
insert into Aggregation ( AGGREGATION, VERSIONID, AGGREGATIONSET, AGGREGATIONGROUP, REAGGREGATIONSET, REAGGREGATIONGROUP, GROUPORDER, AGGREGATIONORDER, AGGREGATIONTYPE, AGGREGATIONSCOPE ) values ( 'DC_E_AFG_AFGBH_RANKBH_AFG_PP1', 'DC_E_AFG:((13))', null, null, null, null, null, null, 'RANKBH', 'DAY' );
insert into Aggregation ( AGGREGATION, VERSIONID, AGGREGATIONSET, AGGREGATIONGROUP, REAGGREGATIONSET, REAGGREGATIONGROUP, GROUPORDER, AGGREGATIONORDER, AGGREGATIONTYPE, AGGREGATIONSCOPE ) values ( 'DC_E_AFG_AFGBH_WEEKRANKBH_AFG_PP1', 'DC_E_AFG:((13))', null, null, null, null, null, null, 'RANKBH', 'WEEK' );
insert into Aggregation ( AGGREGATION, VERSIONID, AGGREGATIONSET, AGGREGATIONGROUP, REAGGREGATIONSET, REAGGREGATIONGROUP, GROUPORDER, AGGREGATIONORDER, AGGREGATIONTYPE, AGGREGATIONSCOPE ) values ( 'DC_E_AFG_AFGBH_MONTHRANKBH_AFG_PP1', 'DC_E_AFG:((13))', null, null, null, null, null, null, 'RANKBH', 'MONTH' );
insert into Aggregation ( AGGREGATION, VERSIONID, AGGREGATIONSET, AGGREGATIONGROUP, REAGGREGATIONSET, REAGGREGATIONGROUP, GROUPORDER, AGGREGATIONORDER, AGGREGATIONTYPE, AGGREGATIONSCOPE ) values ( 'DC_E_AFG_AFGBH_RANKBH_AFG_PP2', 'DC_E_AFG:((13))', null, null, null, null, null, null, 'RANKBH', 'DAY' );
insert into Aggregation ( AGGREGATION, VERSIONID, AGGREGATIONSET, AGGREGATIONGROUP, REAGGREGATIONSET, REAGGREGATIONGROUP, GROUPORDER, AGGREGATIONORDER, AGGREGATIONTYPE, AGGREGATIONSCOPE ) values ( 'DC_E_AFG_AFGBH_WEEKRANKBH_AFG_PP2', 'DC_E_AFG:((13))', null, null, null, null, null, null, 'RANKBH', 'WEEK' );
insert into Aggregation ( AGGREGATION, VERSIONID, AGGREGATIONSET, AGGREGATIONGROUP, REAGGREGATIONSET, REAGGREGATIONGROUP, GROUPORDER, AGGREGATIONORDER, AGGREGATIONTYPE, AGGREGATIONSCOPE ) values ( 'DC_E_AFG_AFGBH_MONTHRANKBH_AFG_PP2', 'DC_E_AFG:((13))', null, null, null, null, null, null, 'RANKBH', 'MONTH' );
insert into Aggregation ( AGGREGATION, VERSIONID, AGGREGATIONSET, AGGREGATIONGROUP, REAGGREGATIONSET, REAGGREGATIONGROUP, GROUPORDER, AGGREGATIONORDER, AGGREGATIONTYPE, AGGREGATIONSCOPE ) values ( 'DC_E_AFG_AFGBH_RANKBH_AFG_PP3', 'DC_E_AFG:((13))', null, null, null, null, null, null, 'RANKBH', 'DAY' );
insert into Aggregation ( AGGREGATION, VERSIONID, AGGREGATIONSET, AGGREGATIONGROUP, REAGGREGATIONSET, REAGGREGATIONGROUP, GROUPORDER, AGGREGATIONORDER, AGGREGATIONTYPE, AGGREGATIONSCOPE ) values ( 'DC_E_AFG_AFGBH_WEEKRANKBH_AFG_PP3', 'DC_E_AFG:((13))', null, null, null, null, null, null, 'RANKBH', 'WEEK' );
insert into Aggregation ( AGGREGATION, VERSIONID, AGGREGATIONSET, AGGREGATIONGROUP, REAGGREGATIONSET, REAGGREGATIONGROUP, GROUPORDER, AGGREGATIONORDER, AGGREGATIONTYPE, AGGREGATIONSCOPE ) values ( 'DC_E_AFG_AFGBH_MONTHRANKBH_AFG_PP3', 'DC_E_AFG:((13))', null, null, null, null, null, null, 'RANKBH', 'MONTH' );
insert into Aggregation ( AGGREGATION, VERSIONID, AGGREGATIONSET, AGGREGATIONGROUP, REAGGREGATIONSET, REAGGREGATIONGROUP, GROUPORDER, AGGREGATIONORDER, AGGREGATIONTYPE, AGGREGATIONSCOPE ) values ( 'DC_E_AFG_AFGBH_RANKBH_AFG_PP4', 'DC_E_AFG:((13))', null, null, null, null, null, null, 'RANKBH', 'DAY' );
insert into Aggregation ( AGGREGATION, VERSIONID, AGGREGATIONSET, AGGREGATIONGROUP, REAGGREGATIONSET, REAGGREGATIONGROUP, GROUPORDER, AGGREGATIONORDER, AGGREGATIONTYPE, AGGREGATIONSCOPE ) values ( 'DC_E_AFG_AFGBH_WEEKRANKBH_AFG_PP4', 'DC_E_AFG:((13))', null, null, null, null, null, null, 'RANKBH', 'WEEK' );
insert into Aggregation ( AGGREGATION, VERSIONID, AGGREGATIONSET, AGGREGATIONGROUP, REAGGREGATIONSET, REAGGREGATIONGROUP, GROUPORDER, AGGREGATIONORDER, AGGREGATIONTYPE, AGGREGATIONSCOPE ) values ( 'DC_E_AFG_AFGBH_MONTHRANKBH_AFG_PP4', 'DC_E_AFG:((13))', null, null, null, null, null, null, 'RANKBH', 'MONTH' );
insert into Aggregationrule ( AGGREGATION, VERSIONID, RULEID, TARGET_TYPE, TARGET_LEVEL, TARGET_TABLE, TARGET_MTABLEID, SOURCE_TYPE, SOURCE_LEVEL, SOURCE_TABLE, SOURCE_MTABLEID, RULETYPE, AGGREGATIONSCOPE, BHTYPE, ENABLE ) values ( 'DC_E_AFG_AFGBH_RANKBH_AFG_CP0', 'DC_E_AFG:((13))', 0, 'DC_E_AFG_AFGBH', 'RANKBH', 'DC_E_AFG_AFGBH_RANKBH', 'DC_E_AFG:((13)):DC_E_AFG_AFGBH:RANKBH', '', '', 'DC_E_AFG_AFGBH_RANKBH_AFG_CP0', '', 'RANKBH', 'DAY', 'AFG_CP0', 0 );
insert into Aggregationrule ( AGGREGATION, VERSIONID, RULEID, TARGET_TYPE, TARGET_LEVEL, TARGET_TABLE, TARGET_MTABLEID, SOURCE_TYPE, SOURCE_LEVEL, SOURCE_TABLE, SOURCE_MTABLEID, RULETYPE, AGGREGATIONSCOPE, BHTYPE, ENABLE ) values ( 'DC_E_AFG_AFGBH_RANKBH_AFG_CP1', 'DC_E_AFG:((13))', 0, 'DC_E_AFG_AFGBH', 'RANKBH', 'DC_E_AFG_AFGBH_RANKBH', 'DC_E_AFG:((13)):DC_E_AFG_AFGBH:RANKBH', '', '', 'DC_E_AFG_AFGBH_RANKBH_AFG_CP1', '', 'RANKBH', 'DAY', 'AFG_CP1', 0 );
insert into Aggregationrule ( AGGREGATION, VERSIONID, RULEID, TARGET_TYPE, TARGET_LEVEL, TARGET_TABLE, TARGET_MTABLEID, SOURCE_TYPE, SOURCE_LEVEL, SOURCE_TABLE, SOURCE_MTABLEID, RULETYPE, AGGREGATIONSCOPE, BHTYPE, ENABLE ) values ( 'DC_E_AFG_AFGBH_RANKBH_AFG_CP2', 'DC_E_AFG:((13))', 0, 'DC_E_AFG_AFGBH', 'RANKBH', 'DC_E_AFG_AFGBH_RANKBH', 'DC_E_AFG:((13)):DC_E_AFG_AFGBH:RANKBH', '', '', 'DC_E_AFG_AFGBH_RANKBH_AFG_CP2', '', 'RANKBH', 'DAY', 'AFG_CP2', 0 );
insert into Aggregationrule ( AGGREGATION, VERSIONID, RULEID, TARGET_TYPE, TARGET_LEVEL, TARGET_TABLE, TARGET_MTABLEID, SOURCE_TYPE, SOURCE_LEVEL, SOURCE_TABLE, SOURCE_MTABLEID, RULETYPE, AGGREGATIONSCOPE, BHTYPE, ENABLE ) values ( 'DC_E_AFG_AFGBH_RANKBH_AFG_CP3', 'DC_E_AFG:((13))', 0, 'DC_E_AFG_AFGBH', 'RANKBH', 'DC_E_AFG_AFGBH_RANKBH', 'DC_E_AFG:((13)):DC_E_AFG_AFGBH:RANKBH', '', '', 'DC_E_AFG_AFGBH_RANKBH_AFG_CP3', '', 'RANKBH', 'DAY', 'AFG_CP3', 0 );
insert into Aggregationrule ( AGGREGATION, VERSIONID, RULEID, TARGET_TYPE, TARGET_LEVEL, TARGET_TABLE, TARGET_MTABLEID, SOURCE_TYPE, SOURCE_LEVEL, SOURCE_TABLE, SOURCE_MTABLEID, RULETYPE, AGGREGATIONSCOPE, BHTYPE, ENABLE ) values ( 'DC_E_AFG_AFGBH_RANKBH_AFG_CP4', 'DC_E_AFG:((13))', 0, 'DC_E_AFG_AFGBH', 'RANKBH', 'DC_E_AFG_AFGBH_RANKBH', 'DC_E_AFG:((13)):DC_E_AFG_AFGBH:RANKBH', '', '', 'DC_E_AFG_AFGBH_RANKBH_AFG_CP4', '', 'RANKBH', 'DAY', 'AFG_CP4', 0 );
insert into Aggregationrule ( AGGREGATION, VERSIONID, RULEID, TARGET_TYPE, TARGET_LEVEL, TARGET_TABLE, TARGET_MTABLEID, SOURCE_TYPE, SOURCE_LEVEL, SOURCE_TABLE, SOURCE_MTABLEID, RULETYPE, AGGREGATIONSCOPE, BHTYPE, ENABLE ) values ( 'DC_E_AFG_AFGBH_RANKBH_AFG_PP0', 'DC_E_AFG:((13))', 0, 'DC_E_AFG_AFGBH', 'RANKBH', 'DC_E_AFG_AFGBH_RANKBH', 'DC_E_AFG:((13)):DC_E_AFG_AFGBH:RANKBH', '', '', 'DC_E_AFG_AFGBH_RANKBH_AFG_PP0', '', 'RANKBH', 'DAY', 'AFG_PP0', 0 );
insert into Aggregationrule ( AGGREGATION, VERSIONID, RULEID, TARGET_TYPE, TARGET_LEVEL, TARGET_TABLE, TARGET_MTABLEID, SOURCE_TYPE, SOURCE_LEVEL, SOURCE_TABLE, SOURCE_MTABLEID, RULETYPE, AGGREGATIONSCOPE, BHTYPE, ENABLE ) values ( 'DC_E_AFG_AFGBH_RANKBH_AFG_PP1', 'DC_E_AFG:((13))', 0, 'DC_E_AFG_AFGBH', 'RANKBH', 'DC_E_AFG_AFGBH_RANKBH', 'DC_E_AFG:((13)):DC_E_AFG_AFGBH:RANKBH', '', '', 'DC_E_AFG_AFGBH_RANKBH_AFG_PP1', '', 'RANKBH', 'DAY', 'AFG_PP1', 0 );
insert into Aggregationrule ( AGGREGATION, VERSIONID, RULEID, TARGET_TYPE, TARGET_LEVEL, TARGET_TABLE, TARGET_MTABLEID, SOURCE_TYPE, SOURCE_LEVEL, SOURCE_TABLE, SOURCE_MTABLEID, RULETYPE, AGGREGATIONSCOPE, BHTYPE, ENABLE ) values ( 'DC_E_AFG_AFGBH_RANKBH_AFG_PP2', 'DC_E_AFG:((13))', 0, 'DC_E_AFG_AFGBH', 'RANKBH', 'DC_E_AFG_AFGBH_RANKBH', 'DC_E_AFG:((13)):DC_E_AFG_AFGBH:RANKBH', '', '', 'DC_E_AFG_AFGBH_RANKBH_AFG_PP2', '', 'RANKBH', 'DAY', 'AFG_PP2', 0 );
insert into Aggregationrule ( AGGREGATION, VERSIONID, RULEID, TARGET_TYPE, TARGET_LEVEL, TARGET_TABLE, TARGET_MTABLEID, SOURCE_TYPE, SOURCE_LEVEL, SOURCE_TABLE, SOURCE_MTABLEID, RULETYPE, AGGREGATIONSCOPE, BHTYPE, ENABLE ) values ( 'DC_E_AFG_AFGBH_RANKBH_AFG_PP3', 'DC_E_AFG:((13))', 0, 'DC_E_AFG_AFGBH', 'RANKBH', 'DC_E_AFG_AFGBH_RANKBH', 'DC_E_AFG:((13)):DC_E_AFG_AFGBH:RANKBH', '', '', 'DC_E_AFG_AFGBH_RANKBH_AFG_PP3', '', 'RANKBH', 'DAY', 'AFG_PP3', 0 );
insert into Aggregationrule ( AGGREGATION, VERSIONID, RULEID, TARGET_TYPE, TARGET_LEVEL, TARGET_TABLE, TARGET_MTABLEID, SOURCE_TYPE, SOURCE_LEVEL, SOURCE_TABLE, SOURCE_MTABLEID, RULETYPE, AGGREGATIONSCOPE, BHTYPE, ENABLE ) values ( 'DC_E_AFG_AFGBH_RANKBH_AFG_PP4', 'DC_E_AFG:((13))', 0, 'DC_E_AFG_AFGBH', 'RANKBH', 'DC_E_AFG_AFGBH_RANKBH', 'DC_E_AFG:((13)):DC_E_AFG_AFGBH:RANKBH', '', '', 'DC_E_AFG_AFGBH_RANKBH_AFG_PP4', '', 'RANKBH', 'DAY', 'AFG_PP4', 0 );
insert into Aggregationrule ( AGGREGATION, VERSIONID, RULEID, TARGET_TYPE, TARGET_LEVEL, TARGET_TABLE, TARGET_MTABLEID, SOURCE_TYPE, SOURCE_LEVEL, SOURCE_TABLE, SOURCE_MTABLEID, RULETYPE, AGGREGATIONSCOPE, BHTYPE, ENABLE ) values ( 'DC_E_AFG_AGG_PROXY_DAY', 'DC_E_AFG:((13))', 0, 'DC_E_AFG_AGG_PROXY', 'DAY', 'DC_E_AFG_AGG_PROXY_DAY', 'DC_E_AFG:((13)):DC_E_AFG_AGG_PROXY:DAY', 'DC_E_AFG_AGG_PROXY', 'RAW', 'DC_E_AFG_AGG_PROXY_RAW', 'DC_E_AFG:((13)):DC_E_AFG_AGG_PROXY:RAW', 'TOTAL', 'DAY', null, null );
insert into Aggregationrule ( AGGREGATION, VERSIONID, RULEID, TARGET_TYPE, TARGET_LEVEL, TARGET_TABLE, TARGET_MTABLEID, SOURCE_TYPE, SOURCE_LEVEL, SOURCE_TABLE, SOURCE_MTABLEID, RULETYPE, AGGREGATIONSCOPE, BHTYPE, ENABLE ) values ( 'DC_E_AFG_BOOTSTRAP_FUNC_DAY', 'DC_E_AFG:((13))', 0, 'DC_E_AFG_BOOTSTRAP_FUNC', 'DAY', 'DC_E_AFG_BOOTSTRAP_FUNC_DAY', 'DC_E_AFG:((13)):DC_E_AFG_BOOTSTRAP_FUNC:DAY', 'DC_E_AFG_BOOTSTRAP_FUNC', 'RAW', 'DC_E_AFG_BOOTSTRAP_FUNC_RAW', 'DC_E_AFG:((13)):DC_E_AFG_BOOTSTRAP_FUNC:RAW', 'TOTAL', 'DAY', null, null );
insert into Aggregationrule ( AGGREGATION, VERSIONID, RULEID, TARGET_TYPE, TARGET_LEVEL, TARGET_TABLE, TARGET_MTABLEID, SOURCE_TYPE, SOURCE_LEVEL, SOURCE_TABLE, SOURCE_MTABLEID, RULETYPE, AGGREGATIONSCOPE, BHTYPE, ENABLE ) values ( 'DC_E_AFG_DIAMETER_DAY', 'DC_E_AFG:((13))', 0, 'DC_E_AFG_DIAMETER', 'DAY', 'DC_E_AFG_DIAMETER_DAY', 'DC_E_AFG:((13)):DC_E_AFG_DIAMETER:DAY', 'DC_E_AFG_DIAMETER', 'RAW', 'DC_E_AFG_DIAMETER_RAW', 'DC_E_AFG:((13)):DC_E_AFG_DIAMETER:RAW', 'TOTAL', 'DAY', null, null );
insert into Aggregationrule ( AGGREGATION, VERSIONID, RULEID, TARGET_TYPE, TARGET_LEVEL, TARGET_TABLE, TARGET_MTABLEID, SOURCE_TYPE, SOURCE_LEVEL, SOURCE_TABLE, SOURCE_MTABLEID, RULETYPE, AGGREGATIONSCOPE, BHTYPE, ENABLE ) values ( 'DC_E_AFG_OPENID_CONN_DAY', 'DC_E_AFG:((13))', 0, 'DC_E_AFG_OPENID_CONN', 'DAY', 'DC_E_AFG_OPENID_CONN_DAY', 'DC_E_AFG:((13)):DC_E_AFG_OPENID_CONN:DAY', 'DC_E_AFG_OPENID_CONN', 'RAW', 'DC_E_AFG_OPENID_CONN_RAW', 'DC_E_AFG:((13)):DC_E_AFG_OPENID_CONN:RAW', 'TOTAL', 'DAY', null, null );
insert into Aggregationrule ( AGGREGATION, VERSIONID, RULEID, TARGET_TYPE, TARGET_LEVEL, TARGET_TABLE, TARGET_MTABLEID, SOURCE_TYPE, SOURCE_LEVEL, SOURCE_TABLE, SOURCE_MTABLEID, RULETYPE, AGGREGATIONSCOPE, BHTYPE, ENABLE ) values ( 'DC_E_AFG_SYSTEM_DAY', 'DC_E_AFG:((13))', 0, 'DC_E_AFG_SYSTEM', 'DAY', 'DC_E_AFG_SYSTEM_DAY', 'DC_E_AFG:((13)):DC_E_AFG_SYSTEM:DAY', 'DC_E_AFG_SYSTEM', 'RAW', 'DC_E_AFG_SYSTEM_RAW', 'DC_E_AFG:((13)):DC_E_AFG_SYSTEM:RAW', 'TOTAL', 'DAY', null, null );
insert into Aggregationrule ( AGGREGATION, VERSIONID, RULEID, TARGET_TYPE, TARGET_LEVEL, TARGET_TABLE, TARGET_MTABLEID, SOURCE_TYPE, SOURCE_LEVEL, SOURCE_TABLE, SOURCE_MTABLEID, RULETYPE, AGGREGATIONSCOPE, BHTYPE, ENABLE ) values ( 'DC_E_AFG_TRUSTEDPROXY_DAY', 'DC_E_AFG:((13))', 0, 'DC_E_AFG_TRUSTEDPROXY', 'DAY', 'DC_E_AFG_TRUSTEDPROXY_DAY', 'DC_E_AFG:((13)):DC_E_AFG_TRUSTEDPROXY:DAY', 'DC_E_AFG_TRUSTEDPROXY', 'RAW', 'DC_E_AFG_TRUSTEDPROXY_RAW', 'DC_E_AFG:((13)):DC_E_AFG_TRUSTEDPROXY:RAW', 'TOTAL', 'DAY', null, null );
insert into Aggregationrule ( AGGREGATION, VERSIONID, RULEID, TARGET_TYPE, TARGET_LEVEL, TARGET_TABLE, TARGET_MTABLEID, SOURCE_TYPE, SOURCE_LEVEL, SOURCE_TABLE, SOURCE_MTABLEID, RULETYPE, AGGREGATIONSCOPE, BHTYPE, ENABLE ) values ( 'DC_E_AFG_VIRTUAL_GATEWAY_DAY', 'DC_E_AFG:((13))', 0, 'DC_E_AFG_VIRTUAL_GATEWAY', 'DAY', 'DC_E_AFG_VIRTUAL_GATEWAY_DAY', 'DC_E_AFG:((13)):DC_E_AFG_VIRTUAL_GATEWAY:DAY', 'DC_E_AFG_VIRTUAL_GATEWAY', 'RAW', 'DC_E_AFG_VIRTUAL_GATEWAY_RAW', 'DC_E_AFG:((13)):DC_E_AFG_VIRTUAL_GATEWAY:RAW', 'TOTAL', 'DAY', null, null );
insert into Aggregationrule ( AGGREGATION, VERSIONID, RULEID, TARGET_TYPE, TARGET_LEVEL, TARGET_TABLE, TARGET_MTABLEID, SOURCE_TYPE, SOURCE_LEVEL, SOURCE_TABLE, SOURCE_MTABLEID, RULETYPE, AGGREGATIONSCOPE, BHTYPE, ENABLE ) values ( 'DC_E_AFG_AFGBH_WEEKRANKBH_AFG_CP0', 'DC_E_AFG:((13))', 1, 'DC_E_AFG_AFGBH', 'RANKBH', 'DC_E_AFG_AFGBH_RANKBH', 'DC_E_AFG:((13)):DC_E_AFG_AFGBH:RANKBH', 'DC_E_AFG_AFGBH', 'RANKBH', 'DC_E_AFG_AFGBH_RANKBH', 'DC_E_AFG:((13)):DC_E_AFG_AFGBH:RANKBH', 'RANKBHCLASS', 'WEEK', 'AFG_CP0', 0 );
insert into Aggregationrule ( AGGREGATION, VERSIONID, RULEID, TARGET_TYPE, TARGET_LEVEL, TARGET_TABLE, TARGET_MTABLEID, SOURCE_TYPE, SOURCE_LEVEL, SOURCE_TABLE, SOURCE_MTABLEID, RULETYPE, AGGREGATIONSCOPE, BHTYPE, ENABLE ) values ( 'DC_E_AFG_AFGBH_WEEKRANKBH_AFG_CP1', 'DC_E_AFG:((13))', 1, 'DC_E_AFG_AFGBH', 'RANKBH', 'DC_E_AFG_AFGBH_RANKBH', 'DC_E_AFG:((13)):DC_E_AFG_AFGBH:RANKBH', 'DC_E_AFG_AFGBH', 'RANKBH', 'DC_E_AFG_AFGBH_RANKBH', 'DC_E_AFG:((13)):DC_E_AFG_AFGBH:RANKBH', 'RANKBHCLASS', 'WEEK', 'AFG_CP1', 0 );
insert into Aggregationrule ( AGGREGATION, VERSIONID, RULEID, TARGET_TYPE, TARGET_LEVEL, TARGET_TABLE, TARGET_MTABLEID, SOURCE_TYPE, SOURCE_LEVEL, SOURCE_TABLE, SOURCE_MTABLEID, RULETYPE, AGGREGATIONSCOPE, BHTYPE, ENABLE ) values ( 'DC_E_AFG_AFGBH_WEEKRANKBH_AFG_CP2', 'DC_E_AFG:((13))', 1, 'DC_E_AFG_AFGBH', 'RANKBH', 'DC_E_AFG_AFGBH_RANKBH', 'DC_E_AFG:((13)):DC_E_AFG_AFGBH:RANKBH', 'DC_E_AFG_AFGBH', 'RANKBH', 'DC_E_AFG_AFGBH_RANKBH', 'DC_E_AFG:((13)):DC_E_AFG_AFGBH:RANKBH', 'RANKBHCLASS', 'WEEK', 'AFG_CP2', 0 );
insert into Aggregationrule ( AGGREGATION, VERSIONID, RULEID, TARGET_TYPE, TARGET_LEVEL, TARGET_TABLE, TARGET_MTABLEID, SOURCE_TYPE, SOURCE_LEVEL, SOURCE_TABLE, SOURCE_MTABLEID, RULETYPE, AGGREGATIONSCOPE, BHTYPE, ENABLE ) values ( 'DC_E_AFG_AFGBH_WEEKRANKBH_AFG_CP3', 'DC_E_AFG:((13))', 1, 'DC_E_AFG_AFGBH', 'RANKBH', 'DC_E_AFG_AFGBH_RANKBH', 'DC_E_AFG:((13)):DC_E_AFG_AFGBH:RANKBH', 'DC_E_AFG_AFGBH', 'RANKBH', 'DC_E_AFG_AFGBH_RANKBH', 'DC_E_AFG:((13)):DC_E_AFG_AFGBH:RANKBH', 'RANKBHCLASS', 'WEEK', 'AFG_CP3', 0 );
insert into Aggregationrule ( AGGREGATION, VERSIONID, RULEID, TARGET_TYPE, TARGET_LEVEL, TARGET_TABLE, TARGET_MTABLEID, SOURCE_TYPE, SOURCE_LEVEL, SOURCE_TABLE, SOURCE_MTABLEID, RULETYPE, AGGREGATIONSCOPE, BHTYPE, ENABLE ) values ( 'DC_E_AFG_AFGBH_WEEKRANKBH_AFG_CP4', 'DC_E_AFG:((13))', 1, 'DC_E_AFG_AFGBH', 'RANKBH', 'DC_E_AFG_AFGBH_RANKBH', 'DC_E_AFG:((13)):DC_E_AFG_AFGBH:RANKBH', 'DC_E_AFG_AFGBH', 'RANKBH', 'DC_E_AFG_AFGBH_RANKBH', 'DC_E_AFG:((13)):DC_E_AFG_AFGBH:RANKBH', 'RANKBHCLASS', 'WEEK', 'AFG_CP4', 0 );
insert into Aggregationrule ( AGGREGATION, VERSIONID, RULEID, TARGET_TYPE, TARGET_LEVEL, TARGET_TABLE, TARGET_MTABLEID, SOURCE_TYPE, SOURCE_LEVEL, SOURCE_TABLE, SOURCE_MTABLEID, RULETYPE, AGGREGATIONSCOPE, BHTYPE, ENABLE ) values ( 'DC_E_AFG_AFGBH_WEEKRANKBH_AFG_PP0', 'DC_E_AFG:((13))', 1, 'DC_E_AFG_AFGBH', 'RANKBH', 'DC_E_AFG_AFGBH_RANKBH', 'DC_E_AFG:((13)):DC_E_AFG_AFGBH:RANKBH', 'DC_E_AFG_AFGBH', 'RANKBH', 'DC_E_AFG_AFGBH_RANKBH', 'DC_E_AFG:((13)):DC_E_AFG_AFGBH:RANKBH', 'RANKBHCLASS', 'WEEK', 'AFG_PP0', 0 );
insert into Aggregationrule ( AGGREGATION, VERSIONID, RULEID, TARGET_TYPE, TARGET_LEVEL, TARGET_TABLE, TARGET_MTABLEID, SOURCE_TYPE, SOURCE_LEVEL, SOURCE_TABLE, SOURCE_MTABLEID, RULETYPE, AGGREGATIONSCOPE, BHTYPE, ENABLE ) values ( 'DC_E_AFG_AFGBH_WEEKRANKBH_AFG_PP1', 'DC_E_AFG:((13))', 1, 'DC_E_AFG_AFGBH', 'RANKBH', 'DC_E_AFG_AFGBH_RANKBH', 'DC_E_AFG:((13)):DC_E_AFG_AFGBH:RANKBH', 'DC_E_AFG_AFGBH', 'RANKBH', 'DC_E_AFG_AFGBH_RANKBH', 'DC_E_AFG:((13)):DC_E_AFG_AFGBH:RANKBH', 'RANKBHCLASS', 'WEEK', 'AFG_PP1', 0 );
insert into Aggregationrule ( AGGREGATION, VERSIONID, RULEID, TARGET_TYPE, TARGET_LEVEL, TARGET_TABLE, TARGET_MTABLEID, SOURCE_TYPE, SOURCE_LEVEL, SOURCE_TABLE, SOURCE_MTABLEID, RULETYPE, AGGREGATIONSCOPE, BHTYPE, ENABLE ) values ( 'DC_E_AFG_AFGBH_WEEKRANKBH_AFG_PP2', 'DC_E_AFG:((13))', 1, 'DC_E_AFG_AFGBH', 'RANKBH', 'DC_E_AFG_AFGBH_RANKBH', 'DC_E_AFG:((13)):DC_E_AFG_AFGBH:RANKBH', 'DC_E_AFG_AFGBH', 'RANKBH', 'DC_E_AFG_AFGBH_RANKBH', 'DC_E_AFG:((13)):DC_E_AFG_AFGBH:RANKBH', 'RANKBHCLASS', 'WEEK', 'AFG_PP2', 0 );
insert into Aggregationrule ( AGGREGATION, VERSIONID, RULEID, TARGET_TYPE, TARGET_LEVEL, TARGET_TABLE, TARGET_MTABLEID, SOURCE_TYPE, SOURCE_LEVEL, SOURCE_TABLE, SOURCE_MTABLEID, RULETYPE, AGGREGATIONSCOPE, BHTYPE, ENABLE ) values ( 'DC_E_AFG_AFGBH_WEEKRANKBH_AFG_PP3', 'DC_E_AFG:((13))', 1, 'DC_E_AFG_AFGBH', 'RANKBH', 'DC_E_AFG_AFGBH_RANKBH', 'DC_E_AFG:((13)):DC_E_AFG_AFGBH:RANKBH', 'DC_E_AFG_AFGBH', 'RANKBH', 'DC_E_AFG_AFGBH_RANKBH', 'DC_E_AFG:((13)):DC_E_AFG_AFGBH:RANKBH', 'RANKBHCLASS', 'WEEK', 'AFG_PP3', 0 );
insert into Aggregationrule ( AGGREGATION, VERSIONID, RULEID, TARGET_TYPE, TARGET_LEVEL, TARGET_TABLE, TARGET_MTABLEID, SOURCE_TYPE, SOURCE_LEVEL, SOURCE_TABLE, SOURCE_MTABLEID, RULETYPE, AGGREGATIONSCOPE, BHTYPE, ENABLE ) values ( 'DC_E_AFG_AFGBH_WEEKRANKBH_AFG_PP4', 'DC_E_AFG:((13))', 1, 'DC_E_AFG_AFGBH', 'RANKBH', 'DC_E_AFG_AFGBH_RANKBH', 'DC_E_AFG:((13)):DC_E_AFG_AFGBH:RANKBH', 'DC_E_AFG_AFGBH', 'RANKBH', 'DC_E_AFG_AFGBH_RANKBH', 'DC_E_AFG:((13)):DC_E_AFG_AFGBH:RANKBH', 'RANKBHCLASS', 'WEEK', 'AFG_PP4', 0 );
insert into Aggregationrule ( AGGREGATION, VERSIONID, RULEID, TARGET_TYPE, TARGET_LEVEL, TARGET_TABLE, TARGET_MTABLEID, SOURCE_TYPE, SOURCE_LEVEL, SOURCE_TABLE, SOURCE_MTABLEID, RULETYPE, AGGREGATIONSCOPE, BHTYPE, ENABLE ) values ( 'DC_E_AFG_AGG_PROXY_DAYBH_AFG', 'DC_E_AFG:((13))', 1, 'DC_E_AFG_AGG_PROXY', 'DAYBH', 'DC_E_AFG_AGG_PROXY_DAYBH', 'DC_E_AFG:((13)):DC_E_AFG_AGG_PROXY:DAYBH', 'DC_E_AFG_AGG_PROXY', 'RAW', 'DC_E_AFG_AGG_PROXY_RAW', 'DC_E_AFG:((13)):DC_E_AFG_AGG_PROXY:RAW', 'BHSRC', 'DAY', null, null );
insert into Aggregationrule ( AGGREGATION, VERSIONID, RULEID, TARGET_TYPE, TARGET_LEVEL, TARGET_TABLE, TARGET_MTABLEID, SOURCE_TYPE, SOURCE_LEVEL, SOURCE_TABLE, SOURCE_MTABLEID, RULETYPE, AGGREGATIONSCOPE, BHTYPE, ENABLE ) values ( 'DC_E_AFG_BOOTSTRAP_FUNC_DAYBH_AFG', 'DC_E_AFG:((13))', 1, 'DC_E_AFG_BOOTSTRAP_FUNC', 'DAYBH', 'DC_E_AFG_BOOTSTRAP_FUNC_DAYBH', 'DC_E_AFG:((13)):DC_E_AFG_BOOTSTRAP_FUNC:DAYBH', 'DC_E_AFG_BOOTSTRAP_FUNC', 'RAW', 'DC_E_AFG_BOOTSTRAP_FUNC_RAW', 'DC_E_AFG:((13)):DC_E_AFG_BOOTSTRAP_FUNC:RAW', 'BHSRC', 'DAY', null, null );
insert into Aggregationrule ( AGGREGATION, VERSIONID, RULEID, TARGET_TYPE, TARGET_LEVEL, TARGET_TABLE, TARGET_MTABLEID, SOURCE_TYPE, SOURCE_LEVEL, SOURCE_TABLE, SOURCE_MTABLEID, RULETYPE, AGGREGATIONSCOPE, BHTYPE, ENABLE ) values ( 'DC_E_AFG_DIAMETER_DAYBH_AFG', 'DC_E_AFG:((13))', 1, 'DC_E_AFG_DIAMETER', 'DAYBH', 'DC_E_AFG_DIAMETER_DAYBH', 'DC_E_AFG:((13)):DC_E_AFG_DIAMETER:DAYBH', 'DC_E_AFG_DIAMETER', 'RAW', 'DC_E_AFG_DIAMETER_RAW', 'DC_E_AFG:((13)):DC_E_AFG_DIAMETER:RAW', 'BHSRC', 'DAY', null, null );
insert into Aggregationrule ( AGGREGATION, VERSIONID, RULEID, TARGET_TYPE, TARGET_LEVEL, TARGET_TABLE, TARGET_MTABLEID, SOURCE_TYPE, SOURCE_LEVEL, SOURCE_TABLE, SOURCE_MTABLEID, RULETYPE, AGGREGATIONSCOPE, BHTYPE, ENABLE ) values ( 'DC_E_AFG_OPENID_CONN_DAYBH_AFG', 'DC_E_AFG:((13))', 1, 'DC_E_AFG_OPENID_CONN', 'DAYBH', 'DC_E_AFG_OPENID_CONN_DAYBH', 'DC_E_AFG:((13)):DC_E_AFG_OPENID_CONN:DAYBH', 'DC_E_AFG_OPENID_CONN', 'RAW', 'DC_E_AFG_OPENID_CONN_RAW', 'DC_E_AFG:((13)):DC_E_AFG_OPENID_CONN:RAW', 'BHSRC', 'DAY', null, null );
insert into Aggregationrule ( AGGREGATION, VERSIONID, RULEID, TARGET_TYPE, TARGET_LEVEL, TARGET_TABLE, TARGET_MTABLEID, SOURCE_TYPE, SOURCE_LEVEL, SOURCE_TABLE, SOURCE_MTABLEID, RULETYPE, AGGREGATIONSCOPE, BHTYPE, ENABLE ) values ( 'DC_E_AFG_SYSTEM_DAYBH_AFG', 'DC_E_AFG:((13))', 1, 'DC_E_AFG_SYSTEM', 'DAYBH', 'DC_E_AFG_SYSTEM_DAYBH', 'DC_E_AFG:((13)):DC_E_AFG_SYSTEM:DAYBH', 'DC_E_AFG_SYSTEM', 'RAW', 'DC_E_AFG_SYSTEM_RAW', 'DC_E_AFG:((13)):DC_E_AFG_SYSTEM:RAW', 'BHSRC', 'DAY', null, null );
insert into Aggregationrule ( AGGREGATION, VERSIONID, RULEID, TARGET_TYPE, TARGET_LEVEL, TARGET_TABLE, TARGET_MTABLEID, SOURCE_TYPE, SOURCE_LEVEL, SOURCE_TABLE, SOURCE_MTABLEID, RULETYPE, AGGREGATIONSCOPE, BHTYPE, ENABLE ) values ( 'DC_E_AFG_TRUSTEDPROXY_DAYBH_AFG', 'DC_E_AFG:((13))', 1, 'DC_E_AFG_TRUSTEDPROXY', 'DAYBH', 'DC_E_AFG_TRUSTEDPROXY_DAYBH', 'DC_E_AFG:((13)):DC_E_AFG_TRUSTEDPROXY:DAYBH', 'DC_E_AFG_TRUSTEDPROXY', 'RAW', 'DC_E_AFG_TRUSTEDPROXY_RAW', 'DC_E_AFG:((13)):DC_E_AFG_TRUSTEDPROXY:RAW', 'BHSRC', 'DAY', null, null );
insert into Aggregationrule ( AGGREGATION, VERSIONID, RULEID, TARGET_TYPE, TARGET_LEVEL, TARGET_TABLE, TARGET_MTABLEID, SOURCE_TYPE, SOURCE_LEVEL, SOURCE_TABLE, SOURCE_MTABLEID, RULETYPE, AGGREGATIONSCOPE, BHTYPE, ENABLE ) values ( 'DC_E_AFG_VIRTUAL_GATEWAY_DAYBH_AFG', 'DC_E_AFG:((13))', 1, 'DC_E_AFG_VIRTUAL_GATEWAY', 'DAYBH', 'DC_E_AFG_VIRTUAL_GATEWAY_DAYBH', 'DC_E_AFG:((13)):DC_E_AFG_VIRTUAL_GATEWAY:DAYBH', 'DC_E_AFG_VIRTUAL_GATEWAY', 'RAW', 'DC_E_AFG_VIRTUAL_GATEWAY_RAW', 'DC_E_AFG:((13)):DC_E_AFG_VIRTUAL_GATEWAY:RAW', 'BHSRC', 'DAY', null, null );
insert into Aggregationrule ( AGGREGATION, VERSIONID, RULEID, TARGET_TYPE, TARGET_LEVEL, TARGET_TABLE, TARGET_MTABLEID, SOURCE_TYPE, SOURCE_LEVEL, SOURCE_TABLE, SOURCE_MTABLEID, RULETYPE, AGGREGATIONSCOPE, BHTYPE, ENABLE ) values ( 'DC_E_AFG_AFGBH_MONTHRANKBH_AFG_CP0', 'DC_E_AFG:((13))', 2, 'DC_E_AFG_AFGBH', 'RANKBH', 'DC_E_AFG_AFGBH_RANKBH', 'DC_E_AFG:((13)):DC_E_AFG_AFGBH:RANKBH', 'DC_E_AFG_AFGBH', 'RANKBH', 'DC_E_AFG_AFGBH_RANKBH', 'DC_E_AFG:((13)):DC_E_AFG_AFGBH:RANKBH', 'RANKBHCLASS', 'MONTH', 'AFG_CP0', 0 );
insert into Aggregationrule ( AGGREGATION, VERSIONID, RULEID, TARGET_TYPE, TARGET_LEVEL, TARGET_TABLE, TARGET_MTABLEID, SOURCE_TYPE, SOURCE_LEVEL, SOURCE_TABLE, SOURCE_MTABLEID, RULETYPE, AGGREGATIONSCOPE, BHTYPE, ENABLE ) values ( 'DC_E_AFG_AFGBH_MONTHRANKBH_AFG_CP1', 'DC_E_AFG:((13))', 2, 'DC_E_AFG_AFGBH', 'RANKBH', 'DC_E_AFG_AFGBH_RANKBH', 'DC_E_AFG:((13)):DC_E_AFG_AFGBH:RANKBH', 'DC_E_AFG_AFGBH', 'RANKBH', 'DC_E_AFG_AFGBH_RANKBH', 'DC_E_AFG:((13)):DC_E_AFG_AFGBH:RANKBH', 'RANKBHCLASS', 'MONTH', 'AFG_CP1', 0 );
insert into Aggregationrule ( AGGREGATION, VERSIONID, RULEID, TARGET_TYPE, TARGET_LEVEL, TARGET_TABLE, TARGET_MTABLEID, SOURCE_TYPE, SOURCE_LEVEL, SOURCE_TABLE, SOURCE_MTABLEID, RULETYPE, AGGREGATIONSCOPE, BHTYPE, ENABLE ) values ( 'DC_E_AFG_AFGBH_MONTHRANKBH_AFG_CP2', 'DC_E_AFG:((13))', 2, 'DC_E_AFG_AFGBH', 'RANKBH', 'DC_E_AFG_AFGBH_RANKBH', 'DC_E_AFG:((13)):DC_E_AFG_AFGBH:RANKBH', 'DC_E_AFG_AFGBH', 'RANKBH', 'DC_E_AFG_AFGBH_RANKBH', 'DC_E_AFG:((13)):DC_E_AFG_AFGBH:RANKBH', 'RANKBHCLASS', 'MONTH', 'AFG_CP2', 0 );
insert into Aggregationrule ( AGGREGATION, VERSIONID, RULEID, TARGET_TYPE, TARGET_LEVEL, TARGET_TABLE, TARGET_MTABLEID, SOURCE_TYPE, SOURCE_LEVEL, SOURCE_TABLE, SOURCE_MTABLEID, RULETYPE, AGGREGATIONSCOPE, BHTYPE, ENABLE ) values ( 'DC_E_AFG_AFGBH_MONTHRANKBH_AFG_CP3', 'DC_E_AFG:((13))', 2, 'DC_E_AFG_AFGBH', 'RANKBH', 'DC_E_AFG_AFGBH_RANKBH', 'DC_E_AFG:((13)):DC_E_AFG_AFGBH:RANKBH', 'DC_E_AFG_AFGBH', 'RANKBH', 'DC_E_AFG_AFGBH_RANKBH', 'DC_E_AFG:((13)):DC_E_AFG_AFGBH:RANKBH', 'RANKBHCLASS', 'MONTH', 'AFG_CP3', 0 );
insert into Aggregationrule ( AGGREGATION, VERSIONID, RULEID, TARGET_TYPE, TARGET_LEVEL, TARGET_TABLE, TARGET_MTABLEID, SOURCE_TYPE, SOURCE_LEVEL, SOURCE_TABLE, SOURCE_MTABLEID, RULETYPE, AGGREGATIONSCOPE, BHTYPE, ENABLE ) values ( 'DC_E_AFG_AFGBH_MONTHRANKBH_AFG_CP4', 'DC_E_AFG:((13))', 2, 'DC_E_AFG_AFGBH', 'RANKBH', 'DC_E_AFG_AFGBH_RANKBH', 'DC_E_AFG:((13)):DC_E_AFG_AFGBH:RANKBH', 'DC_E_AFG_AFGBH', 'RANKBH', 'DC_E_AFG_AFGBH_RANKBH', 'DC_E_AFG:((13)):DC_E_AFG_AFGBH:RANKBH', 'RANKBHCLASS', 'MONTH', 'AFG_CP4', 0 );
insert into Aggregationrule ( AGGREGATION, VERSIONID, RULEID, TARGET_TYPE, TARGET_LEVEL, TARGET_TABLE, TARGET_MTABLEID, SOURCE_TYPE, SOURCE_LEVEL, SOURCE_TABLE, SOURCE_MTABLEID, RULETYPE, AGGREGATIONSCOPE, BHTYPE, ENABLE ) values ( 'DC_E_AFG_AFGBH_MONTHRANKBH_AFG_PP0', 'DC_E_AFG:((13))', 2, 'DC_E_AFG_AFGBH', 'RANKBH', 'DC_E_AFG_AFGBH_RANKBH', 'DC_E_AFG:((13)):DC_E_AFG_AFGBH:RANKBH', 'DC_E_AFG_AFGBH', 'RANKBH', 'DC_E_AFG_AFGBH_RANKBH', 'DC_E_AFG:((13)):DC_E_AFG_AFGBH:RANKBH', 'RANKBHCLASS', 'MONTH', 'AFG_PP0', 0 );
insert into Aggregationrule ( AGGREGATION, VERSIONID, RULEID, TARGET_TYPE, TARGET_LEVEL, TARGET_TABLE, TARGET_MTABLEID, SOURCE_TYPE, SOURCE_LEVEL, SOURCE_TABLE, SOURCE_MTABLEID, RULETYPE, AGGREGATIONSCOPE, BHTYPE, ENABLE ) values ( 'DC_E_AFG_AFGBH_MONTHRANKBH_AFG_PP1', 'DC_E_AFG:((13))', 2, 'DC_E_AFG_AFGBH', 'RANKBH', 'DC_E_AFG_AFGBH_RANKBH', 'DC_E_AFG:((13)):DC_E_AFG_AFGBH:RANKBH', 'DC_E_AFG_AFGBH', 'RANKBH', 'DC_E_AFG_AFGBH_RANKBH', 'DC_E_AFG:((13)):DC_E_AFG_AFGBH:RANKBH', 'RANKBHCLASS', 'MONTH', 'AFG_PP1', 0 );
insert into Aggregationrule ( AGGREGATION, VERSIONID, RULEID, TARGET_TYPE, TARGET_LEVEL, TARGET_TABLE, TARGET_MTABLEID, SOURCE_TYPE, SOURCE_LEVEL, SOURCE_TABLE, SOURCE_MTABLEID, RULETYPE, AGGREGATIONSCOPE, BHTYPE, ENABLE ) values ( 'DC_E_AFG_AFGBH_MONTHRANKBH_AFG_PP2', 'DC_E_AFG:((13))', 2, 'DC_E_AFG_AFGBH', 'RANKBH', 'DC_E_AFG_AFGBH_RANKBH', 'DC_E_AFG:((13)):DC_E_AFG_AFGBH:RANKBH', 'DC_E_AFG_AFGBH', 'RANKBH', 'DC_E_AFG_AFGBH_RANKBH', 'DC_E_AFG:((13)):DC_E_AFG_AFGBH:RANKBH', 'RANKBHCLASS', 'MONTH', 'AFG_PP2', 0 );
insert into Aggregationrule ( AGGREGATION, VERSIONID, RULEID, TARGET_TYPE, TARGET_LEVEL, TARGET_TABLE, TARGET_MTABLEID, SOURCE_TYPE, SOURCE_LEVEL, SOURCE_TABLE, SOURCE_MTABLEID, RULETYPE, AGGREGATIONSCOPE, BHTYPE, ENABLE ) values ( 'DC_E_AFG_AFGBH_MONTHRANKBH_AFG_PP3', 'DC_E_AFG:((13))', 2, 'DC_E_AFG_AFGBH', 'RANKBH', 'DC_E_AFG_AFGBH_RANKBH', 'DC_E_AFG:((13)):DC_E_AFG_AFGBH:RANKBH', 'DC_E_AFG_AFGBH', 'RANKBH', 'DC_E_AFG_AFGBH_RANKBH', 'DC_E_AFG:((13)):DC_E_AFG_AFGBH:RANKBH', 'RANKBHCLASS', 'MONTH', 'AFG_PP3', 0 );
insert into Aggregationrule ( AGGREGATION, VERSIONID, RULEID, TARGET_TYPE, TARGET_LEVEL, TARGET_TABLE, TARGET_MTABLEID, SOURCE_TYPE, SOURCE_LEVEL, SOURCE_TABLE, SOURCE_MTABLEID, RULETYPE, AGGREGATIONSCOPE, BHTYPE, ENABLE ) values ( 'DC_E_AFG_AFGBH_MONTHRANKBH_AFG_PP4', 'DC_E_AFG:((13))', 2, 'DC_E_AFG_AFGBH', 'RANKBH', 'DC_E_AFG_AFGBH_RANKBH', 'DC_E_AFG:((13)):DC_E_AFG_AFGBH:RANKBH', 'DC_E_AFG_AFGBH', 'RANKBH', 'DC_E_AFG_AFGBH_RANKBH', 'DC_E_AFG:((13)):DC_E_AFG_AFGBH:RANKBH', 'RANKBHCLASS', 'MONTH', 'AFG_PP4', 0 );
insert into Aggregationrule ( AGGREGATION, VERSIONID, RULEID, TARGET_TYPE, TARGET_LEVEL, TARGET_TABLE, TARGET_MTABLEID, SOURCE_TYPE, SOURCE_LEVEL, SOURCE_TABLE, SOURCE_MTABLEID, RULETYPE, AGGREGATIONSCOPE, BHTYPE, ENABLE ) values ( 'DC_E_AFG_AGG_PROXY_WEEKBH_AFG', 'DC_E_AFG:((13))', 2, 'DC_E_AFG_AGG_PROXY', 'DAYBH', 'DC_E_AFG_AGG_PROXY_DAYBH', 'DC_E_AFG:((13)):DC_E_AFG_AGG_PROXY:DAYBH', 'DC_E_AFG_AGG_PROXY', 'DAYBH', 'DC_E_AFG_AGG_PROXY_DAYBH', 'DC_E_AFG:((13)):DC_E_AFG_AGG_PROXY:DAYBH', 'DAYBHCLASS_DAYBH', 'WEEK', null, null );
insert into Aggregationrule ( AGGREGATION, VERSIONID, RULEID, TARGET_TYPE, TARGET_LEVEL, TARGET_TABLE, TARGET_MTABLEID, SOURCE_TYPE, SOURCE_LEVEL, SOURCE_TABLE, SOURCE_MTABLEID, RULETYPE, AGGREGATIONSCOPE, BHTYPE, ENABLE ) values ( 'DC_E_AFG_BOOTSTRAP_FUNC_WEEKBH_AFG', 'DC_E_AFG:((13))', 2, 'DC_E_AFG_BOOTSTRAP_FUNC', 'DAYBH', 'DC_E_AFG_BOOTSTRAP_FUNC_DAYBH', 'DC_E_AFG:((13)):DC_E_AFG_BOOTSTRAP_FUNC:DAYBH', 'DC_E_AFG_BOOTSTRAP_FUNC', 'DAYBH', 'DC_E_AFG_BOOTSTRAP_FUNC_DAYBH', 'DC_E_AFG:((13)):DC_E_AFG_BOOTSTRAP_FUNC:DAYBH', 'DAYBHCLASS_DAYBH', 'WEEK', null, null );
insert into Aggregationrule ( AGGREGATION, VERSIONID, RULEID, TARGET_TYPE, TARGET_LEVEL, TARGET_TABLE, TARGET_MTABLEID, SOURCE_TYPE, SOURCE_LEVEL, SOURCE_TABLE, SOURCE_MTABLEID, RULETYPE, AGGREGATIONSCOPE, BHTYPE, ENABLE ) values ( 'DC_E_AFG_DIAMETER_WEEKBH_AFG', 'DC_E_AFG:((13))', 2, 'DC_E_AFG_DIAMETER', 'DAYBH', 'DC_E_AFG_DIAMETER_DAYBH', 'DC_E_AFG:((13)):DC_E_AFG_DIAMETER:DAYBH', 'DC_E_AFG_DIAMETER', 'DAYBH', 'DC_E_AFG_DIAMETER_DAYBH', 'DC_E_AFG:((13)):DC_E_AFG_DIAMETER:DAYBH', 'DAYBHCLASS_DAYBH', 'WEEK', null, null );
insert into Aggregationrule ( AGGREGATION, VERSIONID, RULEID, TARGET_TYPE, TARGET_LEVEL, TARGET_TABLE, TARGET_MTABLEID, SOURCE_TYPE, SOURCE_LEVEL, SOURCE_TABLE, SOURCE_MTABLEID, RULETYPE, AGGREGATIONSCOPE, BHTYPE, ENABLE ) values ( 'DC_E_AFG_OPENID_CONN_WEEKBH_AFG', 'DC_E_AFG:((13))', 2, 'DC_E_AFG_OPENID_CONN', 'DAYBH', 'DC_E_AFG_OPENID_CONN_DAYBH', 'DC_E_AFG:((13)):DC_E_AFG_OPENID_CONN:DAYBH', 'DC_E_AFG_OPENID_CONN', 'DAYBH', 'DC_E_AFG_OPENID_CONN_DAYBH', 'DC_E_AFG:((13)):DC_E_AFG_OPENID_CONN:DAYBH', 'DAYBHCLASS_DAYBH', 'WEEK', null, null );
insert into Aggregationrule ( AGGREGATION, VERSIONID, RULEID, TARGET_TYPE, TARGET_LEVEL, TARGET_TABLE, TARGET_MTABLEID, SOURCE_TYPE, SOURCE_LEVEL, SOURCE_TABLE, SOURCE_MTABLEID, RULETYPE, AGGREGATIONSCOPE, BHTYPE, ENABLE ) values ( 'DC_E_AFG_SYSTEM_WEEKBH_AFG', 'DC_E_AFG:((13))', 2, 'DC_E_AFG_SYSTEM', 'DAYBH', 'DC_E_AFG_SYSTEM_DAYBH', 'DC_E_AFG:((13)):DC_E_AFG_SYSTEM:DAYBH', 'DC_E_AFG_SYSTEM', 'DAYBH', 'DC_E_AFG_SYSTEM_DAYBH', 'DC_E_AFG:((13)):DC_E_AFG_SYSTEM:DAYBH', 'DAYBHCLASS_DAYBH', 'WEEK', null, null );
insert into Aggregationrule ( AGGREGATION, VERSIONID, RULEID, TARGET_TYPE, TARGET_LEVEL, TARGET_TABLE, TARGET_MTABLEID, SOURCE_TYPE, SOURCE_LEVEL, SOURCE_TABLE, SOURCE_MTABLEID, RULETYPE, AGGREGATIONSCOPE, BHTYPE, ENABLE ) values ( 'DC_E_AFG_TRUSTEDPROXY_WEEKBH_AFG', 'DC_E_AFG:((13))', 2, 'DC_E_AFG_TRUSTEDPROXY', 'DAYBH', 'DC_E_AFG_TRUSTEDPROXY_DAYBH', 'DC_E_AFG:((13)):DC_E_AFG_TRUSTEDPROXY:DAYBH', 'DC_E_AFG_TRUSTEDPROXY', 'DAYBH', 'DC_E_AFG_TRUSTEDPROXY_DAYBH', 'DC_E_AFG:((13)):DC_E_AFG_TRUSTEDPROXY:DAYBH', 'DAYBHCLASS_DAYBH', 'WEEK', null, null );
insert into Aggregationrule ( AGGREGATION, VERSIONID, RULEID, TARGET_TYPE, TARGET_LEVEL, TARGET_TABLE, TARGET_MTABLEID, SOURCE_TYPE, SOURCE_LEVEL, SOURCE_TABLE, SOURCE_MTABLEID, RULETYPE, AGGREGATIONSCOPE, BHTYPE, ENABLE ) values ( 'DC_E_AFG_VIRTUAL_GATEWAY_WEEKBH_AFG', 'DC_E_AFG:((13))', 2, 'DC_E_AFG_VIRTUAL_GATEWAY', 'DAYBH', 'DC_E_AFG_VIRTUAL_GATEWAY_DAYBH', 'DC_E_AFG:((13)):DC_E_AFG_VIRTUAL_GATEWAY:DAYBH', 'DC_E_AFG_VIRTUAL_GATEWAY', 'DAYBH', 'DC_E_AFG_VIRTUAL_GATEWAY_DAYBH', 'DC_E_AFG:((13)):DC_E_AFG_VIRTUAL_GATEWAY:DAYBH', 'DAYBHCLASS_DAYBH', 'WEEK', null, null );
insert into Aggregationrule ( AGGREGATION, VERSIONID, RULEID, TARGET_TYPE, TARGET_LEVEL, TARGET_TABLE, TARGET_MTABLEID, SOURCE_TYPE, SOURCE_LEVEL, SOURCE_TABLE, SOURCE_MTABLEID, RULETYPE, AGGREGATIONSCOPE, BHTYPE, ENABLE ) values ( 'DC_E_AFG_AGG_PROXY_MONTHBH_AFG', 'DC_E_AFG:((13))', 3, 'DC_E_AFG_AGG_PROXY', 'DAYBH', 'DC_E_AFG_AGG_PROXY_DAYBH', 'DC_E_AFG:((13)):DC_E_AFG_AGG_PROXY:DAYBH', 'DC_E_AFG_AGG_PROXY', 'DAYBH', 'DC_E_AFG_AGG_PROXY_DAYBH', 'DC_E_AFG:((13)):DC_E_AFG_AGG_PROXY:DAYBH', 'DAYBHCLASS_DAYBH', 'MONTH', null, null );
insert into Aggregationrule ( AGGREGATION, VERSIONID, RULEID, TARGET_TYPE, TARGET_LEVEL, TARGET_TABLE, TARGET_MTABLEID, SOURCE_TYPE, SOURCE_LEVEL, SOURCE_TABLE, SOURCE_MTABLEID, RULETYPE, AGGREGATIONSCOPE, BHTYPE, ENABLE ) values ( 'DC_E_AFG_BOOTSTRAP_FUNC_MONTHBH_AFG', 'DC_E_AFG:((13))', 3, 'DC_E_AFG_BOOTSTRAP_FUNC', 'DAYBH', 'DC_E_AFG_BOOTSTRAP_FUNC_DAYBH', 'DC_E_AFG:((13)):DC_E_AFG_BOOTSTRAP_FUNC:DAYBH', 'DC_E_AFG_BOOTSTRAP_FUNC', 'DAYBH', 'DC_E_AFG_BOOTSTRAP_FUNC_DAYBH', 'DC_E_AFG:((13)):DC_E_AFG_BOOTSTRAP_FUNC:DAYBH', 'DAYBHCLASS_DAYBH', 'MONTH', null, null );
insert into Aggregationrule ( AGGREGATION, VERSIONID, RULEID, TARGET_TYPE, TARGET_LEVEL, TARGET_TABLE, TARGET_MTABLEID, SOURCE_TYPE, SOURCE_LEVEL, SOURCE_TABLE, SOURCE_MTABLEID, RULETYPE, AGGREGATIONSCOPE, BHTYPE, ENABLE ) values ( 'DC_E_AFG_DIAMETER_MONTHBH_AFG', 'DC_E_AFG:((13))', 3, 'DC_E_AFG_DIAMETER', 'DAYBH', 'DC_E_AFG_DIAMETER_DAYBH', 'DC_E_AFG:((13)):DC_E_AFG_DIAMETER:DAYBH', 'DC_E_AFG_DIAMETER', 'DAYBH', 'DC_E_AFG_DIAMETER_DAYBH', 'DC_E_AFG:((13)):DC_E_AFG_DIAMETER:DAYBH', 'DAYBHCLASS_DAYBH', 'MONTH', null, null );
insert into Aggregationrule ( AGGREGATION, VERSIONID, RULEID, TARGET_TYPE, TARGET_LEVEL, TARGET_TABLE, TARGET_MTABLEID, SOURCE_TYPE, SOURCE_LEVEL, SOURCE_TABLE, SOURCE_MTABLEID, RULETYPE, AGGREGATIONSCOPE, BHTYPE, ENABLE ) values ( 'DC_E_AFG_OPENID_CONN_MONTHBH_AFG', 'DC_E_AFG:((13))', 3, 'DC_E_AFG_OPENID_CONN', 'DAYBH', 'DC_E_AFG_OPENID_CONN_DAYBH', 'DC_E_AFG:((13)):DC_E_AFG_OPENID_CONN:DAYBH', 'DC_E_AFG_OPENID_CONN', 'DAYBH', 'DC_E_AFG_OPENID_CONN_DAYBH', 'DC_E_AFG:((13)):DC_E_AFG_OPENID_CONN:DAYBH', 'DAYBHCLASS_DAYBH', 'MONTH', null, null );
insert into Aggregationrule ( AGGREGATION, VERSIONID, RULEID, TARGET_TYPE, TARGET_LEVEL, TARGET_TABLE, TARGET_MTABLEID, SOURCE_TYPE, SOURCE_LEVEL, SOURCE_TABLE, SOURCE_MTABLEID, RULETYPE, AGGREGATIONSCOPE, BHTYPE, ENABLE ) values ( 'DC_E_AFG_SYSTEM_MONTHBH_AFG', 'DC_E_AFG:((13))', 3, 'DC_E_AFG_SYSTEM', 'DAYBH', 'DC_E_AFG_SYSTEM_DAYBH', 'DC_E_AFG:((13)):DC_E_AFG_SYSTEM:DAYBH', 'DC_E_AFG_SYSTEM', 'DAYBH', 'DC_E_AFG_SYSTEM_DAYBH', 'DC_E_AFG:((13)):DC_E_AFG_SYSTEM:DAYBH', 'DAYBHCLASS_DAYBH', 'MONTH', null, null );
insert into Aggregationrule ( AGGREGATION, VERSIONID, RULEID, TARGET_TYPE, TARGET_LEVEL, TARGET_TABLE, TARGET_MTABLEID, SOURCE_TYPE, SOURCE_LEVEL, SOURCE_TABLE, SOURCE_MTABLEID, RULETYPE, AGGREGATIONSCOPE, BHTYPE, ENABLE ) values ( 'DC_E_AFG_TRUSTEDPROXY_MONTHBH_AFG', 'DC_E_AFG:((13))', 3, 'DC_E_AFG_TRUSTEDPROXY', 'DAYBH', 'DC_E_AFG_TRUSTEDPROXY_DAYBH', 'DC_E_AFG:((13)):DC_E_AFG_TRUSTEDPROXY:DAYBH', 'DC_E_AFG_TRUSTEDPROXY', 'DAYBH', 'DC_E_AFG_TRUSTEDPROXY_DAYBH', 'DC_E_AFG:((13)):DC_E_AFG_TRUSTEDPROXY:DAYBH', 'DAYBHCLASS_DAYBH', 'MONTH', null, null );
insert into Aggregationrule ( AGGREGATION, VERSIONID, RULEID, TARGET_TYPE, TARGET_LEVEL, TARGET_TABLE, TARGET_MTABLEID, SOURCE_TYPE, SOURCE_LEVEL, SOURCE_TABLE, SOURCE_MTABLEID, RULETYPE, AGGREGATIONSCOPE, BHTYPE, ENABLE ) values ( 'DC_E_AFG_VIRTUAL_GATEWAY_MONTHBH_AFG', 'DC_E_AFG:((13))', 3, 'DC_E_AFG_VIRTUAL_GATEWAY', 'DAYBH', 'DC_E_AFG_VIRTUAL_GATEWAY_DAYBH', 'DC_E_AFG:((13)):DC_E_AFG_VIRTUAL_GATEWAY:DAYBH', 'DC_E_AFG_VIRTUAL_GATEWAY', 'DAYBH', 'DC_E_AFG_VIRTUAL_GATEWAY_DAYBH', 'DC_E_AFG:((13)):DC_E_AFG_VIRTUAL_GATEWAY:DAYBH', 'DAYBHCLASS_DAYBH', 'MONTH', null, null );
insert into Aggregationrule ( AGGREGATION, VERSIONID, RULEID, TARGET_TYPE, TARGET_LEVEL, TARGET_TABLE, TARGET_MTABLEID, SOURCE_TYPE, SOURCE_LEVEL, SOURCE_TABLE, SOURCE_MTABLEID, RULETYPE, AGGREGATIONSCOPE, BHTYPE, ENABLE ) values ( 'DC_E_AFG_AGG_PROXY_DAYBH_AFG', 'DC_E_AFG:((13))', 4, 'DC_E_AFG_AGG_PROXY', 'DAYBH', 'DC_E_AFG_AGG_PROXY_DAYBH', 'DC_E_AFG:((13)):DC_E_AFG_AGG_PROXY:DAYBH', 'DC_E_AFG_AFGBH', 'RANKBH', 'DC_E_AFG_AFGBH_RANKBH', 'DC_E_AFG:((13)):DC_E_AFG_AFGBH:RANKBH', 'RANKSRC', 'DAY', null, null );
insert into Aggregationrule ( AGGREGATION, VERSIONID, RULEID, TARGET_TYPE, TARGET_LEVEL, TARGET_TABLE, TARGET_MTABLEID, SOURCE_TYPE, SOURCE_LEVEL, SOURCE_TABLE, SOURCE_MTABLEID, RULETYPE, AGGREGATIONSCOPE, BHTYPE, ENABLE ) values ( 'DC_E_AFG_BOOTSTRAP_FUNC_DAYBH_AFG', 'DC_E_AFG:((13))', 4, 'DC_E_AFG_BOOTSTRAP_FUNC', 'DAYBH', 'DC_E_AFG_BOOTSTRAP_FUNC_DAYBH', 'DC_E_AFG:((13)):DC_E_AFG_BOOTSTRAP_FUNC:DAYBH', 'DC_E_AFG_AFGBH', 'RANKBH', 'DC_E_AFG_AFGBH_RANKBH', 'DC_E_AFG:((13)):DC_E_AFG_AFGBH:RANKBH', 'RANKSRC', 'DAY', null, null );
insert into Aggregationrule ( AGGREGATION, VERSIONID, RULEID, TARGET_TYPE, TARGET_LEVEL, TARGET_TABLE, TARGET_MTABLEID, SOURCE_TYPE, SOURCE_LEVEL, SOURCE_TABLE, SOURCE_MTABLEID, RULETYPE, AGGREGATIONSCOPE, BHTYPE, ENABLE ) values ( 'DC_E_AFG_DIAMETER_DAYBH_AFG', 'DC_E_AFG:((13))', 4, 'DC_E_AFG_DIAMETER', 'DAYBH', 'DC_E_AFG_DIAMETER_DAYBH', 'DC_E_AFG:((13)):DC_E_AFG_DIAMETER:DAYBH', 'DC_E_AFG_AFGBH', 'RANKBH', 'DC_E_AFG_AFGBH_RANKBH', 'DC_E_AFG:((13)):DC_E_AFG_AFGBH:RANKBH', 'RANKSRC', 'DAY', null, null );
insert into Aggregationrule ( AGGREGATION, VERSIONID, RULEID, TARGET_TYPE, TARGET_LEVEL, TARGET_TABLE, TARGET_MTABLEID, SOURCE_TYPE, SOURCE_LEVEL, SOURCE_TABLE, SOURCE_MTABLEID, RULETYPE, AGGREGATIONSCOPE, BHTYPE, ENABLE ) values ( 'DC_E_AFG_OPENID_CONN_DAYBH_AFG', 'DC_E_AFG:((13))', 4, 'DC_E_AFG_OPENID_CONN', 'DAYBH', 'DC_E_AFG_OPENID_CONN_DAYBH', 'DC_E_AFG:((13)):DC_E_AFG_OPENID_CONN:DAYBH', 'DC_E_AFG_AFGBH', 'RANKBH', 'DC_E_AFG_AFGBH_RANKBH', 'DC_E_AFG:((13)):DC_E_AFG_AFGBH:RANKBH', 'RANKSRC', 'DAY', null, null );
insert into Aggregationrule ( AGGREGATION, VERSIONID, RULEID, TARGET_TYPE, TARGET_LEVEL, TARGET_TABLE, TARGET_MTABLEID, SOURCE_TYPE, SOURCE_LEVEL, SOURCE_TABLE, SOURCE_MTABLEID, RULETYPE, AGGREGATIONSCOPE, BHTYPE, ENABLE ) values ( 'DC_E_AFG_SYSTEM_DAYBH_AFG', 'DC_E_AFG:((13))', 4, 'DC_E_AFG_SYSTEM', 'DAYBH', 'DC_E_AFG_SYSTEM_DAYBH', 'DC_E_AFG:((13)):DC_E_AFG_SYSTEM:DAYBH', 'DC_E_AFG_AFGBH', 'RANKBH', 'DC_E_AFG_AFGBH_RANKBH', 'DC_E_AFG:((13)):DC_E_AFG_AFGBH:RANKBH', 'RANKSRC', 'DAY', null, null );
insert into Aggregationrule ( AGGREGATION, VERSIONID, RULEID, TARGET_TYPE, TARGET_LEVEL, TARGET_TABLE, TARGET_MTABLEID, SOURCE_TYPE, SOURCE_LEVEL, SOURCE_TABLE, SOURCE_MTABLEID, RULETYPE, AGGREGATIONSCOPE, BHTYPE, ENABLE ) values ( 'DC_E_AFG_TRUSTEDPROXY_DAYBH_AFG', 'DC_E_AFG:((13))', 4, 'DC_E_AFG_TRUSTEDPROXY', 'DAYBH', 'DC_E_AFG_TRUSTEDPROXY_DAYBH', 'DC_E_AFG:((13)):DC_E_AFG_TRUSTEDPROXY:DAYBH', 'DC_E_AFG_AFGBH', 'RANKBH', 'DC_E_AFG_AFGBH_RANKBH', 'DC_E_AFG:((13)):DC_E_AFG_AFGBH:RANKBH', 'RANKSRC', 'DAY', null, null );
insert into Aggregationrule ( AGGREGATION, VERSIONID, RULEID, TARGET_TYPE, TARGET_LEVEL, TARGET_TABLE, TARGET_MTABLEID, SOURCE_TYPE, SOURCE_LEVEL, SOURCE_TABLE, SOURCE_MTABLEID, RULETYPE, AGGREGATIONSCOPE, BHTYPE, ENABLE ) values ( 'DC_E_AFG_VIRTUAL_GATEWAY_DAYBH_AFG', 'DC_E_AFG:((13))', 4, 'DC_E_AFG_VIRTUAL_GATEWAY', 'DAYBH', 'DC_E_AFG_VIRTUAL_GATEWAY_DAYBH', 'DC_E_AFG:((13)):DC_E_AFG_VIRTUAL_GATEWAY:DAYBH', 'DC_E_AFG_AFGBH', 'RANKBH', 'DC_E_AFG_AFGBH_RANKBH', 'DC_E_AFG:((13)):DC_E_AFG_AFGBH:RANKBH', 'RANKSRC', 'DAY', null, null );
insert into Aggregationrule ( AGGREGATION, VERSIONID, RULEID, TARGET_TYPE, TARGET_LEVEL, TARGET_TABLE, TARGET_MTABLEID, SOURCE_TYPE, SOURCE_LEVEL, SOURCE_TABLE, SOURCE_MTABLEID, RULETYPE, AGGREGATIONSCOPE, BHTYPE, ENABLE ) values ( 'DC_E_AFG_AGG_PROXY_WEEKBH_AFG', 'DC_E_AFG:((13))', 5, 'DC_E_AFG_AGG_PROXY', 'DAYBH', 'DC_E_AFG_AGG_PROXY_DAYBH', 'DC_E_AFG:((13)):DC_E_AFG_AGG_PROXY:DAYBH', 'DC_E_AFG_AFGBH', 'RANKBH', 'DC_E_AFG_AFGBH_RANKBH', 'DC_E_AFG:((13)):DC_E_AFG_AFGBH:RANKBH', 'DAYBHCLASS', 'WEEK', null, null );
insert into Aggregationrule ( AGGREGATION, VERSIONID, RULEID, TARGET_TYPE, TARGET_LEVEL, TARGET_TABLE, TARGET_MTABLEID, SOURCE_TYPE, SOURCE_LEVEL, SOURCE_TABLE, SOURCE_MTABLEID, RULETYPE, AGGREGATIONSCOPE, BHTYPE, ENABLE ) values ( 'DC_E_AFG_BOOTSTRAP_FUNC_WEEKBH_AFG', 'DC_E_AFG:((13))', 5, 'DC_E_AFG_BOOTSTRAP_FUNC', 'DAYBH', 'DC_E_AFG_BOOTSTRAP_FUNC_DAYBH', 'DC_E_AFG:((13)):DC_E_AFG_BOOTSTRAP_FUNC:DAYBH', 'DC_E_AFG_AFGBH', 'RANKBH', 'DC_E_AFG_AFGBH_RANKBH', 'DC_E_AFG:((13)):DC_E_AFG_AFGBH:RANKBH', 'DAYBHCLASS', 'WEEK', null, null );
insert into Aggregationrule ( AGGREGATION, VERSIONID, RULEID, TARGET_TYPE, TARGET_LEVEL, TARGET_TABLE, TARGET_MTABLEID, SOURCE_TYPE, SOURCE_LEVEL, SOURCE_TABLE, SOURCE_MTABLEID, RULETYPE, AGGREGATIONSCOPE, BHTYPE, ENABLE ) values ( 'DC_E_AFG_DIAMETER_WEEKBH_AFG', 'DC_E_AFG:((13))', 5, 'DC_E_AFG_DIAMETER', 'DAYBH', 'DC_E_AFG_DIAMETER_DAYBH', 'DC_E_AFG:((13)):DC_E_AFG_DIAMETER:DAYBH', 'DC_E_AFG_AFGBH', 'RANKBH', 'DC_E_AFG_AFGBH_RANKBH', 'DC_E_AFG:((13)):DC_E_AFG_AFGBH:RANKBH', 'DAYBHCLASS', 'WEEK', null, null );
insert into Aggregationrule ( AGGREGATION, VERSIONID, RULEID, TARGET_TYPE, TARGET_LEVEL, TARGET_TABLE, TARGET_MTABLEID, SOURCE_TYPE, SOURCE_LEVEL, SOURCE_TABLE, SOURCE_MTABLEID, RULETYPE, AGGREGATIONSCOPE, BHTYPE, ENABLE ) values ( 'DC_E_AFG_OPENID_CONN_WEEKBH_AFG', 'DC_E_AFG:((13))', 5, 'DC_E_AFG_OPENID_CONN', 'DAYBH', 'DC_E_AFG_OPENID_CONN_DAYBH', 'DC_E_AFG:((13)):DC_E_AFG_OPENID_CONN:DAYBH', 'DC_E_AFG_AFGBH', 'RANKBH', 'DC_E_AFG_AFGBH_RANKBH', 'DC_E_AFG:((13)):DC_E_AFG_AFGBH:RANKBH', 'DAYBHCLASS', 'WEEK', null, null );
insert into Aggregationrule ( AGGREGATION, VERSIONID, RULEID, TARGET_TYPE, TARGET_LEVEL, TARGET_TABLE, TARGET_MTABLEID, SOURCE_TYPE, SOURCE_LEVEL, SOURCE_TABLE, SOURCE_MTABLEID, RULETYPE, AGGREGATIONSCOPE, BHTYPE, ENABLE ) values ( 'DC_E_AFG_SYSTEM_WEEKBH_AFG', 'DC_E_AFG:((13))', 5, 'DC_E_AFG_SYSTEM', 'DAYBH', 'DC_E_AFG_SYSTEM_DAYBH', 'DC_E_AFG:((13)):DC_E_AFG_SYSTEM:DAYBH', 'DC_E_AFG_AFGBH', 'RANKBH', 'DC_E_AFG_AFGBH_RANKBH', 'DC_E_AFG:((13)):DC_E_AFG_AFGBH:RANKBH', 'DAYBHCLASS', 'WEEK', null, null );
insert into Aggregationrule ( AGGREGATION, VERSIONID, RULEID, TARGET_TYPE, TARGET_LEVEL, TARGET_TABLE, TARGET_MTABLEID, SOURCE_TYPE, SOURCE_LEVEL, SOURCE_TABLE, SOURCE_MTABLEID, RULETYPE, AGGREGATIONSCOPE, BHTYPE, ENABLE ) values ( 'DC_E_AFG_TRUSTEDPROXY_WEEKBH_AFG', 'DC_E_AFG:((13))', 5, 'DC_E_AFG_TRUSTEDPROXY', 'DAYBH', 'DC_E_AFG_TRUSTEDPROXY_DAYBH', 'DC_E_AFG:((13)):DC_E_AFG_TRUSTEDPROXY:DAYBH', 'DC_E_AFG_AFGBH', 'RANKBH', 'DC_E_AFG_AFGBH_RANKBH', 'DC_E_AFG:((13)):DC_E_AFG_AFGBH:RANKBH', 'DAYBHCLASS', 'WEEK', null, null );
insert into Aggregationrule ( AGGREGATION, VERSIONID, RULEID, TARGET_TYPE, TARGET_LEVEL, TARGET_TABLE, TARGET_MTABLEID, SOURCE_TYPE, SOURCE_LEVEL, SOURCE_TABLE, SOURCE_MTABLEID, RULETYPE, AGGREGATIONSCOPE, BHTYPE, ENABLE ) values ( 'DC_E_AFG_VIRTUAL_GATEWAY_WEEKBH_AFG', 'DC_E_AFG:((13))', 5, 'DC_E_AFG_VIRTUAL_GATEWAY', 'DAYBH', 'DC_E_AFG_VIRTUAL_GATEWAY_DAYBH', 'DC_E_AFG:((13)):DC_E_AFG_VIRTUAL_GATEWAY:DAYBH', 'DC_E_AFG_AFGBH', 'RANKBH', 'DC_E_AFG_AFGBH_RANKBH', 'DC_E_AFG:((13)):DC_E_AFG_AFGBH:RANKBH', 'DAYBHCLASS', 'WEEK', null, null );
insert into Aggregationrule ( AGGREGATION, VERSIONID, RULEID, TARGET_TYPE, TARGET_LEVEL, TARGET_TABLE, TARGET_MTABLEID, SOURCE_TYPE, SOURCE_LEVEL, SOURCE_TABLE, SOURCE_MTABLEID, RULETYPE, AGGREGATIONSCOPE, BHTYPE, ENABLE ) values ( 'DC_E_AFG_AGG_PROXY_MONTHBH_AFG', 'DC_E_AFG:((13))', 6, 'DC_E_AFG_AGG_PROXY', 'DAYBH', 'DC_E_AFG_AGG_PROXY_DAYBH', 'DC_E_AFG:((13)):DC_E_AFG_AGG_PROXY:DAYBH', 'DC_E_AFG_AFGBH', 'RANKBH', 'DC_E_AFG_AFGBH_RANKBH', 'DC_E_AFG:((13)):DC_E_AFG_AFGBH:RANKBH', 'DAYBHCLASS', 'MONTH', null, null );
insert into Aggregationrule ( AGGREGATION, VERSIONID, RULEID, TARGET_TYPE, TARGET_LEVEL, TARGET_TABLE, TARGET_MTABLEID, SOURCE_TYPE, SOURCE_LEVEL, SOURCE_TABLE, SOURCE_MTABLEID, RULETYPE, AGGREGATIONSCOPE, BHTYPE, ENABLE ) values ( 'DC_E_AFG_BOOTSTRAP_FUNC_MONTHBH_AFG', 'DC_E_AFG:((13))', 6, 'DC_E_AFG_BOOTSTRAP_FUNC', 'DAYBH', 'DC_E_AFG_BOOTSTRAP_FUNC_DAYBH', 'DC_E_AFG:((13)):DC_E_AFG_BOOTSTRAP_FUNC:DAYBH', 'DC_E_AFG_AFGBH', 'RANKBH', 'DC_E_AFG_AFGBH_RANKBH', 'DC_E_AFG:((13)):DC_E_AFG_AFGBH:RANKBH', 'DAYBHCLASS', 'MONTH', null, null );
insert into Aggregationrule ( AGGREGATION, VERSIONID, RULEID, TARGET_TYPE, TARGET_LEVEL, TARGET_TABLE, TARGET_MTABLEID, SOURCE_TYPE, SOURCE_LEVEL, SOURCE_TABLE, SOURCE_MTABLEID, RULETYPE, AGGREGATIONSCOPE, BHTYPE, ENABLE ) values ( 'DC_E_AFG_DIAMETER_MONTHBH_AFG', 'DC_E_AFG:((13))', 6, 'DC_E_AFG_DIAMETER', 'DAYBH', 'DC_E_AFG_DIAMETER_DAYBH', 'DC_E_AFG:((13)):DC_E_AFG_DIAMETER:DAYBH', 'DC_E_AFG_AFGBH', 'RANKBH', 'DC_E_AFG_AFGBH_RANKBH', 'DC_E_AFG:((13)):DC_E_AFG_AFGBH:RANKBH', 'DAYBHCLASS', 'MONTH', null, null );
insert into Aggregationrule ( AGGREGATION, VERSIONID, RULEID, TARGET_TYPE, TARGET_LEVEL, TARGET_TABLE, TARGET_MTABLEID, SOURCE_TYPE, SOURCE_LEVEL, SOURCE_TABLE, SOURCE_MTABLEID, RULETYPE, AGGREGATIONSCOPE, BHTYPE, ENABLE ) values ( 'DC_E_AFG_OPENID_CONN_MONTHBH_AFG', 'DC_E_AFG:((13))', 6, 'DC_E_AFG_OPENID_CONN', 'DAYBH', 'DC_E_AFG_OPENID_CONN_DAYBH', 'DC_E_AFG:((13)):DC_E_AFG_OPENID_CONN:DAYBH', 'DC_E_AFG_AFGBH', 'RANKBH', 'DC_E_AFG_AFGBH_RANKBH', 'DC_E_AFG:((13)):DC_E_AFG_AFGBH:RANKBH', 'DAYBHCLASS', 'MONTH', null, null );
insert into Aggregationrule ( AGGREGATION, VERSIONID, RULEID, TARGET_TYPE, TARGET_LEVEL, TARGET_TABLE, TARGET_MTABLEID, SOURCE_TYPE, SOURCE_LEVEL, SOURCE_TABLE, SOURCE_MTABLEID, RULETYPE, AGGREGATIONSCOPE, BHTYPE, ENABLE ) values ( 'DC_E_AFG_SYSTEM_MONTHBH_AFG', 'DC_E_AFG:((13))', 6, 'DC_E_AFG_SYSTEM', 'DAYBH', 'DC_E_AFG_SYSTEM_DAYBH', 'DC_E_AFG:((13)):DC_E_AFG_SYSTEM:DAYBH', 'DC_E_AFG_AFGBH', 'RANKBH', 'DC_E_AFG_AFGBH_RANKBH', 'DC_E_AFG:((13)):DC_E_AFG_AFGBH:RANKBH', 'DAYBHCLASS', 'MONTH', null, null );
insert into Aggregationrule ( AGGREGATION, VERSIONID, RULEID, TARGET_TYPE, TARGET_LEVEL, TARGET_TABLE, TARGET_MTABLEID, SOURCE_TYPE, SOURCE_LEVEL, SOURCE_TABLE, SOURCE_MTABLEID, RULETYPE, AGGREGATIONSCOPE, BHTYPE, ENABLE ) values ( 'DC_E_AFG_TRUSTEDPROXY_MONTHBH_AFG', 'DC_E_AFG:((13))', 6, 'DC_E_AFG_TRUSTEDPROXY', 'DAYBH', 'DC_E_AFG_TRUSTEDPROXY_DAYBH', 'DC_E_AFG:((13)):DC_E_AFG_TRUSTEDPROXY:DAYBH', 'DC_E_AFG_AFGBH', 'RANKBH', 'DC_E_AFG_AFGBH_RANKBH', 'DC_E_AFG:((13)):DC_E_AFG_AFGBH:RANKBH', 'DAYBHCLASS', 'MONTH', null, null );
insert into Aggregationrule ( AGGREGATION, VERSIONID, RULEID, TARGET_TYPE, TARGET_LEVEL, TARGET_TABLE, TARGET_MTABLEID, SOURCE_TYPE, SOURCE_LEVEL, SOURCE_TABLE, SOURCE_MTABLEID, RULETYPE, AGGREGATIONSCOPE, BHTYPE, ENABLE ) values ( 'DC_E_AFG_VIRTUAL_GATEWAY_MONTHBH_AFG', 'DC_E_AFG:((13))', 6, 'DC_E_AFG_VIRTUAL_GATEWAY', 'DAYBH', 'DC_E_AFG_VIRTUAL_GATEWAY_DAYBH', 'DC_E_AFG:((13)):DC_E_AFG_VIRTUAL_GATEWAY:DAYBH', 'DC_E_AFG_AFGBH', 'RANKBH', 'DC_E_AFG_AFGBH_RANKBH', 'DC_E_AFG:((13)):DC_E_AFG_AFGBH:RANKBH', 'DAYBHCLASS', 'MONTH', null, null );
insert into Externalstatement ( VERSIONID, STATEMENTNAME, EXECUTIONORDER, DBCONNECTION, STATEMENT, BASEDEF ) values ( 'DC_E_AFG:((13))', 'create view SELECT_E_AFG_AGGLEVEL', 1, 'dwh', 'IF (SELECT count(*) FROM sys.sysviews where viewname = ''SELECT_E_AFG_AGGLEVEL'') > 0 DROP VIEW SELECT_E_AFG_AGGLEVEL BEGIN create view SELECT_E_AFG_AGGLEVEL(FIRSTDATE_ID,AGGLEVEL,DATE_ID,YEAR_ID,MONTH_ID,DAY_ID,WEEK_ID,WEEKDAY_ID,BUSINESSDAY,TIMELEVEL,TIMELEVELBH,DAYS) as select FIRSTDATE_ID,AGGLEVEL,DATE_ID,YEAR_ID,MONTH_ID,DAY_ID,WEEK_ID,WEEKDAY_ID,BUSINESSDAY,TIMELEVEL,TIMELEVELBH,DAYS from dc.SELECT_AGGLEVEL_TABLE WHERE TIMELEVELBH = ''DAYBH'' commit grant select on SELECT_E_AFG_AGGLEVEL to dcbo END', 1 );
insert into Universename ( VERSIONID, UNIVERSENAME, UNIVERSEEXTENSION, ORDERNRO, UNIVERSEEXTENSIONNAME ) values ( 'DC_E_AFG:((13))', 'Ericsson AFG', '', null, '' );
insert into Universeclass ( VERSIONID, CLASSNAME, UNIVERSEEXTENSION, DESCRIPTION, PARENT, OBJ_BH_REL, ELEM_BH_REL, INHERITANCE, ORDERNRO ) values ( 'DC_E_AFG:((13))', 'AFG', 'ALL', 'AFG Toplology', 'Topology', 0, 0, 0, 8 );
insert into Universeclass ( VERSIONID, CLASSNAME, UNIVERSEEXTENSION, DESCRIPTION, PARENT, OBJ_BH_REL, ELEM_BH_REL, INHERITANCE, ORDERNRO ) values ( 'DC_E_AFG:((13))', 'DC_E_AFG_AGG_PROXY_Keys', 'ALL', 'Keys for DC_E_AFG_AGG_PROXY', 'DC_E_AFG_AGG_PROXY', 0, 0, 0, 9 );
insert into Universeclass ( VERSIONID, CLASSNAME, UNIVERSEEXTENSION, DESCRIPTION, PARENT, OBJ_BH_REL, ELEM_BH_REL, INHERITANCE, ORDERNRO ) values ( 'DC_E_AFG:((13))', 'DC_E_AFG_BOOTSTRAP_FUNC_Keys', 'ALL', 'Keys for DC_E_AFG_BOOTSTRAP_FUNC', 'DC_E_AFG_BOOTSTRAP_FUNC', 0, 0, 0, 9 );
insert into Universeclass ( VERSIONID, CLASSNAME, UNIVERSEEXTENSION, DESCRIPTION, PARENT, OBJ_BH_REL, ELEM_BH_REL, INHERITANCE, ORDERNRO ) values ( 'DC_E_AFG:((13))', 'DC_E_AFG_DIAMETER_Keys', 'ALL', 'Keys for DC_E_AFG_DIAMETER', 'DC_E_AFG_DIAMETER', 0, 0, 0, 9 );
insert into Universeclass ( VERSIONID, CLASSNAME, UNIVERSEEXTENSION, DESCRIPTION, PARENT, OBJ_BH_REL, ELEM_BH_REL, INHERITANCE, ORDERNRO ) values ( 'DC_E_AFG:((13))', 'DC_E_AFG_OPENID_CONN_Keys', 'ALL', 'Keys for DC_E_AFG_OPENID_CONN', 'DC_E_AFG_OPENID_CONN', 0, 0, 0, 9 );
insert into Universeclass ( VERSIONID, CLASSNAME, UNIVERSEEXTENSION, DESCRIPTION, PARENT, OBJ_BH_REL, ELEM_BH_REL, INHERITANCE, ORDERNRO ) values ( 'DC_E_AFG:((13))', 'DC_E_AFG_SYSTEM_Keys', 'ALL', 'Keys for DC_E_AFG_SYSTEM', 'DC_E_AFG_SYSTEM', 0, 0, 0, 9 );
insert into Universeclass ( VERSIONID, CLASSNAME, UNIVERSEEXTENSION, DESCRIPTION, PARENT, OBJ_BH_REL, ELEM_BH_REL, INHERITANCE, ORDERNRO ) values ( 'DC_E_AFG:((13))', 'DC_E_AFG_TRUSTEDPROXY_Keys', 'ALL', 'Keys for DC_E_AFG_TRUSTEDPROXY', 'DC_E_AFG_TRUSTEDPROXY', 0, 0, 0, 9 );
insert into Universeclass ( VERSIONID, CLASSNAME, UNIVERSEEXTENSION, DESCRIPTION, PARENT, OBJ_BH_REL, ELEM_BH_REL, INHERITANCE, ORDERNRO ) values ( 'DC_E_AFG:((13))', 'DC_E_AFG_VIRTUAL_GATEWAY_Keys', 'ALL', 'Keys for DC_E_AFG_VIRTUAL_GATEWAY', 'DC_E_AFG_VIRTUAL_GATEWAY', 0, 0, 0, 9 );
insert into Universetable ( VERSIONID, TABLENAME, UNIVERSEEXTENSION, OWNER, ALIAS, OBJ_BH_REL, ELEM_BH_REL, INHERITANCE, ORDERNRO ) values ( 'DC_E_AFG:((13))', 'DIM_E_CN_AFG', 'ALL', 'DC', '', 0, 0, 0, 0 );
insert into Universejoin ( VERSIONID, SOURCETABLE, SOURCELEVEL, SOURCECOLUMN, TARGETTABLE, TARGETLEVEL, TARGETCOLUMN, EXPRESSION, CARDINALITY, CONTEXT, EXCLUDEDCONTEXTS, TMPCOUNTER, ORDERNRO, UNIVERSEEXTENSION ) values ( 'DC_E_AFG:((13))', 'ALL', 'ALL', 'NODE_NAME', 'DC.DIM_E_CN_AFG', '', 'NODE_NAME', null, 'n_to_1', '', '', 0, null, 'ALL' );
insert into Universejoin ( VERSIONID, SOURCETABLE, SOURCELEVEL, SOURCECOLUMN, TARGETTABLE, TARGETLEVEL, TARGETCOLUMN, EXPRESSION, CARDINALITY, CONTEXT, EXCLUDEDCONTEXTS, TMPCOUNTER, ORDERNRO, UNIVERSEEXTENSION ) values ( 'DC_E_AFG:((13))', 'ALL', 'ALL', 'OSS_ID', 'DC.DIM_E_CN_AFG', '', 'OSS_ID', null, 'n_to_1', '', '', 1, null, 'ALL' );
insert into Universeobject ( VERSIONID, CLASSNAME, UNIVERSEEXTENSION, OBJECTNAME, DESCRIPTION, OBJECTTYPE, QUALIFICATION, AGGREGATION, OBJSELECT, OBJWHERE, PROMPTHIERARCHY, OBJ_BH_REL, ELEM_BH_REL, INHERITANCE, ORDERNRO ) values ( 'DC_E_AFG:((13))', 'AFG', 'ALL', 'AFG FDN', 'AFG FDN', 'Character', 'Dimension', 'NONE', 'DC.DIM_E_CN_AFG.NE_FDN', '', '', 0, 0, 0, 1 );
insert into Universeobject ( VERSIONID, CLASSNAME, UNIVERSEEXTENSION, OBJECTNAME, DESCRIPTION, OBJECTTYPE, QUALIFICATION, AGGREGATION, OBJSELECT, OBJWHERE, PROMPTHIERARCHY, OBJ_BH_REL, ELEM_BH_REL, INHERITANCE, ORDERNRO ) values ( 'DC_E_AFG:((13))', 'AFG', 'ALL', 'AFG Source Type', 'AFG Source Type', 'Character', 'Dimension', 'NONE', 'DC.DIM_E_CN_AFG.SOURCE_TYPE', '', '', 0, 0, 0, 5 );
insert into Universeobject ( VERSIONID, CLASSNAME, UNIVERSEEXTENSION, OBJECTNAME, DESCRIPTION, OBJECTTYPE, QUALIFICATION, AGGREGATION, OBJSELECT, OBJWHERE, PROMPTHIERARCHY, OBJ_BH_REL, ELEM_BH_REL, INHERITANCE, ORDERNRO ) values ( 'DC_E_AFG:((13))', 'AFG', 'ALL', 'AFG Subnetwork', 'AFG Subnetwork', 'Character', 'Dimension', 'NONE', 'DC.DIM_E_CN_AFG.SUBNETWORK', '', '', 0, 0, 0, 6 );
insert into Universeobject ( VERSIONID, CLASSNAME, UNIVERSEEXTENSION, OBJECTNAME, DESCRIPTION, OBJECTTYPE, QUALIFICATION, AGGREGATION, OBJSELECT, OBJWHERE, PROMPTHIERARCHY, OBJ_BH_REL, ELEM_BH_REL, INHERITANCE, ORDERNRO ) values ( 'DC_E_AFG:((13))', 'AFG', 'ALL', 'AFG name', 'AFG name', 'Character', 'Dimension', 'NONE', 'DC.DIM_E_CN_AFG.NODE_NAME', '', '', 0, 0, 0, 0 );
insert into Universeobject ( VERSIONID, CLASSNAME, UNIVERSEEXTENSION, OBJECTNAME, DESCRIPTION, OBJECTTYPE, QUALIFICATION, AGGREGATION, OBJSELECT, OBJWHERE, PROMPTHIERARCHY, OBJ_BH_REL, ELEM_BH_REL, INHERITANCE, ORDERNRO ) values ( 'DC_E_AFG:((13))', 'AFG', 'ALL', 'AFG type', 'AFG type', 'Character', 'Dimension', 'NONE', 'DC.DIM_E_CN_AFG.NODE_TYPE', '', '', 0, 0, 0, 3 );
insert into Universeobject ( VERSIONID, CLASSNAME, UNIVERSEEXTENSION, OBJECTNAME, DESCRIPTION, OBJECTTYPE, QUALIFICATION, AGGREGATION, OBJSELECT, OBJWHERE, PROMPTHIERARCHY, OBJ_BH_REL, ELEM_BH_REL, INHERITANCE, ORDERNRO ) values ( 'DC_E_AFG:((13))', 'AFG', 'ALL', 'AFG version', 'AFG version', 'Character', 'Dimension', 'NONE', 'DC.DIM_E_CN_AFG.NODE_VERSION', '', '', 0, 0, 0, 4 );
insert into Universeobject ( VERSIONID, CLASSNAME, UNIVERSEEXTENSION, OBJECTNAME, DESCRIPTION, OBJECTTYPE, QUALIFICATION, AGGREGATION, OBJSELECT, OBJWHERE, PROMPTHIERARCHY, OBJ_BH_REL, ELEM_BH_REL, INHERITANCE, ORDERNRO ) values ( 'DC_E_AFG:((13))', 'AFG', 'ALL', 'OSS Id', 'OSS Id', 'Character', 'Dimension', 'NONE', 'DC.DIM_E_CN_AFG.OSS_ID', '', '', 0, 0, 0, 2 );
insert into Universecondition ( VERSIONID, CLASSNAME, UNIVERSEEXTENSION, UNIVERSECONDITION, DESCRIPTION, CONDWHERE, AUTOGENERATE, CONDOBJCLASS, CONDOBJECT, PROMPTTEXT, MULTISELECTION, FREETEXT, OBJ_BH_REL, ELEM_BH_REL, INHERITANCE, ORDERNRO ) values ( 'DC_E_AFG:((13))', 'AFG', 'ALL', 'Select AFG FDN', 'Select AFG FDN', '', 1, 'AFG', 'AFG FDN', 'Select AFG FDN', 1, 1, 0, 0, 0, 1 );
insert into Universecondition ( VERSIONID, CLASSNAME, UNIVERSEEXTENSION, UNIVERSECONDITION, DESCRIPTION, CONDWHERE, AUTOGENERATE, CONDOBJCLASS, CONDOBJECT, PROMPTTEXT, MULTISELECTION, FREETEXT, OBJ_BH_REL, ELEM_BH_REL, INHERITANCE, ORDERNRO ) values ( 'DC_E_AFG:((13))', 'AFG', 'ALL', 'Select AFG Source Type', 'Select AFG Source Type', '', 1, 'AFG', 'AFG Source Type', 'Select AFG Source Type', 1, 1, 0, 0, 0, 5 );
insert into Universecondition ( VERSIONID, CLASSNAME, UNIVERSEEXTENSION, UNIVERSECONDITION, DESCRIPTION, CONDWHERE, AUTOGENERATE, CONDOBJCLASS, CONDOBJECT, PROMPTTEXT, MULTISELECTION, FREETEXT, OBJ_BH_REL, ELEM_BH_REL, INHERITANCE, ORDERNRO ) values ( 'DC_E_AFG:((13))', 'AFG', 'ALL', 'Select AFG Subnetwork', 'Select AFG Subnetwork', '', 1, 'AFG', 'AFG Subnetwork', 'Select AFG Subnetwork', 1, 1, 0, 0, 0, 6 );
insert into Universecondition ( VERSIONID, CLASSNAME, UNIVERSEEXTENSION, UNIVERSECONDITION, DESCRIPTION, CONDWHERE, AUTOGENERATE, CONDOBJCLASS, CONDOBJECT, PROMPTTEXT, MULTISELECTION, FREETEXT, OBJ_BH_REL, ELEM_BH_REL, INHERITANCE, ORDERNRO ) values ( 'DC_E_AFG:((13))', 'AFG', 'ALL', 'Select AFG name', 'Select AFG name', '', 1, 'AFG', 'AFG name', 'Select AFG name', 1, 1, 0, 0, 0, 0 );
insert into Universecondition ( VERSIONID, CLASSNAME, UNIVERSEEXTENSION, UNIVERSECONDITION, DESCRIPTION, CONDWHERE, AUTOGENERATE, CONDOBJCLASS, CONDOBJECT, PROMPTTEXT, MULTISELECTION, FREETEXT, OBJ_BH_REL, ELEM_BH_REL, INHERITANCE, ORDERNRO ) values ( 'DC_E_AFG:((13))', 'AFG', 'ALL', 'Select AFG type', 'Select AFG type', '', 1, 'AFG', 'AFG type', 'Select AFG type', 1, 1, 0, 0, 0, 3 );
insert into Universecondition ( VERSIONID, CLASSNAME, UNIVERSEEXTENSION, UNIVERSECONDITION, DESCRIPTION, CONDWHERE, AUTOGENERATE, CONDOBJCLASS, CONDOBJECT, PROMPTTEXT, MULTISELECTION, FREETEXT, OBJ_BH_REL, ELEM_BH_REL, INHERITANCE, ORDERNRO ) values ( 'DC_E_AFG:((13))', 'AFG', 'ALL', 'Select AFG version', 'Select AFG version', '', 1, 'AFG', 'AFG version', 'Select AFG version', 1, 1, 0, 0, 0, 4 );
insert into Universecondition ( VERSIONID, CLASSNAME, UNIVERSEEXTENSION, UNIVERSECONDITION, DESCRIPTION, CONDWHERE, AUTOGENERATE, CONDOBJCLASS, CONDOBJECT, PROMPTTEXT, MULTISELECTION, FREETEXT, OBJ_BH_REL, ELEM_BH_REL, INHERITANCE, ORDERNRO ) values ( 'DC_E_AFG:((13))', 'AFG', 'ALL', 'Select OSS Id', 'Select OSS Id', '', 1, 'AFG', 'OSS Id', 'Select OSS Id', 1, 1, 0, 0, 0, 2 );
insert into Universecondition ( VERSIONID, CLASSNAME, UNIVERSEEXTENSION, UNIVERSECONDITION, DESCRIPTION, CONDWHERE, AUTOGENERATE, CONDOBJCLASS, CONDOBJECT, PROMPTTEXT, MULTISELECTION, FREETEXT, OBJ_BH_REL, ELEM_BH_REL, INHERITANCE, ORDERNRO ) values ( 'DC_E_AFG:((13))', 'DC_E_AFG_AGG_PROXY_Keys', 'ALL', 'Select NODE_NAME', 'Select NODE_NAME', '', 1, 'DC_E_AFG_AGG_PROXY_Keys', 'NODE_NAME', 'Select NODE_NAME', 1, 1, 0, 0, 0, 1 );
insert into Universecondition ( VERSIONID, CLASSNAME, UNIVERSEEXTENSION, UNIVERSECONDITION, DESCRIPTION, CONDWHERE, AUTOGENERATE, CONDOBJCLASS, CONDOBJECT, PROMPTTEXT, MULTISELECTION, FREETEXT, OBJ_BH_REL, ELEM_BH_REL, INHERITANCE, ORDERNRO ) values ( 'DC_E_AFG:((13))', 'DC_E_AFG_AGG_PROXY_Keys', 'ALL', 'Select OSS_ID', 'Select OSS_ID', '', 1, 'DC_E_AFG_AGG_PROXY_Keys', 'OSS_ID', 'Select OSS_ID', 1, 1, 0, 0, 0, 0 );
insert into Universecondition ( VERSIONID, CLASSNAME, UNIVERSEEXTENSION, UNIVERSECONDITION, DESCRIPTION, CONDWHERE, AUTOGENERATE, CONDOBJCLASS, CONDOBJECT, PROMPTTEXT, MULTISELECTION, FREETEXT, OBJ_BH_REL, ELEM_BH_REL, INHERITANCE, ORDERNRO ) values ( 'DC_E_AFG:((13))', 'DC_E_AFG_BOOTSTRAP_FUNC_Keys', 'ALL', 'Select NODE_NAME', 'Select NODE_NAME', '', 1, 'DC_E_AFG_BOOTSTRAP_FUNC_Keys', 'NODE_NAME', 'Select NODE_NAME', 1, 1, 0, 0, 0, 1 );
insert into Universecondition ( VERSIONID, CLASSNAME, UNIVERSEEXTENSION, UNIVERSECONDITION, DESCRIPTION, CONDWHERE, AUTOGENERATE, CONDOBJCLASS, CONDOBJECT, PROMPTTEXT, MULTISELECTION, FREETEXT, OBJ_BH_REL, ELEM_BH_REL, INHERITANCE, ORDERNRO ) values ( 'DC_E_AFG:((13))', 'DC_E_AFG_BOOTSTRAP_FUNC_Keys', 'ALL', 'Select OSS_ID', 'Select OSS_ID', '', 1, 'DC_E_AFG_BOOTSTRAP_FUNC_Keys', 'OSS_ID', 'Select OSS_ID', 1, 1, 0, 0, 0, 0 );
insert into Universecondition ( VERSIONID, CLASSNAME, UNIVERSEEXTENSION, UNIVERSECONDITION, DESCRIPTION, CONDWHERE, AUTOGENERATE, CONDOBJCLASS, CONDOBJECT, PROMPTTEXT, MULTISELECTION, FREETEXT, OBJ_BH_REL, ELEM_BH_REL, INHERITANCE, ORDERNRO ) values ( 'DC_E_AFG:((13))', 'DC_E_AFG_DIAMETER_Keys', 'ALL', 'Select NODE_NAME', 'Select NODE_NAME', '', 1, 'DC_E_AFG_DIAMETER_Keys', 'NODE_NAME', 'Select NODE_NAME', 1, 1, 0, 0, 0, 1 );
insert into Universecondition ( VERSIONID, CLASSNAME, UNIVERSEEXTENSION, UNIVERSECONDITION, DESCRIPTION, CONDWHERE, AUTOGENERATE, CONDOBJCLASS, CONDOBJECT, PROMPTTEXT, MULTISELECTION, FREETEXT, OBJ_BH_REL, ELEM_BH_REL, INHERITANCE, ORDERNRO ) values ( 'DC_E_AFG:((13))', 'DC_E_AFG_DIAMETER_Keys', 'ALL', 'Select OSS_ID', 'Select OSS_ID', '', 1, 'DC_E_AFG_DIAMETER_Keys', 'OSS_ID', 'Select OSS_ID', 1, 1, 0, 0, 0, 0 );
insert into Universecondition ( VERSIONID, CLASSNAME, UNIVERSEEXTENSION, UNIVERSECONDITION, DESCRIPTION, CONDWHERE, AUTOGENERATE, CONDOBJCLASS, CONDOBJECT, PROMPTTEXT, MULTISELECTION, FREETEXT, OBJ_BH_REL, ELEM_BH_REL, INHERITANCE, ORDERNRO ) values ( 'DC_E_AFG:((13))', 'DC_E_AFG_OPENID_CONN_Keys', 'ALL', 'Select NODE_NAME', 'Select NODE_NAME', '', 1, 'DC_E_AFG_OPENID_CONN_Keys', 'NODE_NAME', 'Select NODE_NAME', 1, 1, 0, 0, 0, 1 );
insert into Universecondition ( VERSIONID, CLASSNAME, UNIVERSEEXTENSION, UNIVERSECONDITION, DESCRIPTION, CONDWHERE, AUTOGENERATE, CONDOBJCLASS, CONDOBJECT, PROMPTTEXT, MULTISELECTION, FREETEXT, OBJ_BH_REL, ELEM_BH_REL, INHERITANCE, ORDERNRO ) values ( 'DC_E_AFG:((13))', 'DC_E_AFG_OPENID_CONN_Keys', 'ALL', 'Select OSS_ID', 'Select OSS_ID', '', 1, 'DC_E_AFG_OPENID_CONN_Keys', 'OSS_ID', 'Select OSS_ID', 1, 1, 0, 0, 0, 0 );
insert into Universecondition ( VERSIONID, CLASSNAME, UNIVERSEEXTENSION, UNIVERSECONDITION, DESCRIPTION, CONDWHERE, AUTOGENERATE, CONDOBJCLASS, CONDOBJECT, PROMPTTEXT, MULTISELECTION, FREETEXT, OBJ_BH_REL, ELEM_BH_REL, INHERITANCE, ORDERNRO ) values ( 'DC_E_AFG:((13))', 'DC_E_AFG_SYSTEM_Keys', 'ALL', 'Select NODE_NAME', 'Select NODE_NAME', '', 1, 'DC_E_AFG_SYSTEM_Keys', 'NODE_NAME', 'Select NODE_NAME', 1, 1, 0, 0, 0, 1 );
insert into Universecondition ( VERSIONID, CLASSNAME, UNIVERSEEXTENSION, UNIVERSECONDITION, DESCRIPTION, CONDWHERE, AUTOGENERATE, CONDOBJCLASS, CONDOBJECT, PROMPTTEXT, MULTISELECTION, FREETEXT, OBJ_BH_REL, ELEM_BH_REL, INHERITANCE, ORDERNRO ) values ( 'DC_E_AFG:((13))', 'DC_E_AFG_SYSTEM_Keys', 'ALL', 'Select OSS_ID', 'Select OSS_ID', '', 1, 'DC_E_AFG_SYSTEM_Keys', 'OSS_ID', 'Select OSS_ID', 1, 1, 0, 0, 0, 0 );
insert into Universecondition ( VERSIONID, CLASSNAME, UNIVERSEEXTENSION, UNIVERSECONDITION, DESCRIPTION, CONDWHERE, AUTOGENERATE, CONDOBJCLASS, CONDOBJECT, PROMPTTEXT, MULTISELECTION, FREETEXT, OBJ_BH_REL, ELEM_BH_REL, INHERITANCE, ORDERNRO ) values ( 'DC_E_AFG:((13))', 'DC_E_AFG_TRUSTEDPROXY_Keys', 'ALL', 'Select NODE_NAME', 'Select NODE_NAME', '', 1, 'DC_E_AFG_TRUSTEDPROXY_Keys', 'NODE_NAME', 'Select NODE_NAME', 1, 1, 0, 0, 0, 1 );
insert into Universecondition ( VERSIONID, CLASSNAME, UNIVERSEEXTENSION, UNIVERSECONDITION, DESCRIPTION, CONDWHERE, AUTOGENERATE, CONDOBJCLASS, CONDOBJECT, PROMPTTEXT, MULTISELECTION, FREETEXT, OBJ_BH_REL, ELEM_BH_REL, INHERITANCE, ORDERNRO ) values ( 'DC_E_AFG:((13))', 'DC_E_AFG_TRUSTEDPROXY_Keys', 'ALL', 'Select OSS_ID', 'Select OSS_ID', '', 1, 'DC_E_AFG_TRUSTEDPROXY_Keys', 'OSS_ID', 'Select OSS_ID', 1, 1, 0, 0, 0, 0 );
insert into Universecondition ( VERSIONID, CLASSNAME, UNIVERSEEXTENSION, UNIVERSECONDITION, DESCRIPTION, CONDWHERE, AUTOGENERATE, CONDOBJCLASS, CONDOBJECT, PROMPTTEXT, MULTISELECTION, FREETEXT, OBJ_BH_REL, ELEM_BH_REL, INHERITANCE, ORDERNRO ) values ( 'DC_E_AFG:((13))', 'DC_E_AFG_VIRTUAL_GATEWAY_Keys', 'ALL', 'Select NODE_NAME', 'Select NODE_NAME', '', 1, 'DC_E_AFG_VIRTUAL_GATEWAY_Keys', 'NODE_NAME', 'Select NODE_NAME', 1, 1, 0, 0, 0, 1 );
insert into Universecondition ( VERSIONID, CLASSNAME, UNIVERSEEXTENSION, UNIVERSECONDITION, DESCRIPTION, CONDWHERE, AUTOGENERATE, CONDOBJCLASS, CONDOBJECT, PROMPTTEXT, MULTISELECTION, FREETEXT, OBJ_BH_REL, ELEM_BH_REL, INHERITANCE, ORDERNRO ) values ( 'DC_E_AFG:((13))', 'DC_E_AFG_VIRTUAL_GATEWAY_Keys', 'ALL', 'Select OSS_ID', 'Select OSS_ID', '', 1, 'DC_E_AFG_VIRTUAL_GATEWAY_Keys', 'OSS_ID', 'Select OSS_ID', 1, 1, 0, 0, 0, 0 );
